sub_class,count,percent
TAG,33431,16.232738361139706
FAHFA,14719,7.1469497154621555
HexCer,10579,5.136733544389846
Tripeptides,8017,3.8927302037407503
O-DG,5770,2.80167809349933
HBMP,5764,2.7987647367296598
Hex2Cer,4791,2.326315380581506
PC,4332,2.10344358770175
O-PC,4219,2.0485753685396313
O-PE,4006,1.9451512032163458
PE,3315,1.6096296152426826
O-PG,3313,1.6086584963194592
O-PA,3227,1.5669003826208558
O-PS,3206,1.5567036339270106
O-PI,3147,1.5280556256919222
LNAPE,3045,1.478528560607532
SM,2989,1.4513372307572785
Cer,2792,1.3556820168197798
PS,2635,1.2794491813467477
PG,2554,1.2401188649562025
PI,2529,1.2279798784159108
DAG,2431,1.1803950511779673
PA,2431,1.1803950511779673
CerPE,2409,1.1697127430225105
IPC,2324,1.1284401887855187
Cer-1-P,2292,1.1129022860139453
CL,2086,1.0128770369219415
N-acyl amines,1998,0.9701478043001146
BMP,1877,0.9113951094451026
MGDG,1837,0.8919727309806359
DGTS,1832,0.8895449336725776
DGCC,1794,0.8710936741313341
DGDG,1779,0.863810282207159
Ox-PC,1571,0.7628139141919319
Ox-PE,1571,0.7628139141919319
Ox-PS,1569,0.7618427952687086
Ox-PG,1568,0.7613572358070969
Ox-PA,1566,0.7603861168838736
DHCer,1566,0.7603861168838736
Ox-PI,1566,0.7603861168838736
PhytoCer,1202,0.5836424728572261
SQDG,1115,0.5413987996970109
LNAPS,1110,0.5389710023889526
DGGA,1110,0.5389710023889526
O-SMGDG,1110,0.5389710023889526
PM,1110,0.5389710023889526
O-DGDG,1110,0.5389710023889526
O-MGDG,1110,0.5389710023889526
PEth,1110,0.5389710023889526
Amino acids,918,0.4457435857595121
MLCL,818,0.3971876395983452
C24 Bile acid esters(In-silico),774,0.3758230232874318
SHexCer,709,0.3442616582826733
Glucuronic acid conjugates(In-silico),688,0.33406490958882823
Sulfate conjugates(In-silico),688,0.33406490958882823
N-acetylhexosamine conjugates(In-silico),688,0.33406490958882823
Hexose conjugates(In-silico),688,0.33406490958882823
MePC,601,0.2918212364286131
O-MePC,594,0.2884223201973314
C24 bile acids,580,0.281624487734768
Glycine conjugates(In-silico),516,0.2505486821916212
Taurine conjugates(In-silico),516,0.2505486821916212
Dipeptides,489,0.23743857672810612
Unsaturated FA,372,0.18062811971954085
Hydroxy FA,357,0.17334472779536583
Gangliosides,335,0.1626624196399091
EOSCer,322,0.1563501466389574
Acyl carnitines,318,0.15440790879251073
Cinnamic acids,314,0.15246567094606406
Wax monoesters,289,0.14032668440577234
Acyl CoAs,283,0.1374133276361023
DLCL,259,0.12575990055742226
O-TG,257,0.12478878163419893
LPC,255,0.12381766271097559
C10 isoprenoids,231,0.11216423563229554
Flavonols,227,0.11022199778584886
C21 Steroids,221,0.10730864101617885
C15 isoprenoids,213,0.1034241653232855
Cyclic dipeptides,210,0.10196748693845048
Other benzenes,208,0.10099636801522714
1-deoxyCer,198,0.09614077339911045
Flavones,194,0.09419853555266378
LPE,189,0.09177073824460544
PIP2,185,0.08982850039815876
Prostaglandins,177,0.08594402470526541
Hex3Cer,175,0.08497290578204207
MGMG,174,0.0844873463204304
Dicarboxylic acids,172,0.08351622739720706
Sterols(In silico),170,0.08254510847398372
DGMG,166,0.08060287062753704
MAG,165,0.08011731116592538
Hydroxybenzoic acids,165,0.08011731116592538
C19 Steroids,163,0.07914619224270204
SQMG,162,0.07866063278109037
MGGA,161,0.0781750733194787
LPEth,161,0.0781750733194787
LPM,161,0.0781750733194787
MGCC,161,0.0781750733194787
MGTS,161,0.0781750733194787
Nicotinic acid alkaloids,160,0.07768951385786703
PIP3,159,0.07720395439625537
C20 isoprenoids,158,0.07671839493464369
Cholesterols,157,0.07623283547303203
Short fatty esters,157,0.07623283547303203
Chol. esters,136,0.06603608677918697
PIM1,131,0.06360828947112863
PIM2,131,0.06360828947112863
C18 Steroids,127,0.06166605162468196
Hydrocarbons,125,0.06069493270145862
Fatty alcohols,125,0.06069493270145862
Flavanones,121,0.058752694855011944
LPA,115,0.05583933808534193
PIP,113,0.05486821916211859
LPI,113,0.05486821916211859
LPS,107,0.05195486239244858
C30 isoprenoids,104,0.05049818400761357
LPG,102,0.04952706508439023
Diphenylmethanes,100,0.048555946161166895
PE-NMe2,97,0.04709926777633189
Carboxylic acids,97,0.04709926777633189
NAE,92,0.04467147046827354
Cyclic peptides,90,0.043700351545050205
O-LPC,90,0.043700351545050205
Anthocyanidins,88,0.04272923262182687
Macrolides,87,0.0422436731602152
Anthracenes and phenanthrenes,87,0.0422436731602152
PE-NMe,84,0.04078699477538019
Branched FA,84,0.04078699477538019
C40 isoprenoids,83,0.04030143531376852
Coumarins,83,0.04030143531376852
Naphthalenes,83,0.04030143531376852
Oxo FA,82,0.03981587585215685
O-LPG,82,0.03981587585215685
Other alkaloids,81,0.039330316390545184
Isoflavones,80,0.038844756928933515
Other phenols,78,0.037873638005710177
Benzoic acids,76,0.03690251908248684
Simple indole alkaloids,75,0.03641695962087517
Oxygenated hydrocarbons,74,0.0359314001592635
Purine ribonucleosides,74,0.0359314001592635
HETE,73,0.03544584069765183
Sugar acids,73,0.03544584069765183
Stilbenes,73,0.03544584069765183
LPIP3,71,0.03447472177442849
Oligopeptides,71,0.03447472177442849
LPIP2,71,0.03447472177442849
Anilides,71,0.03447472177442849
Organooxygen compounds,70,0.033989162312816824
Chlorobenzenes,64,0.031075805543146814
Phenylethylamines,64,0.031075805543146814
Isoquinoline alkaloids,63,0.030590246081535145
Fatty aldehydes,63,0.030590246081535145
Imidazole alkaloids,62,0.030104686619923476
Amines,62,0.030104686619923476
Docosanoids,61,0.029619127158311807
Hexoses,60,0.029133567696700138
Benzenesulfonyl compounds,60,0.029133567696700138
Chalcones,59,0.02864800823508847
O-LPE,59,0.02864800823508847
Ergosterols,58,0.0281624487734768
Phenylpropanes,56,0.02719132985025346
Benzoic acid esters,56,0.02719132985025346
Pyridine alkaloids,56,0.02719132985025346
Ox-LPA,56,0.02719132985025346
Ox-LPS,56,0.02719132985025346
Ox-LPG,56,0.02719132985025346
Ox-LPI,56,0.02719132985025346
Ox-LPC,56,0.02719132985025346
Ox-LPE,56,0.02719132985025346
Oxysterols,55,0.026705770388641793
Sphingoid base analogs,55,0.026705770388641793
Phthalate esters,54,0.026220210927030124
1-benzopyrans,53,0.025734651465418455
LPGP,53,0.025734651465418455
LPIP,53,0.025734651465418455
HEPE,52,0.025249092003806786
Phenol ethers,50,0.024277973080583447
Methoxyphenols,49,0.02379241361897178
Amino sugars,49,0.02379241361897178
Amino FA,49,0.02379241361897178
Other pyrimidines,49,0.02379241361897178
Stigmasterols,48,0.02330685415736011
Saturated FA,46,0.02233573523413677
Carboline alkaloids,46,0.02233573523413677
Piperidine alkaloids,45,0.021850175772525102
Polyamines,44,0.021364616310913433
Nitrobenzenes,43,0.020879056849301764
Sterols/C29 Bile acids(In-silico),42,0.020393497387690095
Sterols/C27 Bile acids(In-silico),42,0.020393497387690095
Flavanols,42,0.020393497387690095
Sterols/C26 Bile acids(In-silico),42,0.020393497387690095
Sterols/C25 Bile acids(In-silico),42,0.020393497387690095
Sterols/C28 Bile acids(In-silico),42,0.020393497387690095
Diphenylethers,41,0.019907937926078426
Leukotrienes,40,0.019422378464466757
Dialkyl ethers,40,0.019422378464466757
Toluenes,40,0.019422378464466757
Anilines,40,0.019422378464466757
Biphenyls,39,0.018936819002855088
Oxidized FA,39,0.018936819002855088
N-phenylureas,38,0.01845125954124342
LPIM1,38,0.01845125954124342
LPIM2,38,0.01845125954124342
Benzophenones,37,0.01796570007963175
Sterols/C22 Bile acids(In-silico),36,0.01748014061802008
Sterols/C23 Bile acids(In-silico),36,0.01748014061802008
Sterols/C24 Bile acids(In-silico),36,0.01748014061802008
C27 bile acids,36,0.01748014061802008
Morphinan alkaloids,35,0.016994581156408412
O-LPA,35,0.016994581156408412
PPA,35,0.016994581156408412
Acridone alkaloids,35,0.016994581156408412
O-LPI,34,0.016509021694796743
Ketones,34,0.016509021694796743
Aralkylamines,33,0.016023462233185074
Xanthines,33,0.016023462233185074
Indolecarboxylic acids,33,0.016023462233185074
O-LPS,33,0.016023462233185074
Phosphate esters,33,0.016023462233185074
Benzodiazepine alkaloids,32,0.015537902771573407
Inositols,32,0.015537902771573407
Beta lactams,32,0.015537902771573407
Glucosinolates,31,0.015052343309961738
Purine rNMP,31,0.015052343309961738
Tropane alkaloids,31,0.015052343309961738
Retinoids,31,0.015052343309961738
Pyrimidine rNDP,31,0.015052343309961738
Piperazines,31,0.015052343309961738
Naphthalenes and naphthoquinones,30,0.014566783848350069
Primary amides,30,0.014566783848350069
Other Isoprenoids,30,0.014566783848350069
Pyrimidine ribonucleosides,30,0.014566783848350069
Quinazoline alkaloids,30,0.014566783848350069
Guanidines,30,0.014566783848350069
Other carbonyl compounds,30,0.014566783848350069
Ubiquinones,29,0.0140812243867384
Cardanolides,29,0.0140812243867384
Benzenesulfonamides,29,0.0140812243867384
Benzenesulfonic acids,29,0.0140812243867384
Macrolactams,29,0.0140812243867384
Disaccharides,28,0.01359566492512673
Tricarboxylic acids,28,0.01359566492512673
Catechols,28,0.01359566492512673
Isoprostanes,27,0.013110105463515062
Quinoline alkaloids,27,0.013110105463515062
Heteroaromatic compounds,27,0.013110105463515062
Betalains,27,0.013110105463515062
Xanthones,27,0.013110105463515062
Sugar alcohols,27,0.013110105463515062
Vitamin D3,27,0.013110105463515062
Carbazole alkaloids,27,0.013110105463515062
Hybrid peptides,26,0.012624546001903393
Hexose phosphates,26,0.012624546001903393
Carbonyl compounds,25,0.012138986540291724
Phenazine alkaloids,25,0.012138986540291724
Penicillins,25,0.012138986540291724
Pyrazines,25,0.012138986540291724
Phenoxy compounds,25,0.012138986540291724
Benzofurans,25,0.012138986540291724
Furanocoumarins,25,0.012138986540291724
Thiophosphoric acid esters,24,0.011653427078680055
Phenylsulfates,24,0.011653427078680055
Tertiary amines,24,0.011653427078680055
Cyclitols,24,0.011653427078680055
Thiazoles,24,0.011653427078680055
Gamma butyrolactones,24,0.011653427078680055
Pentoses,24,0.011653427078680055
Ureas,24,0.011653427078680055
Furanones,23,0.011167867617068386
Anisoles,23,0.011167867617068386
Aporphine alkaloids,23,0.011167867617068386
Pyrimidones,23,0.011167867617068386
Naphthols,23,0.011167867617068386
Tryptamines,23,0.011167867617068386
Other purines,22,0.010682308155456717
Other Quinones and hydroquinones,22,0.010682308155456717
Imidazolidines,22,0.010682308155456717
Benzothiazoles,22,0.010682308155456717
Phenoxyacetic acids,22,0.010682308155456717
Morpholines,22,0.010682308155456717
Acetophenones,22,0.010682308155456717
Hypoxanthines,21,0.010196748693845048
Aryl ketones,21,0.010196748693845048
Wax diesters,21,0.010196748693845048
Barbituric acid derivatives,21,0.010196748693845048
Pterins,21,0.010196748693845048
Aminobenzoic acids,21,0.010196748693845048
Pentose phosphates,21,0.010196748693845048
Oligosaccharides,21,0.010196748693845048
Benzodioxoles,21,0.010196748693845048
Other flavonoids,20,0.009711189232233379
Hippuric acids,20,0.009711189232233379
Pyranones,20,0.009711189232233379
Indolines,20,0.009711189232233379
Beta hydroxy acids,20,0.009711189232233379
Bufanolides,20,0.009711189232233379
Bromodiphenyl ethers,20,0.009711189232233379
Phenylalanine-derived alkaloids,20,0.009711189232233379
EpETrE,19,0.00922562977062171
Benzoyl derivatives,19,0.00922562977062171
Flavanonols,19,0.00922562977062171
Ergot alkaloids,19,0.00922562977062171
Phenothiazines,19,0.00922562977062171
Fluorenes,19,0.00922562977062171
Cytochalasan alkaloids,19,0.00922562977062171
Rotenoids,19,0.00922562977062171
Resorcinols,19,0.00922562977062171
Sphingosines,19,0.00922562977062171
Hydroxybenzaldehydes,19,0.00922562977062171
Organosulfonic acids,19,0.00922562977062171
Aldehydes,19,0.00922562977062171
Solanidines and alkaloid derivatives,19,0.00922562977062171
Organochlorides,19,0.00922562977062171
HODE,18,0.00874007030901004
"1,3,5-triazines",18,0.00874007030901004
Aspidosperma type,18,0.00874007030901004
O-LPIP,18,0.00874007030901004
Tannins,18,0.00874007030901004
Ethers,18,0.00874007030901004
Diribonucleotides,18,0.00874007030901004
O-LPGP,18,0.00874007030901004
Purine rNDP,18,0.00874007030901004
Benzimidazoles,18,0.00874007030901004
HETrE,17,0.008254510847398372
Pyrimidine rNMP,17,0.008254510847398372
Depsides and depsidones,17,0.008254510847398372
Tetracyclines,17,0.008254510847398372
Other Eicosanoids,17,0.008254510847398372
Hydropyridines,17,0.008254510847398372
Cyanogenic glycosides,17,0.008254510847398372
3-Alkylindoles,17,0.008254510847398372
Fatty lactones,17,0.008254510847398372
Halogenated FA,17,0.008254510847398372
Short-chain keto acids,17,0.008254510847398372
Other indoles,17,0.008254510847398372
Halophenols,16,0.007768951385786703
Glycosyl compounds,16,0.007768951385786703
Thromboxanes,16,0.007768951385786703
Benzenetriols,16,0.007768951385786703
Pyrazoles,16,0.007768951385786703
Trifluoromethylbenzenes,16,0.007768951385786703
Aminophenols,16,0.007768951385786703
Purine deoxyribonucleosides,16,0.007768951385786703
Fatty acyl glycosides,16,0.007768951385786703
Dichlorobenzenes,16,0.007768951385786703
Dideoxyribonucleotides,16,0.007768951385786703
Fatty acyl homoserine lactones,16,0.007768951385786703
Protoberberine alkaloids,15,0.007283391924175034
Vitamin E,15,0.007283391924175034
Nitrophenols,15,0.007283391924175034
Sphinganines,15,0.007283391924175034
Acyl cholines,15,0.007283391924175034
Pterocarpans,15,0.007283391924175034
Corynanthean-type alkaloids,15,0.007283391924175034
Medium-chain keto acids,15,0.007283391924175034
Benzodiazines,15,0.007283391924175034
Phenylquinolines,15,0.007283391924175034
Quaternary ammonium salts,15,0.007283391924175034
Isoindolines,15,0.007283391924175034
Oximes,14,0.006797832462563365
Isoflavonoids,14,0.006797832462563365
HpODE,14,0.006797832462563365
Delta valerolactones,14,0.006797832462563365
Polyols,14,0.006797832462563365
Nitriles,14,0.006797832462563365
Neoflavonoids,14,0.006797832462563365
Organic phosphonic acids,14,0.006797832462563365
Dibenzazepines,14,0.006797832462563365
Amarylidaceae alkaloids,14,0.006797832462563365
Furanoid lignans,14,0.006797832462563365
Imidazoles,14,0.006797832462563365
TCA acids,14,0.006797832462563365
Lactones,14,0.006797832462563365
Lyso-SM,14,0.006797832462563365
Beta-keto acids,13,0.006312273000951696
Thiazole alkaloids,13,0.006312273000951696
Phenanthrols,13,0.006312273000951696
Phenylpiperidines,13,0.006312273000951696
Porphyrins,13,0.006312273000951696
Cumenes,13,0.006312273000951696
Perfluoroalkyl carboxylic acids,13,0.006312273000951696
Organic phosphoric acids,13,0.006312273000951696
"1,2-aminoalcohols",13,0.006312273000951696
Monosaccharide phosphates,13,0.006312273000951696
Triazoles,13,0.006312273000951696
Other Octadecanoids,13,0.006312273000951696
Isoflavanones,13,0.006312273000951696
Quinolizidine alkaloids,13,0.006312273000951696
Pyrrolines,13,0.006312273000951696
Phenylacetic acids,13,0.006312273000951696
Pyrrolidine alkaloids,13,0.006312273000951696
Dithiophosphate esters,13,0.006312273000951696
O-MG,12,0.005826713539340027
Alkylthiols,12,0.005826713539340027
Indolizidine alkaloids,12,0.005826713539340027
Hydroquinolones,12,0.005826713539340027
Other organonitrogen compounds,12,0.005826713539340027
Perfluoroalkyl sulfonic acids,12,0.005826713539340027
Pyrimidine deoxyribonucleosides,12,0.005826713539340027
Pyrroloindole alkaloids,12,0.005826713539340027
Jasmonic acids,12,0.005826713539340027
Isoflavans,12,0.005826713539340027
Arylsulfates,12,0.005826713539340027
DiHODE,12,0.005826713539340027
Thia FA,12,0.005826713539340027
Cyclohexanones,12,0.005826713539340027
Bilirubins,12,0.005826713539340027
Benzylethers,12,0.005826713539340027
Dialkylthioethers,12,0.005826713539340027
Carbocyclic FA,12,0.005826713539340027
Diarylethers,12,0.005826713539340027
Aryl thioethers,12,0.005826713539340027
EpODE,12,0.005826713539340027
Strychnos alkaloids,12,0.005826713539340027
Benzamides,12,0.005826713539340027
Monoalkyl phosphates,11,0.005341154077728358
Tetrahydrofolic acids,11,0.005341154077728358
Benzothiadiazines,11,0.005341154077728358
Indoleacetic acids,11,0.005341154077728358
Alkyl-phenylketones,11,0.005341154077728358
Benzyloxycarbonyls,11,0.005341154077728358
N-alkylindoles,11,0.005341154077728358
Tetracenequinones,11,0.005341154077728358
Benzyl alcohols,11,0.005341154077728358
Chromones,11,0.005341154077728358
Acylaminobenzoic acids,11,0.005341154077728358
C25 isoprenoids,11,0.005341154077728358
Pteridines,11,0.005341154077728358
Pyrrolizidine alkaloids,11,0.005341154077728358
Polyprenylphenols,11,0.005341154077728358
Cresols,11,0.005341154077728358
Halopyridines,11,0.005341154077728358
Pyrroloquinoline alkaloids,11,0.005341154077728358
Azobenzenes,11,0.005341154077728358
Cyanides,11,0.005341154077728358
Aminopurines,11,0.005341154077728358
Benzyl cyanides,10,0.004855594616116689
N-arylamides,10,0.004855594616116689
"1,2-diols",10,0.004855594616116689
Angucyclines,10,0.004855594616116689
Sphingoid base 1-P,10,0.004855594616116689
Phenol esters,10,0.004855594616116689
Other aromatic polyketides,10,0.004855594616116689
Linear polyketides,10,0.004855594616116689
Clavulones,10,0.004855594616116689
Phenylpropylamines,10,0.004855594616116689
Pyrrolidines,10,0.004855594616116689
Bisphenols,10,0.004855594616116689
Cinchona alkaloids,10,0.004855594616116689
Amino acid amides,10,0.004855594616116689
Short-chain aldehydes,10,0.004855594616116689
Furoic acid derivatives,10,0.004855594616116689
Isocoumarins,10,0.004855594616116689
Indanes,10,0.004855594616116689
Aminoquinolines,9,0.00437003515450502
Alcohols and polyols,9,0.00437003515450502
HODA,9,0.00437003515450502
Nitrogen mustard compounds,9,0.00437003515450502
Vitamin K,9,0.00437003515450502
Lipoxins,9,0.00437003515450502
Aminopyrimidines,9,0.00437003515450502
Imidazole ribonucleosides and ribonucleotides,9,0.00437003515450502
Indole-Diterpenoid alkaloids,9,0.00437003515450502
Linear diarylheptanoids,9,0.00437003515450502
Biopterins,9,0.00437003515450502
Phenylpiperazines,9,0.00437003515450502
Dialkyl phosphates,9,0.00437003515450502
Tertiary alcohols,9,0.00437003515450502
Polyethylene glycols,9,0.00437003515450502
Gamma-keto acids,9,0.00437003515450502
Lignan lactones,9,0.00437003515450502
Epoxides,9,0.00437003515450502
Aflatoxins,9,0.00437003515450502
Cyclohexylamines,9,0.00437003515450502
Cephalosporins,9,0.00437003515450502
Thioureas,9,0.00437003515450502
Tetrapyrroles,9,0.00437003515450502
HpOTrE,9,0.00437003515450502
Chlorophenols,9,0.00437003515450502
Heterocyclic FA,9,0.00437003515450502
Amphetamines,9,0.00437003515450502
Phosphonic acid esters,9,0.00437003515450502
Isothiocyanates,9,0.00437003515450502
Carbamates,9,0.00437003515450502
Coumestan flavonoids,9,0.00437003515450502
Vinyl chlorides,9,0.00437003515450502
Lignans,9,0.00437003515450502
Monosaccharides,8,0.0038844756928933517
Secondary alcohols,8,0.0038844756928933517
Metallotetrapyrroles,8,0.0038844756928933517
Methoxy FA,8,0.0038844756928933517
Piperidinones,8,0.0038844756928933517
Purine dNMP,8,0.0038844756928933517
Thiolanes,8,0.0038844756928933517
Pyridine carboxylic acids,8,0.0038844756928933517
Tetracarboxylic acids,8,0.0038844756928933517
Naphthopyrans,8,0.0038844756928933517
Spirostanols,8,0.0038844756928933517
Thiophenes,8,0.0038844756928933517
Nitrofurans,8,0.0038844756928933517
HOME,8,0.0038844756928933517
Hydroxyquinolones,8,0.0038844756928933517
HOTrE,8,0.0038844756928933517
Triazinones,8,0.0038844756928933517
Aryl aldehydes,8,0.0038844756928933517
2-benzopyrans,8,0.0038844756928933517
Hydrazines,8,0.0038844756928933517
HpOME,8,0.0038844756928933517
Benzoxazinones,8,0.0038844756928933517
Phenylbutylamines,8,0.0038844756928933517
Sulfinylbenzimidazoles,8,0.0038844756928933517
EpOME,8,0.0038844756928933517
Benzophenanthridine alkaloids,8,0.0038844756928933517
Short-chain acids,8,0.0038844756928933517
Benzoquinolines,8,0.0038844756928933517
Sulfonic acids,8,0.0038844756928933517
Styrenes,8,0.0038844756928933517
Sulfonylureas,8,0.0038844756928933517
Folic acids,8,0.0038844756928933517
Ecdysones,8,0.0038844756928933517
Purine rNTP,7,0.0033989162312816827
Pyrrolizines,7,0.0033989162312816827
Sulfuric acid esters,7,0.0033989162312816827
Anthracyclines,7,0.0033989162312816827
Enones,7,0.0033989162312816827
Alpha-keto acids,7,0.0033989162312816827
DiHOME,7,0.0033989162312816827
Aminocyclitols,7,0.0033989162312816827
Phenylpropenes,7,0.0033989162312816827
Amino acid esters,7,0.0033989162312816827
Naphthofurans,7,0.0033989162312816827
Furanoquinolines,7,0.0033989162312816827
O-PC/O-PE,7,0.0033989162312816827
Cyclic ketones,7,0.0033989162312816827
Thiocarbamic acid derivatives,7,0.0033989162312816827
N-nitroso compounds,7,0.0033989162312816827
Pyranocoumarins,7,0.0033989162312816827
Azaspirodecanes,7,0.0033989162312816827
Tetrahydropyridines,7,0.0033989162312816827
Polychlorinated biphenyls,7,0.0033989162312816827
Tyrosols,7,0.0033989162312816827
Lipopeptides,7,0.0033989162312816827
Pyrrolidones,7,0.0033989162312816827
Piperidines,7,0.0033989162312816827
Phenylpyrroles,7,0.0033989162312816827
Indolyl carboxylic acids,7,0.0033989162312816827
Vitamin D2,6,0.0029133567696700137
Halobenzoic acids,6,0.0029133567696700137
C21 steroids,6,0.0029133567696700137
Thiazolidines,6,0.0029133567696700137
Benzotriazoles,6,0.0029133567696700137
Benzonitriles,6,0.0029133567696700137
Curcuminoids,6,0.0029133567696700137
Halopyrimidines,6,0.0029133567696700137
KODE,6,0.0029133567696700137
Polyhalopyridines,6,0.0029133567696700137
KODA,6,0.0029133567696700137
Benzodiazepines,6,0.0029133567696700137
Isoindolones,6,0.0029133567696700137
Purine rNPolyP,6,0.0029133567696700137
Chrysenes,6,0.0029133567696700137
Cyclohexanols,6,0.0029133567696700137
Butyrophenones,6,0.0029133567696700137
TriHOME,6,0.0029133567696700137
Dolichols,6,0.0029133567696700137
Furans,6,0.0029133567696700137
Indanones,6,0.0029133567696700137
Benzoxazolones,6,0.0029133567696700137
Quinoline carboxylic acids,6,0.0029133567696700137
Alpha hydroxy acids,6,0.0029133567696700137
Quinolines,6,0.0029133567696700137
Aminotriazines,6,0.0029133567696700137
Bisphosphonates,6,0.0029133567696700137
Nicotinamide dinucleotides,6,0.0029133567696700137
Phenylpyrazoles,6,0.0029133567696700137
Benzoquinones,6,0.0029133567696700137
Thiazolines,6,0.0029133567696700137
Trialkylamines,6,0.0029133567696700137
Alkylaminopurines,6,0.0029133567696700137
Sulfoxides,6,0.0029133567696700137
Dibenzylbutane lignans,6,0.0029133567696700137
Phenoxazines,6,0.0029133567696700137
Pyrimidine dNDP,6,0.0029133567696700137
Phenylcarbamic acid esters,5,0.0024277973080583447
Pyrrole alkaloids,5,0.0024277973080583447
Benzothiazines,5,0.0024277973080583447
Tetrazoles,5,0.0024277973080583447
Benzoxazines,5,0.0024277973080583447
Cholines,5,0.0024277973080583447
Phthalic acids,5,0.0024277973080583447
Arylnaphthalene lignans,5,0.0024277973080583447
Other nucleic acids,5,0.0024277973080583447
Primary alcohols,5,0.0024277973080583447
Pyrazinecarboxamides,5,0.0024277973080583447
Polyprenols,5,0.0024277973080583447
Benzylpiperidines,5,0.0024277973080583447
PC/PE,5,0.0024277973080583447
Phenylpyridines,5,0.0024277973080583447
Aryl alkyl ketones,5,0.0024277973080583447
Phenylpyruvic acids,5,0.0024277973080583447
12-oxophytodienoic acids,5,0.0024277973080583447
C20 ispoprenoids,5,0.0024277973080583447
Oxepanes,5,0.0024277973080583447
Phytosphingosines,5,0.0024277973080583447
Hydroxybenzoic acid esters,5,0.0024277973080583447
Dibenzocycloheptenes,5,0.0024277973080583447
Flavins,5,0.0024277973080583447
Organothiophosphorus compounds,5,0.0024277973080583447
Dibenzofurans,5,0.0024277973080583447
Aryltetralin lignans,5,0.0024277973080583447
Acyl-Cer,5,0.0024277973080583447
Dihydropyridine carboxylic acids,5,0.0024277973080583447
Nitrobenzoic acids,5,0.0024277973080583447
Organic carbonic acids,5,0.0024277973080583447
"Allyl-type 1,3-dipolar organic compounds",5,0.0024277973080583447
Dialkylarylamines,5,0.0024277973080583447
Haloquinolines,5,0.0024277973080583447
Isoindole alkaloids,5,0.0024277973080583447
Organoarsenic compounds,5,0.0024277973080583447
Indoloquinolines,5,0.0024277973080583447
Nitro FA,5,0.0024277973080583447
Fluorobenzenes,5,0.0024277973080583447
Tetrahydrofuran lignans,5,0.0024277973080583447
Amino disaccharides,5,0.0024277973080583447
Quinazolinamines,5,0.0024277973080583447
Cobalamins,5,0.0024277973080583447
N-aliphatic s-triazines,4,0.0019422378464466759
Brassinolides,4,0.0019422378464466759
Dialkyldisulfides,4,0.0019422378464466759
Yohimbine-like alkaloids,4,0.0019422378464466759
Naphthyridines,4,0.0019422378464466759
Hydroquinolines,4,0.0019422378464466759
Dialkylamines,4,0.0019422378464466759
Aliphatic acyclic compounds,4,0.0019422378464466759
Biotins,4,0.0019422378464466759
Naphthopyranones,4,0.0019422378464466759
Quinoxalines,4,0.0019422378464466759
Perfluorooctane sulfonic acids,4,0.0019422378464466759
Phenanthrolines,4,0.0019422378464466759
Sulfones,4,0.0019422378464466759
EpODA,4,0.0019422378464466759
Phenylpyrrolidines,4,0.0019422378464466759
Aminopyridines,4,0.0019422378464466759
Salicylamides,4,0.0019422378464466759
Substituted pyrroles,4,0.0019422378464466759
Isoquinolones,4,0.0019422378464466759
"Flavans, Flavanols and Leucoanthocyanidins",4,0.0019422378464466759
Benzazepines,4,0.0019422378464466759
Isocoumarans,4,0.0019422378464466759
Bactoprenols,4,0.0019422378464466759
Isobenzofuranones,4,0.0019422378464466759
Nitro compounds,4,0.0019422378464466759
Xylenes,4,0.0019422378464466759
Anthranilic acid alkaloids,4,0.0019422378464466759
Pyrimidine dNTP,4,0.0019422378464466759
"2,4,5-trisubstituted oxazoles",4,0.0019422378464466759
Caprolactams,4,0.0019422378464466759
Hepoxilins,4,0.0019422378464466759
Thiadiazoles,4,0.0019422378464466759
Thiamines,4,0.0019422378464466759
Oxazoles,4,0.0019422378464466759
Cycloartanols,4,0.0019422378464466759
Carboximidic acids,4,0.0019422378464466759
Organic disulfides,4,0.0019422378464466759
C19 steroids,4,0.0019422378464466759
Triphenyl compounds,4,0.0019422378464466759
C5 isoprenoids,4,0.0019422378464466759
Corrinoids,4,0.0019422378464466759
Tropolone alkaloids,4,0.0019422378464466759
Vinylogous acids,4,0.0019422378464466759
Chlorohydrins,4,0.0019422378464466759
Organofluorides,4,0.0019422378464466759
Sulfenyl compounds,3,0.0014566783848350068
Purine dNDP,3,0.0014566783848350068
Epoxy FA,3,0.0014566783848350068
Dithianes,3,0.0014566783848350068
Sulfates,3,0.0014566783848350068
Dithioacetals,3,0.0014566783848350068
Furopyrans,3,0.0014566783848350068
TriHODE,3,0.0014566783848350068
1-benzothiopyrans,3,0.0014566783848350068
Fatty ethers,3,0.0014566783848350068
Organic hydroxylamines,3,0.0014566783848350068
Benzofuranones,3,0.0014566783848350068
Furostanes,3,0.0014566783848350068
Carbothioic S-acids,3,0.0014566783848350068
Trialkyl phosphates,3,0.0014566783848350068
Pyrrolopyrimidines,3,0.0014566783848350068
Coumarans,3,0.0014566783848350068
Flavonolignans,3,0.0014566783848350068
Tetroses,3,0.0014566783848350068
Triazines,3,0.0014566783848350068
Benzocycloheptapyridines,3,0.0014566783848350068
Tetrazines,3,0.0014566783848350068
Phosphates,3,0.0014566783848350068
Imidazolines,3,0.0014566783848350068
Quinazolines,3,0.0014566783848350068
Oxanes,3,0.0014566783848350068
Cytochalasins,3,0.0014566783848350068
Nitroquinolines,3,0.0014566783848350068
Oxolanes,3,0.0014566783848350068
Cyclohexyl halides,3,0.0014566783848350068
Bipyridines and oligopyridines,3,0.0014566783848350068
PGP,3,0.0014566783848350068
Pyrimidine dNMP,3,0.0014566783848350068
Thiochromanes,3,0.0014566783848350068
Purine dNTP,3,0.0014566783848350068
Oxazole alkaloids,3,0.0014566783848350068
Halomethanes,3,0.0014566783848350068
N-acylpiperidines,3,0.0014566783848350068
Aryl phosphodiesters,3,0.0014566783848350068
Dihydrofuranoquinolines,3,0.0014566783848350068
Indolocarbazoles,3,0.0014566783848350068
Pyridazinones,3,0.0014566783848350068
Thiopurines,3,0.0014566783848350068
Bromobenzenes,3,0.0014566783848350068
Acylphloroglucinols,3,0.0014566783848350068
Benzoxazoles,3,0.0014566783848350068
Anacardic acids,3,0.0014566783848350068
Metalloporphyrins,3,0.0014566783848350068
Dibenzothiophenes,3,0.0014566783848350068
Cyclic purine nucleotides,3,0.0014566783848350068
Medium-chain hydroxy acids,3,0.0014566783848350068
Alkyl aryl ethers,3,0.0014566783848350068
Dibenzoxepines,3,0.0014566783848350068
Phenyl methylcarbamates,3,0.0014566783848350068
HOTE,3,0.0014566783848350068
Sophorolipids,2,0.0009711189232233379
Trioses,2,0.0009711189232233379
Simple oxindole alkaloids,2,0.0009711189232233379
Pyrrole carboxylic acids,2,0.0009711189232233379
Saxitoxins,2,0.0009711189232233379
Pyrazine carboxylic acids,2,0.0009711189232233379
Sulfinic acids,2,0.0009711189232233379
Sulfonolipids,2,0.0009711189232233379
Unsaturated aliphatic hydrocarbons,2,0.0009711189232233379
Ureides,2,0.0009711189232233379
Pyrazolines,2,0.0009711189232233379
Pyridazines,2,0.0009711189232233379
Thioenol ethers,2,0.0009711189232233379
Thienoimidazolidines,2,0.0009711189232233379
Tetrahydrofurans,2,0.0009711189232233379
Tetrahydroisoquinoline alkaloids,2,0.0009711189232233379
Vitamin D4,2,0.0009711189232233379
Pyrimidine rNTP,2,0.0009711189232233379
Pyrroloazepines,2,0.0009711189232233379
Urethanes,2,0.0009711189232233379
"1,2,4-triazines",2,0.0009711189232233379
Prodigiosins,2,0.0009711189232233379
Levuglandins,2,0.0009711189232233379
Benzothiadiazoles,2,0.0009711189232233379
Benzopyrenes,2,0.0009711189232233379
Isoxazoles,2,0.0009711189232233379
KOTrE,2,0.0009711189232233379
Kavalactones,2,0.0009711189232233379
Benzodioxanes,2,0.0009711189232233379
Keto FA,2,0.0009711189232233379
Leucoanthocyanidins,2,0.0009711189232233379
Lignan glycosides,2,0.0009711189232233379
Organoselenium compounds,2,0.0009711189232233379
Bactoprenol monophosphates,2,0.0009711189232233379
Bactoprenol diphosphates,2,0.0009711189232233379
Azo compounds,2,0.0009711189232233379
Methyl FA,2,0.0009711189232233379
Methylpyridines,2,0.0009711189232233379
Naphthacenes,2,0.0009711189232233379
Organic oxides,2,0.0009711189232233379
Organic sulfuric acids,2,0.0009711189232233379
Benzothiazepines,2,0.0009711189232233379
Hydroxyquinolines,2,0.0009711189232233379
Hydropyrimidines,2,0.0009711189232233379
Hopanoids,2,0.0009711189232233379
Cyclopyrrolones,2,0.0009711189232233379
Cycloheptapyrans,2,0.0009711189232233379
Chlorins,2,0.0009711189232233379
Dibenzoxazepines,2,0.0009711189232233379
Cephalotaxus alkaloids,2,0.0009711189232233379
Carnitines,2,0.0009711189232233379
Fatty nitriles,2,0.0009711189232233379
Flavans,2,0.0009711189232233379
Flavin nucleotides,2,0.0009711189232233379
Furoic acid esters,2,0.0009711189232233379
Bi- and oligothiophenes,2,0.0009711189232233379
Beta-diketones,2,0.0009711189232233379
Glycinamide ribonucleotides,2,0.0009711189232233379
Glycosylamines,2,0.0009711189232233379
Glycosylglycerols,2,0.0009711189232233379
Heptoses,2,0.0009711189232233379
Homoisoflavonoids,2,0.0009711189232233379
Organic trisulfides,2,0.0009711189232233379
Long-chain alkyl amine oxides,2,0.0009711189232233379
Organosilicon compounds,2,0.0009711189232233379
1-benzylquinolines,2,0.0009711189232233379
Alkyl phosphates,2,0.0009711189232233379
Alkyl nitrates,2,0.0009711189232233379
Alkyl fluorides,2,0.0009711189232233379
Acridines,2,0.0009711189232233379
PE-NAc,2,0.0009711189232233379
Phenanthridines,2,0.0009711189232233379
Phenyl-triazoles,2,0.0009711189232233379
2-Benzimidazolylcarbamic acid esters,2,0.0009711189232233379
Phenylpyrimidines,2,0.0009711189232233379
Phenylpyrrolines,2,0.0009711189232233379
Oxathianes,2,0.0009711189232233379
Phosphoethanolamines,2,0.0009711189232233379
"1,4-dioxanes",2,0.0009711189232233379
"1,3-dioxolanes",2,0.0009711189232233379
Phthalides,2,0.0009711189232233379
Pimprinine alkaloids,2,0.0009711189232233379
"1,3-dioxanes",2,0.0009711189232233379
Polybrominated biphenyls,2,0.0009711189232233379
Polyenes,2,0.0009711189232233379
"1,2-dithiolanes",2,0.0009711189232233379
Oxazolidinediones,2,0.0009711189232233379
DiHOTrE,2,0.0009711189232233379
Ansamycins,2,0.0009711189232233379
Alkylarylthioethers,2,0.0009711189232233379
Aminopiperidines,2,0.0009711189232233379
Other acyl sugars,2,0.0009711189232233379
Organosulfur compounds,2,0.0009711189232233379
Unsaturated FA ,1,0.00048555946161166896
Biaryl type diarylheptanoids,1,0.00048555946161166896
C24 Bile acids,1,0.00048555946161166896
C23 bile acids,1,0.00048555946161166896
Bromohydrins,1,0.00048555946161166896
Thienothiazines,1,0.00048555946161166896
Thienopyridines,1,0.00048555946161166896
CDP-diacylglycerols,1,0.00048555946161166896
Withanolides,1,0.00048555946161166896
Thioaldehyde s-oxides,1,0.00048555946161166896
Arginine alkaloids,1,0.00048555946161166896
Aryl-phenylketones,1,0.00048555946161166896
C26 bile acids,1,0.00048555946161166896
Thiadiazinanes,1,0.00048555946161166896
CPA,1,0.00048555946161166896
Carbothioic S-lactones,1,0.00048555946161166896
Aryl phosphotriesters,1,0.00048555946161166896
"1,3,5-triazinanes",1,0.00048555946161166896
"1,2-oxazines",1,0.00048555946161166896
Trisubstituted amine oxides,1,0.00048555946161166896
Cinnolines,1,0.00048555946161166896
Coumaric acids,1,0.00048555946161166896
Cyclic pyrimidine nucleotides,1,0.00048555946161166896
Cyclopentanols,1,0.00048555946161166896
Trithianes,1,0.00048555946161166896
Di-O-DAG,1,0.00048555946161166896
Thioamides,1,0.00048555946161166896
1-benzothiophenes,1,0.00048555946161166896
Trioxanes,1,0.00048555946161166896
Trialkylphosphites,1,0.00048555946161166896
DiHODA,1,0.00048555946161166896
Unassigned,1,0.00048555946161166896
Acetate-derived alkaloids,1,0.00048555946161166896
Alpha-acyloxy ketones,1,0.00048555946161166896
Benzopyranoids,1,0.00048555946161166896
Acetanilides,1,0.00048555946161166896
Triazole thiones,1,0.00048555946161166896
Vinylogous amides,1,0.00048555946161166896
Benzothiophenes,1,0.00048555946161166896
Thiosulfinic acid esters,1,0.00048555946161166896
Benzotriazine organothiophosphates,1,0.00048555946161166896
Benzotriazines,1,0.00048555946161166896
Azo and Azoxy alkaloids,1,0.00048555946161166896
Aziridines,1,0.00048555946161166896
Arsenic inorganic compounds,1,0.00048555946161166896
1-phosphoribosyl-imidazoles,1,0.00048555946161166896
Thiophosphoric acid amides,1,0.00048555946161166896
Benzoxadiazoles,1,0.00048555946161166896
Benzoxepines,1,0.00048555946161166896
Azepines,1,0.00048555946161166896
Trihalomethanes,1,0.00048555946161166896
Thioglycosides,1,0.00048555946161166896
Aurones,1,0.00048555946161166896
Benzylisoquinolines,1,0.00048555946161166896
Thiocyanates,1,0.00048555946161166896
1-ribosyl-imidazole carboxamides,1,0.00048555946161166896
Dithiolanecarboxylic acids,1,0.00048555946161166896
Dialkly ethers,1,0.00048555946161166896
Pyrimidine deoxyribonucleotides,1,0.00048555946161166896
Other phenolic lipids,1,0.00048555946161166896
Pyrimidinethiones,1,0.00048555946161166896
Other Glycerophospholipids,1,0.00048555946161166896
Other GL,1,0.00048555946161166896
Other Fatty Acyls,1,0.00048555946161166896
Pyrroline carboxylic acids,1,0.00048555946161166896
Organoheterocyclic compounds,1,0.00048555946161166896
Pyrrolizidinones,1,0.00048555946161166896
Organic thiocarbonic acid derivatives,1,0.00048555946161166896
Organic sulfites,1,0.00048555946161166896
Organic nitrates,1,0.00048555946161166896
Pyrroloquinolines,1,0.00048555946161166896
Nitrogen inorganic compounds,1,0.00048555946161166896
Neolacto,1,0.00048555946161166896
Mycolic acids,1,0.00048555946161166896
Quinic acids,1,0.00048555946161166896
Monic acids,1,0.00048555946161166896
Other tyrosine alkaloids,1,0.00048555946161166896
Oxazolopyridines,1,0.00048555946161166896
Quinolones,1,0.00048555946161166896
Oxides,1,0.00048555946161166896
Polyketides,1,0.00048555946161166896
Polyamines ,1,0.00048555946161166896
Podophyllotoxins,1,0.00048555946161166896
Piperidinediones,1,0.00048555946161166896
Piperazinoazepines,1,0.00048555946161166896
Phthalazinones,1,0.00048555946161166896
Phthalazines,1,0.00048555946161166896
Pyran carboxylic acids,1,0.00048555946161166896
Pyrans,1,0.00048555946161166896
Phenylmethylamines,1,0.00048555946161166896
Phenylimidazoles,1,0.00048555946161166896
Phenylbenzimidazoles,1,0.00048555946161166896
Phenethylisoquinoline alkaloids,1,0.00048555946161166896
Perfluorooctanoic acids,1,0.00048555946161166896
Pyridine sulfonamides,1,0.00048555946161166896
Pyrimidine carboxylic acids,1,0.00048555946161166896
Oxocins,1,0.00048555946161166896
Metalloid salts,1,0.00048555946161166896
Quinuclidines,1,0.00048555946161166896
Dialkyl sulfides,1,0.00048555946161166896
Epothilones,1,0.00048555946161166896
Dithiins,1,0.00048555946161166896
Sulfenyl compoundes,1,0.00048555946161166896
Disulfides,1,0.00048555946161166896
Dipyrrins,1,0.00048555946161166896
Dioxolopyrans,1,0.00048555946161166896
Sulfites,1,0.00048555946161166896
Dihydrothiophenes,1,0.00048555946161166896
Dihydropyridines,1,0.00048555946161166896
Dihydropyridinecarboxylic acids,1,0.00048555946161166896
Dihydrofurans,1,0.00048555946161166896
Dichlorobenzoic acids,1,0.00048555946161166896
Sulfuric acid monoesters,1,0.00048555946161166896
Dibenzothiepins,1,0.00048555946161166896
Dibenzothiazepines,1,0.00048555946161166896
Dibenzodiazepines,1,0.00048555946161166896
Diazinanes,1,0.00048555946161166896
Terphenyls,1,0.00048555946161166896
Pterin carboxylates,1,0.00048555946161166896
Fentanyls,1,0.00048555946161166896
Lipoic acids,1,0.00048555946161166896
Flavonols ,1,0.00048555946161166896
Ketene acetals,1,0.00048555946161166896
Isofamides,1,0.00048555946161166896
Isocyanides,1,0.00048555946161166896
Isobenzofurans,1,0.00048555946161166896
Iodobenzenes,1,0.00048555946161166896
Indoleacrylic acids,1,0.00048555946161166896
Indenes,1,0.00048555946161166896
Imidothiolactones,1,0.00048555946161166896
Imidazolones,1,0.00048555946161166896
Harmala alkaloids,1,0.00048555946161166896
Griseofulvins,1,0.00048555946161166896
Gorgosterols,1,0.00048555946161166896
Glycinamidine ribonucleotides,1,0.00048555946161166896
Glucurono-SP,1,0.00048555946161166896
Galanthamine alkaloids,1,0.00048555946161166896
GD1a,1,0.00048555946161166896
Furospirostanols,1,0.00048555946161166896
p-Quinomethanes,1,0.00048555946161166896
