query_original,query_type,refmet_level,refmet_label,match_basis,match_confidence,review_status,n_class_rows,n_class_significant,n_class_up_significant,n_class_down_significant,class_significant_fraction,n_background_rows,n_background_significant,n_nonclass_background_rows,n_nonclass_background_significant,background_significant_fraction,enrichment_ratio,fisher_exact_p,source_systems,study_ids,source_files,example_metabolites,significance_threshold,interpretation,missing_evidence
all,enrichment,main_class,Fatty esters,refmet_hierarchy_annotation,accepted_curated,accepted_curated,41,32,27,5,0.7804878048780488,1503,467,1462,435,0.3107119095143047,2.511933984436204,4.464649711022951e-10,Metabolomics Workbench;MoTrPAC DataHub,ST004303;human-precovid-sed-adu;pass1b06,data/live/volcano_human_ST004303.csv;data/live/volcano_motrpac_human_plasma_endur_post.csv;data/live/volcano_motrpac_pass1b06_plasma_8w.csv,CAR 4:0;OH [metab-u-hilicpos]; CAR 6:0;OH [metab-u-hilicpos]; CAR 2:0 [metab-u-hilicpos]; CAR 16:0 [metab-u-hilicpos]; CAR 3:0 [metab-u-hilicpos]; CAR 18:1 [metab-u-hilicpos]; CAR 9:0 [metab-u-hilicpos]; CAR 16:2 [metab-u-hilicpos],FDR<0.05,"Fatty esters has 32/41 annotated rows significant at FDR<0.05; enrichment ratio=2.51, one-sided Fisher p=4.46e-10.",
all,enrichment,main_class,Phosphosphingolipids,refmet_hierarchy_annotation,accepted_curated,accepted_curated,25,20,20,0,0.8,1503,467,1478,447,0.3107119095143047,2.5747323340471095,5.178977320146384e-07,Metabolomics Workbench;MoTrPAC DataHub,ST004303;human-precovid-sed-adu,data/live/volcano_human_ST004303.csv;data/live/volcano_motrpac_human_plasma_endur_post.csv,SM 18:1;O2/18:1 [metab-u-hilicpos]; SM 18:1;O2/19:1 [metab-u-hilicpos]; SM 18:1;O2/22:2 [metab-u-hilicpos]; SM 18:1;O2/23:2 [metab-u-hilicpos]; SM 18:1;O2/20:2 [metab-u-hilicpos]; SM 18:1;O2/22:3 [metab-u-hilicpos]; SM 18:1;O2/19:0 [metab-u-hilicpos]; SM 18:1;O2/17:0 [metab-u-hilicpos],FDR<0.05,"Phosphosphingolipids has 20/25 annotated rows significant at FDR<0.05; enrichment ratio=2.57, one-sided Fisher p=5.18e-07.",
all,enrichment,main_class,Glycerophosphocholines,refmet_hierarchy_annotation,accepted_curated,accepted_curated,69,33,17,16,0.4782608695652174,1503,467,1434,434,0.3107119095143047,1.5392421562238154,0.0021112890156803833,Metabolomics Workbench;MoTrPAC DataHub,ST004303;human-precovid-sed-adu,data/live/volcano_human_ST004303.csv;data/live/volcano_motrpac_human_plasma_endur_post.csv,LPC 18:2 [metab-u-hilicpos]; LPC 20:5 [metab-u-hilicpos]; PC 33:1 [metab-u-hilicpos]; PC P-32:0 or PC O-32:1 [metab-u-hilicpos]; PC O-32:0 [metab-u-hilicpos]; PC O-30:0 [metab-u-hilicpos]; PC 35:3 [metab-u-hilicpos]; LPC 18:1 [metab-u-hilicpos],FDR<0.05,"Glycerophosphocholines has 33/69 annotated rows significant at FDR<0.05; enrichment ratio=1.54, one-sided Fisher p=2.11e-03.",
all,enrichment,main_class,Ceramides,refmet_hierarchy_annotation,accepted_curated,accepted_curated,15,10,10,0,0.6666666666666666,1503,467,1488,457,0.3107119095143047,2.1456102783725908,0.004662246976555435,MoTrPAC DataHub,human-precovid-sed-adu,data/live/volcano_motrpac_human_plasma_endur_post.csv,Cer 18:1;O2/18:1 [metab-u-hilicpos]; Cer 18:2;O2/23:0 [metab-u-hilicpos]; Cer 18:1;O2/18:0 [metab-u-hilicpos]; Cer 18:1;O2/20:1 [metab-u-hilicpos]; Cer 18:1;O2/24:1 [metab-u-hilicpos]; Cer 18:1;O2/16:1 [metab-u-hilicpos]; Cer 18:1;O2/15:0 [metab-u-hilicpos]; Cer 18:1;O2/19:0 [metab-u-hilicpos],FDR<0.05,"Ceramides has 10/15 annotated rows significant at FDR<0.05; enrichment ratio=2.15, one-sided Fisher p=4.66e-03.",
all,enrichment,main_class,Triradylglycerols,refmet_hierarchy_annotation,accepted_curated,accepted_curated,3,3,0,3,1.0,1503,467,1500,464,0.3107119095143047,3.2184154175588864,0.02986387400526938,MoTrPAC DataHub,human-precovid-sed-adu,data/live/volcano_motrpac_human_plasma_endur_post.csv,TG 44:2 [metab-u-hilicpos]; TG 46:2 [metab-u-hilicpos]; TG 44:1 [metab-u-hilicpos],FDR<0.05,"Triradylglycerols has 3/3 annotated rows significant at FDR<0.05; enrichment ratio=3.22, one-sided Fisher p=2.99e-02.",
all,enrichment,main_class,Steroids,refmet_hierarchy_annotation,accepted_curated,accepted_curated,17,9,2,7,0.5294117647058824,1503,467,1486,458,0.3107119095143047,1.7038669857664694,0.04890845104179838,Metabolomics Workbench;MoTrPAC DataHub,ST004303;human-precovid-sed-adu;pass1b06,data/live/volcano_human_ST004303.csv;data/live/volcano_motrpac_human_plasma_endur_post.csv;data/live/volcano_motrpac_pass1b06_plasma_8w.csv,Cortisone [metab-u-rppos]; Cortisol [metab-u-hilicpos]; Cortisol [metab-t-imm-crt]; 11-Deoxycortisol [metab-u-hilicpos]; Testosterone sulfate; Cortisol [metab-u-rppos]; epiandrosterone sulfate; cortisol,FDR<0.05,"Steroids has 9/17 annotated rows significant at FDR<0.05; enrichment ratio=1.70, one-sided Fisher p=4.89e-02.",
all,enrichment,main_class,Diradylglycerols,refmet_hierarchy_annotation,accepted_curated,accepted_curated,8,5,4,1,0.625,1503,467,1495,462,0.3107119095143047,2.011509635974304,0.06618960163900474,Metabolomics Workbench;MoTrPAC DataHub,ST004303;human-precovid-sed-adu,data/live/volcano_human_ST004303.csv;data/live/volcano_motrpac_human_plasma_endur_post.csv,DG 38:5 [metab-u-hilicpos]; DG 36:3 [metab-u-hilicpos]; DG 36:4 [metab-u-hilicpos]; DG 34:3 [metab-u-hilicpos]; DG 18:1_18:1; DG 34:1 [metab-u-hilicpos]; DG 16:0_24:6; DG 36:2 [metab-u-hilicpos],FDR<0.05,"Diradylglycerols has 5/8 annotated rows significant at FDR<0.05; enrichment ratio=2.01, one-sided Fisher p=6.62e-02.",
all,enrichment,main_class,Glycerophosphoethanolamines,refmet_hierarchy_annotation,accepted_curated,accepted_curated,37,16,7,9,0.43243243243243246,1503,467,1466,451,0.3107119095143047,1.3917472075930322,0.07748197872698644,Metabolomics Workbench;MoTrPAC DataHub,ST004303;human-precovid-sed-adu,data/live/volcano_human_ST004303.csv;data/live/volcano_motrpac_human_plasma_endur_post.csv,LPE 22:6 [metab-u-hilicpos]; PE 36:2 [metab-u-hilicpos]; LPE 22:5 [metab-u-hilicpos]; LPE 20:4 [metab-u-hilicpos]; LPE 18:1 [metab-u-hilicpos]; PE 38:6 [metab-u-hilicpos]; PE 36:3 [metab-u-hilicpos]; LPE 16:0,FDR<0.05,"Glycerophosphoethanolamines has 16/37 annotated rows significant at FDR<0.05; enrichment ratio=1.39, one-sided Fisher p=7.75e-02.",
all,enrichment,main_class,Glycerophosphates,refmet_hierarchy_annotation,accepted_curated,accepted_curated,2,2,0,2,1.0,1503,467,1501,465,0.3107119095143047,3.2184154175588864,0.09639930082141343,Metabolomics Workbench,ST004303,data/live/volcano_human_ST004303.csv,LPA 16:0; Oleoyl-L-α-lysophosphatidic acid,FDR<0.05,"Glycerophosphates has 2/2 annotated rows significant at FDR<0.05; enrichment ratio=3.22, one-sided Fisher p=9.64e-02.",small_refmet_class_n
all,enrichment,main_class,Glycerophosphoserines,refmet_hierarchy_annotation,accepted_curated,accepted_curated,2,2,2,0,1.0,1503,467,1501,465,0.3107119095143047,3.2184154175588864,0.09639930082141343,MoTrPAC DataHub,human-precovid-sed-adu,data/live/volcano_motrpac_human_plasma_endur_post.csv,PS P-36:1 or PS O-36:2 [metab-u-hilicpos]; PS P-36:2 or PS O-36:3 [metab-u-hilicpos],FDR<0.05,"Glycerophosphoserines has 2/2 annotated rows significant at FDR<0.05; enrichment ratio=3.22, one-sided Fisher p=9.64e-02.",small_refmet_class_n
all,enrichment,main_class,Purines,refmet_hierarchy_annotation,accepted_curated,accepted_curated,73,28,12,16,0.3835616438356164,1503,467,1430,439,0.3107119095143047,1.2344607081047783,0.10705106901396674,Metabolomics Workbench;MoTrPAC DataHub,ST004303;human-precovid-sed-adu;pass1b06,data/live/volcano_human_ST004303.csv;data/live/volcano_motrpac_human_plasma_endur_post.csv;data/live/volcano_motrpac_pass1b06_plasma_8w.csv,"1-Methyluric acid [metab-u-hilicpos]; Xanthine [metab-u-hilicpos]; Xanthine [metab-u-ionpneg]; 1-Methyladenosine [metab-u-hilicpos]; Deoxyguanosine [metab-u-rppos]; 7-Methylxanthine [metab-u-hilicpos]; Theophylline; 1,3,7-trimethyl-2,3,6,7-tetrahydro-1H-purine-2,6-dione",FDR<0.05,"Purines has 28/73 annotated rows significant at FDR<0.05; enrichment ratio=1.23, one-sided Fisher p=1.07e-01.",
all,enrichment,main_class,Lysine alkaloids,refmet_hierarchy_annotation,accepted_curated,accepted_curated,3,2,0,2,0.6666666666666666,1503,467,1500,465,0.3107119095143047,2.1456102783725908,0.22947015445312186,Metabolomics Workbench;MoTrPAC DataHub,ST004303;human-precovid-sed-adu,data/live/volcano_human_ST004303.csv;data/live/volcano_motrpac_human_plasma_endur_post.csv,Piperine [metab-u-rppos]; Piperine [metab-u-hilicpos]; Piperidine,FDR<0.05,"Lysine alkaloids has 2/3 annotated rows significant at FDR<0.05; enrichment ratio=2.15, one-sided Fisher p=2.29e-01.",
all,enrichment,main_class,Quinones and hydroquinones,refmet_hierarchy_annotation,accepted_curated,accepted_curated,6,3,2,1,0.5,1503,467,1497,464,0.3107119095143047,1.6092077087794432,0.27549229217992083,Metabolomics Workbench;MoTrPAC DataHub,ST004303;human-precovid-sed-adu;pass1b06,data/live/volcano_human_ST004303.csv;data/live/volcano_motrpac_human_plasma_endur_post.csv;data/live/volcano_motrpac_pass1b06_plasma_8w.csv,alpha-Tocopherol [metab-u-rppos]; alpha-Tocoquinone [metab-u-hilicpos]; D-α-Tocopherol; alpha-tocopherol; alpha-Tocopherol [metab-u-rpneg],FDR<0.05,"Quinones and hydroquinones has 3/6 annotated rows significant at FDR<0.05; enrichment ratio=1.61, one-sided Fisher p=2.75e-01.",
all,enrichment,main_class,Amino acids and peptides,refmet_hierarchy_annotation,accepted_curated,accepted_curated,383,124,22,102,0.3237597911227154,1503,467,1120,343,0.3107119095143047,1.041993503334992,0.281690087574729,Metabolomics Workbench;MoTrPAC DataHub,ST004303;human-precovid-sed-adu;pass1b06,data/live/volcano_human_ST004303.csv;data/live/volcano_motrpac_human_plasma_endur_post.csv;data/live/volcano_motrpac_pass1b06_plasma_8w.csv,Alloisoleucine [metab-u-hilicpos]; Monoethylglycinexylidide [metab-u-hilicpos]; Tyrosine [metab-t-amines]; N-Acetyl-D-tryptophan [metab-u-hilicpos]; Threonine [metab-t-amines]; Proline [metab-t-amines]; Leucine [metab-u-hilicpos]; Tryptophan [metab-u-hilicpos],FDR<0.05,"Amino acids and peptides has 124/383 annotated rows significant at FDR<0.05; enrichment ratio=1.04, one-sided Fisher p=2.82e-01.",
all,enrichment,main_class,Benzamides,refmet_hierarchy_annotation,accepted_curated,accepted_curated,9,4,0,4,0.4444444444444444,1503,467,1494,463,0.3107119095143047,1.430406852248394,0.2947937604000729,Metabolomics Workbench;MoTrPAC DataHub,ST004303;human-precovid-sed-adu;pass1b06,data/live/volcano_human_ST004303.csv;data/live/volcano_motrpac_human_plasma_endur_post.csv;data/live/volcano_motrpac_pass1b06_plasma_8w.csv,Hippuric acid [metab-u-rppos]; Hippuric acid [metab-u-hilicpos]; p-Methylhippuric acid [metab-u-hilicpos]; Hippuric acid; hippuric acid; 4-Aminohippuric acid [metab-u-hilicpos]; 4-aminohippurate,FDR<0.05,"Benzamides has 4/9 annotated rows significant at FDR<0.05; enrichment ratio=1.43, one-sided Fisher p=2.95e-01.",
all,enrichment,main_class,Flavins,refmet_hierarchy_annotation,accepted_curated,accepted_curated,1,1,0,1,1.0,1503,467,1502,466,0.3107119095143047,3.2184154175588864,0.31071190951442895,MoTrPAC DataHub,human-precovid-sed-adu,data/live/volcano_motrpac_human_plasma_endur_post.csv,FAD [metab-u-ionpneg],FDR<0.05,"Flavins has 1/1 annotated rows significant at FDR<0.05; enrichment ratio=3.22, one-sided Fisher p=3.11e-01.",small_refmet_class_n
all,enrichment,main_class,Hydroxy acids,refmet_hierarchy_annotation,accepted_curated,accepted_curated,1,1,1,0,1.0,1503,467,1502,466,0.3107119095143047,3.2184154175588864,0.31071190951442895,MoTrPAC DataHub,human-precovid-sed-adu,data/live/volcano_motrpac_human_plasma_endur_post.csv,Citramalic acid [metab-u-rpneg],FDR<0.05,"Hydroxy acids has 1/1 annotated rows significant at FDR<0.05; enrichment ratio=3.22, one-sided Fisher p=3.11e-01.",small_refmet_class_n
all,enrichment,main_class,Isoquinolones,refmet_hierarchy_annotation,accepted_curated,accepted_curated,1,1,0,1,1.0,1503,467,1502,466,0.3107119095143047,3.2184154175588864,0.31071190951442895,MoTrPAC DataHub,human-precovid-sed-adu,data/live/volcano_motrpac_human_plasma_endur_post.csv,"isoquinoline-1,5-diol [metab-u-hilicpos]",FDR<0.05,"Isoquinolones has 1/1 annotated rows significant at FDR<0.05; enrichment ratio=3.22, one-sided Fisher p=3.11e-01.",small_refmet_class_n
all,enrichment,main_class,Carboxylic acids,refmet_hierarchy_annotation,accepted_curated,accepted_curated,4,2,0,2,0.5,1503,467,1499,465,0.3107119095143047,1.6092077087794432,0.3671984879626291,Metabolomics Workbench,ST004303,data/live/volcano_human_ST004303.csv,Acetohydroxamic acid; Lactamide; trans-Aconitic acid; Trifluoroacetic acid,FDR<0.05,"Carboxylic acids has 2/4 annotated rows significant at FDR<0.05; enrichment ratio=1.61, one-sided Fisher p=3.67e-01.",
all,enrichment,main_class,Phosphate esters,refmet_hierarchy_annotation,accepted_curated,accepted_curated,4,2,1,1,0.5,1503,467,1499,465,0.3107119095143047,1.6092077087794432,0.3671984879626291,MoTrPAC DataHub,human-precovid-sed-adu;pass1b06,data/live/volcano_motrpac_human_plasma_endur_post.csv;data/live/volcano_motrpac_pass1b06_plasma_8w.csv,Acetylphosphate [metab-u-ionpneg]; Phosphoethanolamine [metab-t-amines]; phosphoethanolamine,FDR<0.05,"Phosphate esters has 2/4 annotated rows significant at FDR<0.05; enrichment ratio=1.61, one-sided Fisher p=3.67e-01.",
all,enrichment,main_class,Carnitines,refmet_hierarchy_annotation,accepted_curated,accepted_curated,7,3,0,3,0.42857142857142855,1503,467,1496,464,0.3107119095143047,1.3793208932395227,0.37724169373371974,Metabolomics Workbench;MoTrPAC DataHub,ST004303;human-precovid-sed-adu;pass1b06,data/live/volcano_human_ST004303.csv;data/live/volcano_motrpac_human_plasma_endur_post.csv;data/live/volcano_motrpac_pass1b06_plasma_8w.csv,Carnitine [metab-u-hilicpos]; carnitine [metab-u-lrppos]; D-Carnitine; carnitine; L-Carnitine; Carnitine [metab-u-rppos],FDR<0.05,"Carnitines has 3/7 annotated rows significant at FDR<0.05; enrichment ratio=1.38, one-sided Fisher p=3.77e-01.",
all,enrichment,main_class,Phenylpropanoids,refmet_hierarchy_annotation,accepted_curated,accepted_curated,10,4,1,3,0.4,1503,467,1493,463,0.3107119095143047,1.2873661670235548,0.37898227558722497,Metabolomics Workbench;MoTrPAC DataHub,ST004303;human-precovid-sed-adu;pass1b06,data/live/volcano_human_ST004303.csv;data/live/volcano_motrpac_human_plasma_endur_post.csv;data/live/volcano_motrpac_pass1b06_plasma_8w.csv,Phenylpyruvic acid [metab-u-ionpneg]; Rosmarinic acid [metab-u-rpneg]; HYDROXYPHENYLLACTIC ACID; Phenyllactic acid [metab-u-rpneg]; 3-Hydroxyphenylacetic acid; Cinnamoylglycine [metab-u-hilicpos]; Hydroxyphenyllactic acid [metab-u-rpneg]; hydroxyphenyllactic acid,FDR<0.05,"Phenylpropanoids has 4/10 annotated rows significant at FDR<0.05; enrichment ratio=1.29, one-sided Fisher p=3.79e-01.",
all,enrichment,main_class,Isoprenoids,refmet_hierarchy_annotation,accepted_curated,accepted_curated,8,3,1,2,0.375,1503,467,1495,464,0.3107119095143047,1.2069057815845825,0.47550876282838217,Metabolomics Workbench;MoTrPAC DataHub,ST004303;human-precovid-sed-adu;pass1b06,data/live/volcano_human_ST004303.csv;data/live/volcano_motrpac_human_plasma_endur_post.csv;data/live/volcano_motrpac_pass1b06_plasma_8w.csv,Abietic acid; Retinol [metab-u-hilicpos]; 13-cis-Retinoic acid [metab-u-hilicpos]; retinoate; vitamin a; Retinoic acid [metab-u-rpneg],FDR<0.05,"Isoprenoids has 3/8 annotated rows significant at FDR<0.05; enrichment ratio=1.21, one-sided Fisher p=4.76e-01.",
all,enrichment,main_class,Organonitrogen compounds,refmet_hierarchy_annotation,accepted_curated,accepted_curated,5,2,1,1,0.4,1503,467,1498,465,0.3107119095143047,1.2873661670235548,0.4938705776653332,Metabolomics Workbench;MoTrPAC DataHub,ST004303;human-precovid-sed-adu;pass1b06,data/live/volcano_human_ST004303.csv;data/live/volcano_motrpac_human_plasma_endur_post.csv;data/live/volcano_motrpac_pass1b06_plasma_8w.csv,Ureidopropionic acid [metab-u-hilicpos]; 5-Acetylamino-6-amino-3-methyluracil [metab-u-hilicpos]; n-carbamoyl-beta-alanine; Urea,FDR<0.05,"Organonitrogen compounds has 2/5 annotated rows significant at FDR<0.05; enrichment ratio=1.29, one-sided Fisher p=4.94e-01.",
all,enrichment,main_class,Alcohols and polyols,refmet_hierarchy_annotation,accepted_curated,accepted_curated,2,1,1,0,0.5,1503,467,1501,466,0.3107119095143047,1.6092077087794432,0.5250245182071672,MoTrPAC DataHub,human-precovid-sed-adu,data/live/volcano_motrpac_human_plasma_endur_post.csv,"Glycerol [metab-t-conv]; trans-Cyclohexane-1,2-diol [metab-u-rppos]",FDR<0.05,"Alcohols and polyols has 1/2 annotated rows significant at FDR<0.05; enrichment ratio=1.61, one-sided Fisher p=5.25e-01.",small_refmet_class_n
all,enrichment,main_class,Phenols,refmet_hierarchy_annotation,accepted_curated,accepted_curated,2,1,1,0,0.5,1503,467,1501,466,0.3107119095143047,1.6092077087794432,0.5250245182071672,MoTrPAC DataHub,human-precovid-sed-adu,data/live/volcano_motrpac_human_plasma_endur_post.csv,Acetaminophen [metab-u-hilicpos]; Acetaminophen [metab-u-rppos],FDR<0.05,"Phenols has 1/2 annotated rows significant at FDR<0.05; enrichment ratio=1.61, one-sided Fisher p=5.25e-01.",small_refmet_class_n
all,enrichment,main_class,Keto acids,refmet_hierarchy_annotation,accepted_curated,accepted_curated,10,3,0,3,0.3,1503,467,1493,464,0.3107119095143047,0.9655246252676659,0.645959401951502,Metabolomics Workbench;MoTrPAC DataHub,ST004303;human-precovid-sed-adu;pass1b06,data/live/volcano_human_ST004303.csv;data/live/volcano_motrpac_human_plasma_endur_post.csv;data/live/volcano_motrpac_pass1b06_plasma_8w.csv,DMGV [metab-u-hilicpos]; dmgv; 4-METHYL-2-OXO-PENTANOIC ACID; 3-methyl-2-oxovalerate; 3-Methyl-2-oxovaleric acid [metab-u-rpneg]; ketoleucine; Ketoleucine [metab-u-rpneg],FDR<0.05,"Keto acids has 3/10 annotated rows significant at FDR<0.05; enrichment ratio=0.97, one-sided Fisher p=6.46e-01.",
all,enrichment,main_class,Short-chain acids,refmet_hierarchy_annotation,accepted_curated,accepted_curated,10,3,1,2,0.3,1503,467,1493,464,0.3107119095143047,0.9655246252676659,0.645959401951502,Metabolomics Workbench;MoTrPAC DataHub,ST004303;human-precovid-sed-adu;pass1b06,data/live/volcano_human_ST004303.csv;data/live/volcano_motrpac_human_plasma_endur_post.csv;data/live/volcano_motrpac_pass1b06_plasma_8w.csv,Pyruvic acid [metab-u-ionpneg]; Pyruvic acid; Phosphoglyceric acid [metab-u-ionpneg]; Lactic acid [metab-u-ionpneg]; L-(+)-Lactic acid; lactic acid; Glyceraldehyde 3-phosphate [metab-u-ionpneg]; pyruvate,FDR<0.05,"Short-chain acids has 3/10 annotated rows significant at FDR<0.05; enrichment ratio=0.97, one-sided Fisher p=6.46e-01.",
all,enrichment,main_class,Amine oxides,refmet_hierarchy_annotation,accepted_curated,accepted_curated,3,1,0,1,0.3333333333333333,1503,467,1500,466,0.3107119095143047,1.0728051391862954,0.6728017000834952,MoTrPAC DataHub,human-precovid-sed-adu;pass1b06,data/live/volcano_motrpac_human_plasma_endur_post.csv;data/live/volcano_motrpac_pass1b06_plasma_8w.csv,Trimethylamine N-oxide [metab-u-hilicpos]; trimethylamine-n-oxide,FDR<0.05,"Amine oxides has 1/3 annotated rows significant at FDR<0.05; enrichment ratio=1.07, one-sided Fisher p=6.73e-01.",
all,enrichment,main_class,Cyclic ureas,refmet_hierarchy_annotation,accepted_curated,accepted_curated,3,1,0,1,0.3333333333333333,1503,467,1500,466,0.3107119095143047,1.0728051391862954,0.6728017000834952,MoTrPAC DataHub,human-precovid-sed-adu;pass1b06,data/live/volcano_motrpac_human_plasma_endur_post.csv;data/live/volcano_motrpac_pass1b06_plasma_8w.csv,Allantoin [metab-u-hilicpos]; allantoin,FDR<0.05,"Cyclic ureas has 1/3 annotated rows significant at FDR<0.05; enrichment ratio=1.07, one-sided Fisher p=6.73e-01.",
all,enrichment,main_class,Phenylacetic acids,refmet_hierarchy_annotation,accepted_curated,accepted_curated,3,1,0,1,0.3333333333333333,1503,467,1500,466,0.3107119095143047,1.0728051391862954,0.6728017000834952,MoTrPAC DataHub,human-precovid-sed-adu;pass1b06,data/live/volcano_motrpac_human_plasma_endur_post.csv;data/live/volcano_motrpac_pass1b06_plasma_8w.csv,Phenylacetic acid [metab-u-rpneg]; phenylacetate,FDR<0.05,"Phenylacetic acids has 1/3 annotated rows significant at FDR<0.05; enrichment ratio=1.07, one-sided Fisher p=6.73e-01.",
all,enrichment,main_class,Benzenes,refmet_hierarchy_annotation,accepted_curated,accepted_curated,15,4,2,2,0.26666666666666666,1503,467,1488,463,0.3107119095143047,0.8582441113490364,0.7346231640255998,Metabolomics Workbench;MoTrPAC DataHub,ST004303;human-precovid-sed-adu;pass1b06,data/live/volcano_human_ST004303.csv;data/live/volcano_motrpac_human_plasma_endur_post.csv;data/live/volcano_motrpac_pass1b06_plasma_8w.csv,"4-Hydroxy-3-methylacetophenone [metab-u-hilicpos]; 3-Aminobenzamide; N-Benzylformamide; 2,5-dihydroxybenzenesulfonate; Valdecoxib; Xylenesulfonate; trimethylbenzene; bis(2-ethylhexyl)phthalate",FDR<0.05,"Benzenes has 4/15 annotated rows significant at FDR<0.05; enrichment ratio=0.86, one-sided Fisher p=7.35e-01.",
all,enrichment,main_class,Ornithine alkaloids,refmet_hierarchy_annotation,accepted_curated,accepted_curated,19,5,2,3,0.2631578947368421,1503,467,1484,462,0.3107119095143047,0.8469514256733911,0.7523321432749522,Metabolomics Workbench;MoTrPAC DataHub,ST004303;human-precovid-sed-adu;pass1b06,data/live/volcano_human_ST004303.csv;data/live/volcano_motrpac_human_plasma_endur_post.csv;data/live/volcano_motrpac_pass1b06_plasma_8w.csv,n-acetylputrescine; 2-Acetylpyrrolidine [metab-u-rppos]; acisoga; Acisoga [metab-u-hilicpos]; N-Acetylisoputreanine [metab-u-hilicpos]; n1-acetylspermidine; Pyrrolidine; N1-Acetylspermidine [metab-u-hilicpos],FDR<0.05,"Ornithine alkaloids has 5/19 annotated rows significant at FDR<0.05; enrichment ratio=0.85, one-sided Fisher p=7.52e-01.",
all,enrichment,main_class,Organic phosphoric acids,refmet_hierarchy_annotation,accepted_curated,accepted_curated,8,2,0,2,0.25,1503,467,1495,465,0.3107119095143047,0.8046038543897216,0.7660129871622328,Metabolomics Workbench;MoTrPAC DataHub,ST004303;human-precovid-sed-adu;pass1b06,data/live/volcano_human_ST004303.csv;data/live/volcano_motrpac_human_plasma_endur_post.csv;data/live/volcano_motrpac_pass1b06_plasma_8w.csv,sn-Glycero-3-phosphate [metab-u-ionpneg]; sn-Glycero-3-phosphocholine [metab-u-rppos]; glycerol 3-phosphate; sn-Glycero-3-phosphocholine [metab-u-hilicpos]; SN-GLYCERO-3-PHOSPHOCHOLINE; sn-glycero-3-phosphocholine,FDR<0.05,"Organic phosphoric acids has 2/8 annotated rows significant at FDR<0.05; enrichment ratio=0.80, one-sided Fisher p=7.66e-01.",
all,enrichment,main_class,Piperidines,refmet_hierarchy_annotation,accepted_curated,accepted_curated,4,1,0,1,0.25,1503,467,1499,466,0.3107119095143047,0.8046038543897216,0.7746694374579546,Metabolomics Workbench;MoTrPAC DataHub,ST004303;human-precovid-sed-adu;pass1b06,data/live/volcano_human_ST004303.csv;data/live/volcano_motrpac_human_plasma_endur_post.csv;data/live/volcano_motrpac_pass1b06_plasma_8w.csv,2-Piperidinone [metab-u-rppos]; Nipecotic acid; 2-piperidinone,FDR<0.05,"Piperidines has 1/4 annotated rows significant at FDR<0.05; enrichment ratio=0.80, one-sided Fisher p=7.75e-01.",
all,enrichment,main_class,Sterols/Bile acids(In-silico),refmet_hierarchy_annotation,accepted_curated,accepted_curated,4,1,0,1,0.25,1503,467,1499,466,0.3107119095143047,0.8046038543897216,0.7746694374579546,MoTrPAC DataHub,human-precovid-sed-adu,data/live/volcano_motrpac_human_plasma_endur_post.csv,ST 24:1;O5 [metab-u-lrpneg]; ST 24:2;O4 [metab-u-lrpneg]; ST 27:3;O3 [metab-u-lrpneg]; ST 24:5;O3 [metab-u-lrpneg],FDR<0.05,"Sterols/Bile acids(In-silico) has 1/4 annotated rows significant at FDR<0.05; enrichment ratio=0.80, one-sided Fisher p=7.75e-01.",
all,enrichment,main_class,Pyrimidines,refmet_hierarchy_annotation,accepted_curated,accepted_curated,48,13,5,8,0.2708333333333333,1503,467,1455,454,0.3107119095143047,0.871654175588865,0.7754266359633958,Metabolomics Workbench;MoTrPAC DataHub,ST004303;human-precovid-sed-adu;pass1b06,data/live/volcano_human_ST004303.csv;data/live/volcano_motrpac_human_plasma_endur_post.csv;data/live/volcano_motrpac_pass1b06_plasma_8w.csv,Cytidine [metab-u-rppos]; FAPy-adenine [metab-u-hilicpos]; Ectoine [metab-u-hilicpos]; 5-methylcytosine; N4-Acetylcytidine; Thiamine [metab-u-hilicpos]; Uracil; UDP-N-acetylglucosamine [metab-u-ionpneg],FDR<0.05,"Pyrimidines has 13/48 annotated rows significant at FDR<0.05; enrichment ratio=0.87, one-sided Fisher p=7.75e-01.",
all,enrichment,main_class,Bilirubins,refmet_hierarchy_annotation,accepted_curated,accepted_curated,13,3,3,0,0.23076923076923078,1503,467,1490,464,0.3107119095143047,0.7427112502058969,0.821098847810045,Metabolomics Workbench;MoTrPAC DataHub,ST004303;human-precovid-sed-adu;pass1b06,data/live/volcano_human_ST004303.csv;data/live/volcano_motrpac_human_plasma_endur_post.csv;data/live/volcano_motrpac_pass1b06_plasma_8w.csv,Bilirubin [metab-u-rppos]; bilirubin [metab-u-lrppos]; Biliverdin [metab-u-rppos]; Bilirubin [metab-u-hilicpos]; L-Urobilin [metab-u-rppos]; Mesobilirubinogen [metab-u-rppos]; biliverdin; Biliverdin,FDR<0.05,"Bilirubins has 3/13 annotated rows significant at FDR<0.05; enrichment ratio=0.74, one-sided Fisher p=8.21e-01.",
all,enrichment,main_class,Guanidines,refmet_hierarchy_annotation,accepted_curated,accepted_curated,5,1,0,1,0.2,1503,467,1498,466,0.3107119095143047,0.6436830835117774,0.8448691524051967,MoTrPAC DataHub,human-precovid-sed-adu;pass1b06,data/live/volcano_motrpac_human_plasma_endur_post.csv;data/live/volcano_motrpac_pass1b06_plasma_8w.csv,Methylguanidine [metab-u-hilicpos]; beta-guanidinopropionate; methylguanidine,FDR<0.05,"Guanidines has 1/5 annotated rows significant at FDR<0.05; enrichment ratio=0.64, one-sided Fisher p=8.45e-01.",
all,enrichment,main_class,Tryptophan alkaloids,refmet_hierarchy_annotation,accepted_curated,accepted_curated,38,9,0,9,0.23684210526315788,1503,467,1465,458,0.3107119095143047,0.7622562831060521,0.8818929518915903,Metabolomics Workbench;MoTrPAC DataHub,ST004303;human-precovid-sed-adu;pass1b06,data/live/volcano_human_ST004303.csv;data/live/volcano_motrpac_human_plasma_endur_post.csv;data/live/volcano_motrpac_pass1b06_plasma_8w.csv,3-Indolepropionic acid [metab-u-rppos]; Indolelactic acid [metab-u-rppos]; Indoleacetic acid [metab-u-rppos]; 5-Hydroxyindoleacetic acid [metab-u-rpneg]; 2-Oxindole; Indoleacetic acid [metab-u-hilicpos]; 2-(1H-indol-3-yl)acetic acid; Indole-3-methyl acetate [metab-u-rppos],FDR<0.05,"Tryptophan alkaloids has 9/38 annotated rows significant at FDR<0.05; enrichment ratio=0.76, one-sided Fisher p=8.82e-01.",
all,enrichment,main_class,Monosaccharides,refmet_hierarchy_annotation,accepted_curated,accepted_curated,23,5,1,4,0.21739130434782608,1503,467,1480,462,0.3107119095143047,0.6996555255562796,0.8884598359129593,Metabolomics Workbench;MoTrPAC DataHub,ST004303;human-precovid-sed-adu;pass1b06,data/live/volcano_human_ST004303.csv;data/live/volcano_motrpac_human_plasma_endur_post.csv;data/live/volcano_motrpac_pass1b06_plasma_8w.csv,"Hexose [metab-u-ionpneg]; D-(+)-Xylose; Glucose [metab-t-conv]; glucose; δ-Ribono-1,4-lactone; 2-Deoxy-glucose [metab-u-rppos]; Gluconic acid [metab-u-ionpneg]; 1,5-ANHYDRO-GLUCITOL",FDR<0.05,"Monosaccharides has 5/23 annotated rows significant at FDR<0.05; enrichment ratio=0.70, one-sided Fisher p=8.88e-01.",
all,enrichment,main_class,Bile acids,refmet_hierarchy_annotation,accepted_curated,accepted_curated,79,20,0,20,0.25316455696202533,1503,467,1424,447,0.3107119095143047,0.8147887133060473,0.8979990559708391,Metabolomics Workbench;MoTrPAC DataHub,ST004303;human-precovid-sed-adu;pass1b06,data/live/volcano_human_ST004303.csv;data/live/volcano_motrpac_human_plasma_endur_post.csv;data/live/volcano_motrpac_pass1b06_plasma_8w.csv,Hyodeoxycholic acid [metab-u-rpneg]; Muricholic acid [metab-u-rpneg]; Glycohyodeoxycholic acid [metab-u-rpneg]; Glycodeoxycholic acid [metab-u-rpneg]; Taurohyodeoxycholic acid [metab-u-rpneg]; Ursodeoxycholic acid [metab-u-rpneg]; Cholic acid [metab-u-rpneg]; Hyocholic acid [metab-u-rpneg],FDR<0.05,"Bile acids has 20/79 annotated rows significant at FDR<0.05; enrichment ratio=0.81, one-sided Fisher p=8.98e-01.",
all,enrichment,main_class,Fatty acids,refmet_hierarchy_annotation,accepted_curated,accepted_curated,228,63,51,12,0.27631578947368424,1503,467,1275,404,0.3107119095143047,0.8892989969570608,0.9034211432553232,Metabolomics Workbench;MoTrPAC DataHub,ST004303;human-precovid-sed-adu;pass1b06,data/live/volcano_human_ST004303.csv;data/live/volcano_motrpac_human_plasma_endur_post.csv;data/live/volcano_motrpac_pass1b06_plasma_8w.csv,2-Hydroxybutyric acid [metab-u-rpneg]; 3-Hydroxybutyric acid [metab-u-rpneg]; Heptadecanedioic acid [metab-u-rpneg]; Aminobutyric acid [metab-u-hilicpos]; Hydroxydecanoic acid [metab-u-rpneg]; Adipic acid [metab-u-rppos]; FA 16:1;O2 [metab-u-lrpneg]; FA 20:5;O3 [metab-u-lrpneg],FDR<0.05,"Fatty acids has 63/228 annotated rows significant at FDR<0.05; enrichment ratio=0.89, one-sided Fisher p=9.03e-01.",
all,enrichment,main_class,Sterols,refmet_hierarchy_annotation,accepted_curated,accepted_curated,8,1,0,1,0.125,1503,467,1495,466,0.3107119095143047,0.4023019271948608,0.9494705905122633,MoTrPAC DataHub,human-precovid-sed-adu;pass1b06,data/live/volcano_motrpac_human_plasma_endur_post.csv;data/live/volcano_motrpac_pass1b06_plasma_8w.csv,cholesterol sulfate [metab-u-lrpneg]; cholesterol sulfate_feature1; 25-hydroxy-cholesterol; cholesterol; cholesterol [metab-u-lrppos],FDR<0.05,"Sterols has 1/8 annotated rows significant at FDR<0.05; enrichment ratio=0.40, one-sided Fisher p=9.49e-01.",
all,enrichment,main_class,Benzoic acids,refmet_hierarchy_annotation,accepted_curated,accepted_curated,28,5,1,4,0.17857142857142858,1503,467,1475,462,0.3107119095143047,0.5747170388498012,0.9643669336093105,Metabolomics Workbench;MoTrPAC DataHub,ST004303;human-precovid-sed-adu;pass1b06,data/live/volcano_human_ST004303.csv;data/live/volcano_motrpac_human_plasma_endur_post.csv;data/live/volcano_motrpac_pass1b06_plasma_8w.csv,Methyl 3-hydroxybenzoate [metab-u-rpneg]; Protocatechuic acid [metab-u-rpneg]; 3-Hydroxybenzoic acid [metab-u-rpneg]; Salicylic acid; D-(-)-Quinic acid; methyl n-methylanthranilate; Diethyl phthalate [metab-u-rppos]; diethylphthalate,FDR<0.05,"Benzoic acids has 5/28 annotated rows significant at FDR<0.05; enrichment ratio=0.57, one-sided Fisher p=9.64e-01.",
all,enrichment,main_class,Pyridine alkaloids,refmet_hierarchy_annotation,accepted_curated,accepted_curated,22,3,1,2,0.13636363636363635,1503,467,1481,464,0.3107119095143047,0.4388748296671209,0.9844553248437449,Metabolomics Workbench;MoTrPAC DataHub,ST004303;human-precovid-sed-adu;pass1b06,data/live/volcano_human_ST004303.csv;data/live/volcano_motrpac_human_plasma_endur_post.csv;data/live/volcano_motrpac_pass1b06_plasma_8w.csv,1-Methyl nicotinamide [metab-u-hilicpos]; Trigonelline [metab-u-hilicpos]; 4-Pyridoxic acid [metab-u-hilicpos]; 4-pyridoxate; niacinamide; 1-methylnicotinamide; 3-Hydroxypyridine; n1-methyl-2-pyridone-5-carboxamide,FDR<0.05,"Pyridine alkaloids has 3/22 annotated rows significant at FDR<0.05; enrichment ratio=0.44, one-sided Fisher p=9.84e-01.",
all,enrichment,main_class,Cholines,refmet_hierarchy_annotation,accepted_curated,accepted_curated,14,1,0,1,0.07142857142857142,1503,467,1489,466,0.3107119095143047,0.22988681553992046,0.9946829558706531,Metabolomics Workbench;MoTrPAC DataHub,ST004303;human-precovid-sed-adu;pass1b06,data/live/volcano_human_ST004303.csv;data/live/volcano_motrpac_human_plasma_endur_post.csv;data/live/volcano_motrpac_pass1b06_plasma_8w.csv,Choline; choline; Choline [metab-u-hilicpos]; Choline phosphate [metab-u-hilicpos]; acetylcholine; Acetyl-β-methylcholine; Acetylcholine; Acetylcholine [metab-u-hilicpos],FDR<0.05,"Cholines has 1/14 annotated rows significant at FDR<0.05; enrichment ratio=0.23, one-sided Fisher p=9.95e-01.",
all,enrichment,main_class,Amines,refmet_hierarchy_annotation,accepted_curated,accepted_curated,15,1,1,0,0.06666666666666667,1503,467,1488,466,0.3107119095143047,0.2145610278372591,0.9963505580262718,MoTrPAC DataHub,human-precovid-sed-adu;pass1b06,data/live/volcano_motrpac_human_plasma_endur_post.csv;data/live/volcano_motrpac_pass1b06_plasma_8w.csv,putrescine; Ethanolamine [metab-t-amines]; octadecanamine_feature1; Putrescine [metab-u-hilicpos]; n-acetylhistamine; Triethanolamine [metab-u-hilicpos]; Diethanolamine [metab-u-hilicpos]; ethanolamine,FDR<0.05,"Amines has 1/15 annotated rows significant at FDR<0.05; enrichment ratio=0.21, one-sided Fisher p=9.96e-01.",
all,enrichment,main_class,Octadecanoids,refmet_hierarchy_annotation,accepted_curated,accepted_curated,15,1,1,0,0.06666666666666667,1503,467,1488,466,0.3107119095143047,0.2145610278372591,0.9963505580262718,Metabolomics Workbench;MoTrPAC DataHub,ST004303;human-precovid-sed-adu;pass1b06,data/live/volcano_human_ST004303.csv;data/live/volcano_motrpac_human_plasma_endur_post.csv;data/live/volcano_motrpac_pass1b06_plasma_8w.csv,"12-Hydroxyoctadecanoic acid; 13-hode; 9-hode; 9-hotre; 13-hpode; 13-HODE [metab-t-oxylipneg]; 9,10-dihome; 13s-hotre(gamma)",FDR<0.05,"Octadecanoids has 1/15 annotated rows significant at FDR<0.05; enrichment ratio=0.21, one-sided Fisher p=9.96e-01.",
all,enrichment,main_class,Sphingoid bases,refmet_hierarchy_annotation,accepted_curated,accepted_curated,15,1,0,1,0.06666666666666667,1503,467,1488,466,0.3107119095143047,0.2145610278372591,0.9963505580262718,MoTrPAC DataHub,human-precovid-sed-adu;pass1b06,data/live/volcano_motrpac_human_plasma_endur_post.csv;data/live/volcano_motrpac_pass1b06_plasma_8w.csv,sphinganine 1-phosphate [metab-u-lrppos]; Sphingosine 1-phosphate [metab-u-rpneg]; Sphingosine [metab-u-rppos]; sphingosine; C16 Sphinganine [metab-u-rppos]; sphinganine (c16); sphingosine 1-phosphate; sphinganine,FDR<0.05,"Sphingoid bases has 1/15 annotated rows significant at FDR<0.05; enrichment ratio=0.21, one-sided Fisher p=9.96e-01.",
all,enrichment,main_class,TCA acids,refmet_hierarchy_annotation,accepted_curated,accepted_curated,27,3,1,2,0.1111111111111111,1503,467,1476,464,0.3107119095143047,0.3576017130620985,0.9965616800233201,Metabolomics Workbench;MoTrPAC DataHub,ST004303;human-precovid-sed-adu;pass1b06,data/live/volcano_human_ST004303.csv;data/live/volcano_motrpac_human_plasma_endur_post.csv;data/live/volcano_motrpac_pass1b06_plasma_8w.csv,citric acid; DL-Malic acid; succinic acid; Citric acid/Isocitric acid [metab-u-ionpneg]; cis-Aconitic acid [metab-u-rppos]; isocitrate; malic acid; fumaric acid,FDR<0.05,"TCA acids has 3/27 annotated rows significant at FDR<0.05; enrichment ratio=0.36, one-sided Fisher p=9.97e-01.",
all,enrichment,main_class,Fatty amides,refmet_hierarchy_annotation,accepted_curated,accepted_curated,19,1,1,0,0.05263157894736842,1503,467,1484,466,0.3107119095143047,0.16939028513467824,0.9991925508609547,Metabolomics Workbench;MoTrPAC DataHub,ST004303;human-precovid-sed-adu;pass1b06,data/live/volcano_human_ST004303.csv;data/live/volcano_motrpac_human_plasma_endur_post.csv;data/live/volcano_motrpac_pass1b06_plasma_8w.csv,Palmitoyl-EA [metab-u-hilicpos]; erucamide_feature1; Oleoyl-EA [metab-u-hilicpos]; linoleoyl ethanolamide; oleamide; oleoyl-ea; Oleamide; palmitoyl-ea,FDR<0.05,"Fatty amides has 1/19 annotated rows significant at FDR<0.05; enrichment ratio=0.17, one-sided Fisher p=9.99e-01.",
all,enrichment,main_class,Histidine alkaloids,refmet_hierarchy_annotation,accepted_curated,accepted_curated,17,0,0,0,0.0,1503,467,1486,467,0.3107119095143047,0.0,0.9999999999988363,Metabolomics Workbench;MoTrPAC DataHub,ST004303;human-precovid-sed-adu;pass1b06,data/live/volcano_human_ST004303.csv;data/live/volcano_motrpac_human_plasma_endur_post.csv;data/live/volcano_motrpac_pass1b06_plasma_8w.csv,imidazoleacetate; urocanate; methylimidazoleacetate; 1-Methylhistamine [metab-u-hilicpos]; Imidazolepropionic acid [metab-u-hilicpos]; Urocanic acid [metab-u-rppos]; histamine; Methylimidazoleacetic acid [metab-u-hilicpos],FDR<0.05,"Histidine alkaloids has 0/17 annotated rows significant at FDR<0.05; enrichment ratio=0.00, one-sided Fisher p=1.00e+00.",no_significant_effects_in_class
all,enrichment,main_class,Glycosphingolipids,refmet_hierarchy_annotation,accepted_curated,accepted_curated,5,0,0,0,0.0,1503,467,1498,467,0.3107119095143047,0.0,0.99999999999893,MoTrPAC DataHub,human-precovid-sed-adu,data/live/volcano_motrpac_human_plasma_endur_post.csv,GlcCer 18:2;O2/22:0 [metab-u-hilicpos]; GlcCer 18:2;O2/23:0 [metab-u-hilicpos]; GlcCer 18:1;O2/22:0 [metab-u-hilicpos]; GlcCer 18:1;O2/18:0 [metab-u-hilicpos]; GlcCer 18:1;O2/20:0 [metab-u-hilicpos],FDR<0.05,"Glycosphingolipids has 0/5 annotated rows significant at FDR<0.05; enrichment ratio=0.00, one-sided Fisher p=1.00e+00.",no_significant_effects_in_class
all,enrichment,main_class,Arylsulfates,refmet_hierarchy_annotation,accepted_curated,accepted_curated,3,0,0,0,0.0,1503,467,1500,467,0.3107119095143047,0.0,0.9999999999991792,Metabolomics Workbench,ST004303,data/live/volcano_human_ST004303.csv,2-Methoxyphenol sulfate; 4-Methoxyphenol sulfate; P-CRESOL SULFATE,FDR<0.05,"Arylsulfates has 0/3 annotated rows significant at FDR<0.05; enrichment ratio=0.00, one-sided Fisher p=1.00e+00.",no_significant_effects_in_class
all,enrichment,main_class,Sterol/Bile acid conjugates(In-silico),refmet_hierarchy_annotation,accepted_curated,accepted_curated,3,0,0,0,0.0,1503,467,1500,467,0.3107119095143047,0.0,0.9999999999991792,Metabolomics Workbench,ST004303,data/live/volcano_human_ST004303.csv,ST 27:1;O;S; ST 28:1;O;S; ST 29:1;O;S,FDR<0.05,"Sterol/Bile acid conjugates(In-silico) has 0/3 annotated rows significant at FDR<0.05; enrichment ratio=0.00, one-sided Fisher p=1.00e+00.",no_significant_effects_in_class
all,enrichment,main_class,Sulfinic acids,refmet_hierarchy_annotation,accepted_curated,accepted_curated,3,0,0,0,0.0,1503,467,1500,467,0.3107119095143047,0.0,0.9999999999991792,MoTrPAC DataHub,human-precovid-sed-adu;pass1b06,data/live/volcano_motrpac_human_plasma_endur_post.csv;data/live/volcano_motrpac_pass1b06_plasma_8w.csv,hypotaurine; Hypotaurine [metab-u-hilicpos],FDR<0.05,"Sulfinic acids has 0/3 annotated rows significant at FDR<0.05; enrichment ratio=0.00, one-sided Fisher p=1.00e+00.",no_significant_effects_in_class
all,enrichment,main_class,Benzodioxoles,refmet_hierarchy_annotation,accepted_curated,accepted_curated,1,0,0,0,0.0,1503,467,1502,467,0.3107119095143047,0.0,0.9999999999994897,MoTrPAC DataHub,human-precovid-sed-adu,data/live/volcano_motrpac_human_plasma_endur_post.csv,"(E,E)-Trichostachine [metab-u-hilicpos]",FDR<0.05,"Benzodioxoles has 0/1 annotated rows significant at FDR<0.05; enrichment ratio=0.00, one-sided Fisher p=1.00e+00.",small_refmet_class_n;no_significant_effects_in_class
all,enrichment,main_class,Cyclohexylamines,refmet_hierarchy_annotation,accepted_curated,accepted_curated,1,0,0,0,0.0,1503,467,1502,467,0.3107119095143047,0.0,0.9999999999994897,MoTrPAC DataHub,human-precovid-sed-adu,data/live/volcano_motrpac_human_plasma_endur_post.csv,"N,N-Dicyclohexylamine [metab-u-hilicpos]",FDR<0.05,"Cyclohexylamines has 0/1 annotated rows significant at FDR<0.05; enrichment ratio=0.00, one-sided Fisher p=1.00e+00.",small_refmet_class_n;no_significant_effects_in_class
all,enrichment,main_class,Dibenzocycloheptenes,refmet_hierarchy_annotation,accepted_curated,accepted_curated,1,0,0,0,0.0,1503,467,1502,467,0.3107119095143047,0.0,0.9999999999994897,MoTrPAC DataHub,human-precovid-sed-adu,data/live/volcano_motrpac_human_plasma_endur_post.csv,nortriptyline [metab-u-hilicpos],FDR<0.05,"Dibenzocycloheptenes has 0/1 annotated rows significant at FDR<0.05; enrichment ratio=0.00, one-sided Fisher p=1.00e+00.",small_refmet_class_n;no_significant_effects_in_class
all,enrichment,main_class,Fatty aldehydes,refmet_hierarchy_annotation,accepted_curated,accepted_curated,1,0,0,0,0.0,1503,467,1502,467,0.3107119095143047,0.0,0.9999999999994897,Metabolomics Workbench,ST004303,data/live/volcano_human_ST004303.csv,Succinic semialdehyde,FDR<0.05,"Fatty aldehydes has 0/1 annotated rows significant at FDR<0.05; enrichment ratio=0.00, one-sided Fisher p=1.00e+00.",small_refmet_class_n;no_significant_effects_in_class
all,enrichment,main_class,Macrolides,refmet_hierarchy_annotation,accepted_curated,accepted_curated,1,0,0,0,0.0,1503,467,1502,467,0.3107119095143047,0.0,0.9999999999994897,Metabolomics Workbench,ST004303,data/live/volcano_human_ST004303.csv,Laurolactam,FDR<0.05,"Macrolides has 0/1 annotated rows significant at FDR<0.05; enrichment ratio=0.00, one-sided Fisher p=1.00e+00.",small_refmet_class_n;no_significant_effects_in_class
all,enrichment,main_class,Monoradylglycerols,refmet_hierarchy_annotation,accepted_curated,accepted_curated,1,0,0,0,0.0,1503,467,1502,467,0.3107119095143047,0.0,0.9999999999994897,Metabolomics Workbench,ST004303,data/live/volcano_human_ST004303.csv,1-Stearoylglycerol,FDR<0.05,"Monoradylglycerols has 0/1 annotated rows significant at FDR<0.05; enrichment ratio=0.00, one-sided Fisher p=1.00e+00.",small_refmet_class_n;no_significant_effects_in_class
all,enrichment,main_class,Pterins,refmet_hierarchy_annotation,accepted_curated,accepted_curated,1,0,0,0,0.0,1503,467,1502,467,0.3107119095143047,0.0,0.9999999999994897,MoTrPAC DataHub,human-precovid-sed-adu,data/live/volcano_motrpac_human_plasma_endur_post.csv,Pterin [metab-u-hilicpos],FDR<0.05,"Pterins has 0/1 annotated rows significant at FDR<0.05; enrichment ratio=0.00, one-sided Fisher p=1.00e+00.",small_refmet_class_n;no_significant_effects_in_class
all,enrichment,main_class,Tyrosine alkaloids,refmet_hierarchy_annotation,accepted_curated,accepted_curated,1,0,0,0,0.0,1503,467,1502,467,0.3107119095143047,0.0,0.9999999999994897,MoTrPAC DataHub,human-precovid-sed-adu,data/live/volcano_motrpac_human_plasma_endur_post.csv,Hordenine [metab-u-hilicpos],FDR<0.05,"Tyrosine alkaloids has 0/1 annotated rows significant at FDR<0.05; enrichment ratio=0.00, one-sided Fisher p=1.00e+00.",small_refmet_class_n;no_significant_effects_in_class
all,enrichment,main_class,Docosanoids,refmet_hierarchy_annotation,accepted_curated,accepted_curated,4,0,0,0,0.0,1503,467,1499,467,0.3107119095143047,0.0,0.9999999999998854,MoTrPAC DataHub,pass1b06,data/live/volcano_motrpac_pass1b06_plasma_8w.csv,resolvin d1; resolvin d2,FDR<0.05,"Docosanoids has 0/4 annotated rows significant at FDR<0.05; enrichment ratio=0.00, one-sided Fisher p=1.00e+00.",no_significant_effects_in_class
all,enrichment,main_class,Alkaloids,refmet_hierarchy_annotation,accepted_curated,accepted_curated,2,0,0,0,0.0,1503,467,1501,467,0.3107119095143047,0.0,1.0,MoTrPAC DataHub,pass1b06,data/live/volcano_motrpac_pass1b06_plasma_8w.csv,cotinine n-oxide,FDR<0.05,"Alkaloids has 0/2 annotated rows significant at FDR<0.05; enrichment ratio=0.00, one-sided Fisher p=1.00e+00.",small_refmet_class_n;no_significant_effects_in_class
all,enrichment,main_class,Anthranilic acid alkaloids,refmet_hierarchy_annotation,accepted_curated,accepted_curated,6,0,0,0,0.0,1503,467,1497,467,0.3107119095143047,0.0,1.0,Metabolomics Workbench;MoTrPAC DataHub,ST004303;human-precovid-sed-adu;pass1b06,data/live/volcano_human_ST004303.csv;data/live/volcano_motrpac_human_plasma_endur_post.csv;data/live/volcano_motrpac_pass1b06_plasma_8w.csv,kynurenate; Kynurenic acid [metab-u-rpneg]; Kynurenic acid [metab-u-hilicpos]; 4-QUINOLINECARBOXYLIC ACID; Kynurenic acid,FDR<0.05,"Anthranilic acid alkaloids has 0/6 annotated rows significant at FDR<0.05; enrichment ratio=0.00, one-sided Fisher p=1.00e+00.",no_significant_effects_in_class
all,enrichment,main_class,Azoles,refmet_hierarchy_annotation,accepted_curated,accepted_curated,6,0,0,0,0.0,1503,467,1497,467,0.3107119095143047,0.0,1.0,Metabolomics Workbench;MoTrPAC DataHub,ST004303;human-precovid-sed-adu;pass1b06,data/live/volcano_human_ST004303.csv;data/live/volcano_motrpac_human_plasma_endur_post.csv;data/live/volcano_motrpac_pass1b06_plasma_8w.csv,"creatinine; Creatinine; Creatinine [metab-u-ionpneg]; 5,5-Dimethylhydantoin; Creatinine [metab-u-hilicpos]",FDR<0.05,"Azoles has 0/6 annotated rows significant at FDR<0.05; enrichment ratio=0.00, one-sided Fisher p=1.00e+00.",no_significant_effects_in_class
all,enrichment,main_class,Eicosanoids,refmet_hierarchy_annotation,accepted_curated,accepted_curated,24,0,0,0,0.0,1503,467,1479,467,0.3107119095143047,0.0,1.0,MoTrPAC DataHub,pass1b06,data/live/volcano_motrpac_pass1b06_plasma_8w.csv,"ltb4; resolvin e1; 8,9-epetre; pge2; 5,6-dihetre; 8,9-dihetre; 14,15-dihetre; 12-hete",FDR<0.05,"Eicosanoids has 0/24 annotated rows significant at FDR<0.05; enrichment ratio=0.00, one-sided Fisher p=1.00e+00.",no_significant_effects_in_class
all,enrichment,main_class,Heterocyclic compounds,refmet_hierarchy_annotation,accepted_curated,accepted_curated,2,0,0,0,0.0,1503,467,1501,467,0.3107119095143047,0.0,1.0,MoTrPAC DataHub,pass1b06,data/live/volcano_motrpac_pass1b06_plasma_8w.csv,biotin,FDR<0.05,"Heterocyclic compounds has 0/2 annotated rows significant at FDR<0.05; enrichment ratio=0.00, one-sided Fisher p=1.00e+00.",small_refmet_class_n;no_significant_effects_in_class
all,enrichment,main_class,Sulfonic acids,refmet_hierarchy_annotation,accepted_curated,accepted_curated,6,0,0,0,0.0,1503,467,1497,467,0.3107119095143047,0.0,1.0,Metabolomics Workbench;MoTrPAC DataHub,ST004303;human-precovid-sed-adu;pass1b06,data/live/volcano_human_ST004303.csv;data/live/volcano_motrpac_human_plasma_endur_post.csv;data/live/volcano_motrpac_pass1b06_plasma_8w.csv,Taurine [metab-t-amines]; Taurine [metab-u-ionpneg]; taurine; Taurine [metab-u-hilicpos]; Taurine,FDR<0.05,"Sulfonic acids has 0/6 annotated rows significant at FDR<0.05; enrichment ratio=0.00, one-sided Fisher p=1.00e+00.",no_significant_effects_in_class
