study_id,stratum,metabolite,refmet_name,log2fc,p_value,n_pairs,mean_pre,mean_post,fdr,neg_log10_p
ST003662,all,"1,5-Anhydroglucitol","1,5-Anhydrosorbitol",-0.7293311942746753,6.979129247049551e-06,96,147.74211916769792,88.57028175097916,3.1123143939545294e-05,5.156198758865567
ST003662,all,2-Hydroxybutyric acid,2-Hydroxybutyric acid,0.14703532518066093,0.00885668114633461,121,28.42075797204959,28.96345944808264,0.021986011565166354,2.0527289902866435
ST003662,all,2-Phosphoglyceric acid,2-Phosphoglyceric acid,0.1518156883528075,0.08416549894229777,117,2.582056158213675,2.4843165358974355,0.15168128227908226,1.0748658976879661
ST003662,all,3'-AMP,3'-AMP,-0.291362411969888,0.5266104250016722,18,5.536746882166667,2.8810751675555557,0.6296428994585211,0.27851054766845157
ST003662,all,3-Hydroxybutyric acid,3-Hydroxybutyric acid,-0.1163043354814186,1.9292681738242716e-05,121,635.0746873504131,581.5484683338843,7.958231217025121e-05,4.71460739997814
ST003662,all,4-Hydroxy-proline,cis-4-Hydroxyproline,0.013152753123381673,0.677114755601125,121,1.7671030952314049,1.7781665850578512,0.7448262311612375,0.16933772200774305
ST003662,all,5'-AMP,AMP,-0.5305140244728506,2.2979136146911375e-31,121,34.69264100801653,25.00590575338843,6.319262440400628e-30,30.638666301743523
ST003662,all,5'-Methylthioadenosine,5'-Methylthioadenosine,-0.25627969024596775,3.666159069591904e-12,121,0.45580058390082645,0.39255345466942143,2.8805535546793533e-11,11.435788695525664
ST003662,all,Acetylputrescine,N-Acetylputrescine,0.03636566135139197,0.6625889781903067,121,2.83824048431405,2.851800821016528,0.7386971716310852,0.17875579264805572
ST003662,all,Adenine,Adenine,-0.14632578582681366,9.299619675282986e-05,121,0.17564688426446282,0.15964394598347106,0.00036534220152897444,4.031534812338904
ST003662,all,Alanine,Alanine,0.03061943927517499,0.3037249504282547,121,387.44171710661163,397.4625021801653,0.4074359091110734,0.5175195301488129
ST003662,all,Aminoadipic acid,Aminoadipic acid,0.07279882315304559,0.39746912524100797,110,1.501476987418182,1.6028691678363634,0.51639689499816,0.40069660099048293
ST003662,all,Arabinose,Arabinose,0.03131389358460208,0.5462155719576867,103,0.5896342214466019,0.6046188325048545,0.6483853911727935,0.26263592279955367
ST003662,all,Argininosuccinic acid,Argininosuccinic acid,0.23981535962327857,0.09691656032842967,112,0.21002413275,0.1955653462767857,0.16832876267569366,1.013602007833036
ST003662,all,Asparagine,Asparagine,0.01343675448383252,0.5961994182921786,121,26.467552007520663,26.47951937454545,0.6927669297057005,0.22460845204142924
ST003662,all,Cadaverine,Cadaverine,0.021189925202061793,0.7680180612438997,114,0.6110258824912281,0.604478965131579,0.8175676135822159,0.11462856667899587
ST003662,all,CAR 2:0,CAR 2:0,0.270138546402039,7.507802557296517e-08,106,4.958912557245283,6.585036822,4.1292914065130844e-07,7.124487157122098
ST003662,all,CAR 4:0,CAR 4:0,0.24637083350339417,1.004924732885373e-09,121,0.1541300307107438,0.1838733686942149,6.1412067009661675e-09,8.997866464926737
ST003662,all,CAR 4:0;O,CAR 4:0;OH,0.06631832917442633,0.004282861661333853,74,0.030601347121621623,0.032238130554054056,0.012184003002070443,2.3682659533152295
ST003662,all,CAR 4:1;O2,CAR DC4:0,-0.07203254859615485,0.006734425556688119,83,0.03658551256626506,0.03475910992771085,0.017637781219897456,2.1716994434748296
ST003662,all,CAR 5:0,CAR 5:0,-0.06552875819109717,0.07818729907676208,121,0.07319985747107438,0.06812590876859503,0.14336419309761395,1.106863788997237
ST003662,all,CAR 5:0;O,CAR 5:0;OH,-0.03190240382372135,0.09629548204537078,118,0.06663749449152541,0.0657890562118644,0.16832876267569366,1.0163940884600273
ST003662,all,CAR 6:0,CAR 6:0,0.25084717143469576,0.12168400418777228,5,0.027913310599999998,0.035233343,0.20280667364628713,0.9147665076332171
ST003662,all,Carnitine,Carnitine,-0.0329591295406732,0.16813880946418477,121,13.324172526280991,13.068794684123965,0.2568787366813934,0.7743320320048888
ST003662,all,Citric acid,Citric acid,0.03871570247670414,0.33105494271487823,121,248.63498610314048,254.65791936867768,0.4369925243836392,0.4800999236329201
ST003662,all,Creatine,Creatine,0.03711251584462338,0.19638409836692847,121,367.9812108636364,379.8034417049587,0.2972786810141578,0.7068936808621292
ST003662,all,Creatinine,Creatinine,0.17455483628358054,3.367262134092346e-05,121,31.218328563272728,36.13684314819008,0.00013551176881103344,4.472723073407433
ST003662,all,Cysteic acid,Cysteic acid,-0.6360168262390044,5.37431991636812e-08,112,6.777363644669643,4.604392212383928,3.0578027110370336e-07,7.269676484948255
ST003662,all,Cytidine,Cytidine,-0.27837263806638957,0.05433911643200825,68,0.18343365486764704,0.16398774844117647,0.11395835122784155,1.2648874276005526
ST003662,all,Cytosine,Cytosine,0.13652740400187352,0.06386079924281558,76,0.06308319257894736,0.06671526055263158,0.1254408556555306,1.194765650397695
ST003662,all,Dopamine,Dopamine,0.16928741822170892,0.2719619611567366,91,104.06909847594505,109.91586854035165,0.3802857931428944,0.5654918357267915
ST003662,all,GABA,gamma-Aminobutyric acid,0.08256255928812606,0.0004610532880285754,121,27.87219811818182,29.443194096694217,0.0016537780983633683,3.3362488764339817
ST003662,all,"GHS, Glutathione reduced",Glutathione,0.21695107373816347,0.2936196328167317,33,0.3082656796060606,0.4008193221515152,0.4003904083864523,0.5322149087733185
ST003662,all,"Glucono-1,5-Lactone",Gluconolactone,-0.0794022676922111,0.12426235279759261,120,0.9910949013499999,1.0763083692833333,0.20300285358022555,0.9056604276636897
ST003662,all,Glucose,Glucose,0.3683104863606884,3.8449095262873483e-10,121,2120.1084206231403,2746.3849270925616,2.4400387378362018e-09,9.415113875029377
ST003662,all,Glutamate,Glutamic acid,0.0034864806603529604,0.8983028278923945,121,110.27819535735537,111.28432164247934,0.9093249484800312,0.04657723314081808
ST003662,all,Glutamine,Glutamine,0.12691340093166958,9.525306922505684e-08,121,240.09553999917355,261.3687089247934,4.911486381916993e-07,7.021121021678268
ST003662,all,Glycerophosphocholine,sn-Glycero-3-phosphocholine,0.03780962238473892,0.2286953990936871,121,0.5293975106033059,0.5438821238181817,0.33691732902194976,0.6407425724650606
ST003662,all,Glycine,Glycine,0.14567122739956836,0.00066652924864853,121,180.35254027231406,197.00169235256197,0.0021564181573923025,3.1761807881136637
ST003662,all,"GSSG, Glutathione oxidized",Oxidized glutathione,0.34868668619495097,1.304205543933769e-07,86,429.75317499767436,516.8467742011627,6.521027719668845e-07,6.884653958020043
ST003662,all,Guanidineacetic acid,Guanidoacetic acid,0.06250529299785872,0.055446363821718886,121,2.0990989815371903,2.1993260161900823,0.11395835122784155,1.2561269296580622
ST003662,all,Guanine,Guanine,0.1487502033406923,0.005009412731315408,121,0.5280320110578512,0.5953276849917355,0.013775885011117373,2.300213184811103
ST003662,all,Histidine,Histidine,0.06683516323510072,0.0781986507805167,121,51.04942363272727,53.79554584611571,0.14336419309761395,1.106800740081219
ST003662,all,Homoserine,Homoserine,-0.1173424320097515,0.0062127115579689975,121,3.378148484983471,3.0948419016694215,0.016533829146207817,2.2067188092213192
ST003662,all,Hydroxydopamine,Hydroxydopamine,0.07621345918532767,0.04883990494278354,121,0.518208261429752,0.5348307842809918,0.1046569391631076,1.311225189994656
ST003662,all,Hypoxanthine,Hypoxanthine,1.1102525614390955,5.403052639081972e-38,121,1.3855949460247936,2.9425291910495868,2.9716789514950847e-36,37.26736080133893
ST003662,all,Inosine,Inosine,0.18716091436108812,0.07314171779205036,106,1.7183638442452833,2.032212059113207,0.1403300399498641,1.1358348441231052
ST003662,all,Inositol,Inositol,0.38634510854146703,3.058304261652469e-17,121,19.643567875925616,25.631812757157025,3.153876269829108e-16,16.514519310099814
ST003662,all,Isoleucine,Isoleucine,-0.0551720048465914,0.04461332146787532,121,37.400582344793385,35.500440776942156,0.09685786897630826,1.3505354422712335
ST003662,all,Ketamine,Ketamine,0.018858970267639136,0.7992124473388048,23,0.05161129047826087,0.05294200008695653,0.8293714076157408,0.09733776080752371
ST003662,all,Kynurenine,Kynurenine,-0.01702605420534142,0.6473528148824408,121,1.6641858670826446,1.6320914667768596,0.7315973592849502,0.18885895921673043
ST003662,all,Lactic acid,Lactic acid,3.6099593951850197,1.862100212118127e-29,79,2513.7910955913294,12793.612717063292,3.4138503888832326e-28,28.729996950422986
ST003662,all,Lactose,Lactose,0.20717634683187877,0.007351293367565247,112,0.5792642808482142,0.6620084410714286,0.018952553213254154,2.1336362455441686
ST003662,all,Leucine,Leucine,-0.029564326799600513,0.2856131876995758,121,79.40025595280991,76.45334441636363,0.39335914982648545,0.5442217436293102
ST003662,all,Mannitol,Mannitol,0.03166966635913095,0.2517767663038512,121,7.736424130438016,8.052375687619834,0.3587985163535591,0.5989843486188509
ST003662,all,Mannitol-1-phosphate,Mannitol 1-phosphate,-0.3311917589652921,0.016540632164529716,86,9.593581080127906,8.71139000166279,0.03843949728376624,1.7814478962151268
ST003662,all,Mevalonic acid,Mevalonic acid,0.03150585885402108,0.643251896522712,116,0.3347587236810345,0.3371292473103448,0.7315973592849502,0.19161892466968045
ST003662,all,N4-Acetylcytidine,N4-Acetylcytidine,-0.2002099855463877,3.6686915674120005e-11,112,1.2084406268749999,1.0717154438928571,2.5222254525957506e-10,10.435488798519758
ST003662,all,N-Acetylserine,N-Acetylserine,0.002755259939304183,0.9198108572472892,121,105.38421595471074,106.1238162070248,0.9254194600353824,0.036301468414125806
ST003662,all,NAD+,NAD,-0.1723937236820882,1.9795141376957092e-07,121,4.130606001090909,3.6956635743719004,9.606465668229178e-07,6.703441392168251
ST003662,all,NADP+,NADP,-0.2027700069639593,0.014109772192423917,93,2.8009754474623656,2.528690820892473,0.03325874873928494,1.8504799980367153
ST003662,all,Nicotinamide,Niacinamide,0.17571672810234876,1.8332642178856529e-10,121,8.670271410834713,9.685477863661157,1.2099543838045308e-09,9.73677493814725
ST003662,all,Nicotine,Nicotine,0.1436331331079017,0.08965700742133476,121,186.50190707057854,203.04640592107435,0.15906888413462617,1.0474157611437807
ST003662,all,Nicotinic acid adenine dinucleotide,Nicotinic acid adenine dinucleotide,0.03518226748390158,0.5562002797795809,113,0.18711278698230088,0.18953169578761067,0.6555217583116488,0.2547687970132157
ST003662,all,N-Methylhydantoin,N-Methylhydantoin,0.06039116117358681,0.099209560967418,121,27.97845626322314,29.26143953685951,0.17051643291274968,1.0034464722479937
ST003662,all,Ophthalmic acid,Ophthalmic acid,-0.07106620700954036,0.02963810440103775,121,1.2930922481239666,1.231489001140496,0.06699023597494834,1.5281495764854007
ST003662,all,Ornithine,Ornithine,-0.12828348394565717,9.711853107787022e-06,121,48.46727785801654,44.24184989826446,4.216988849433838e-05,5.012697894942621
ST003662,all,Oxalic acid,Oxalic acid,0.08886342678824341,0.5784374116659258,103,12.024075236446604,13.795146071203881,0.6768948434388493,0.23774362588878067
ST003662,all,Pantothenic acid,Pantothenic acid,0.38178954241416324,1.9146285510084735e-31,121,0.24807001119008265,0.31831554848760324,6.318274218327963e-30,30.71791546915993
ST003662,all,Phenylalanine,Phenylalanine,-0.03939978053587119,0.11374230692044776,121,36.4497556931405,35.152256555950416,0.19150490450891716,0.9440779676377418
ST003662,all,Phosphocholine,Choline phosphate,-0.034806592191137666,0.30227814763414584,121,48.10164434471075,46.932670430330575,0.4074359091110734,0.5195932478104016
ST003662,all,Phosphocreatine,Phosphocreatine,-0.26727086755373386,1.324032588826479e-12,116,1.9114813279568965,1.5681036319051724,1.0923268857818452e-11,11.878101325339422
ST003662,all,Proline,Proline,0.007668748565498754,0.7360867843257993,121,131.02040779024793,130.2444722198347,0.7886644117776421,0.13307097950501734
ST003662,all,Pseudouridine,Pseudouridine,0.3426001671343694,1.667124197061747e-11,121,3.4163406564380168,4.4233915966942146,1.1959804022399489e-10,10.778032044989391
ST003662,all,pyridoxine,Pyridoxine,0.023200077186482416,0.7791215903824452,25,0.032270071600000005,0.03287705128,0.8240709129045093,0.10839476066959626
ST003662,all,Pyruvic acid,Pyruvic acid,1.9997748427949464,7.818099580891603e-64,121,44.671929895165285,177.34221847305787,1.2899864308471145e-61,63.106898802162114
ST003662,all,Rhamnose,Rhamnose,-0.10269242766050747,0.12374466496042766,93,0.30919018545161286,0.290556065827957,0.20300285358022555,0.9074735158545356
ST003662,all,S-Adenosylmethionine,S-Adenosylmethionine,-0.1138519755613482,0.28607938169198943,105,1.0988828917619047,1.0752547820571428,0.39335914982648545,0.5435134415308741
ST003662,all,Sedoheptulose-7-phosphate,Sedoheptulose 7-phosphate,0.08261390232611399,0.7319651302718742,5,1.4340210866,1.8140316654,0.7886644117776421,0.13550960759081193
ST003662,all,Spermidine,Spermidine,-0.06245723193129238,0.6393755761592296,121,9.299817430727273,7.999267051537191,0.7315973592849502,0.19424395758867355
ST003662,all,Spermine,Spermine,-0.26878610583679674,0.3210969133458777,121,218.48167386519833,163.24751410327272,0.42726605404895013,0.49336386921797565
ST003662,all,Threonine,Threonine,-0.08802869186066632,0.0029113674638523625,121,72.33254270545454,67.54007236826446,0.008427642658519996,2.535902975787011
ST003662,all,UMP,UMP,-0.9647646845443584,1.285713011299854e-29,121,2.259671263289256,1.3542714234628102,2.651783085805949e-28,28.89085596105271
ST003662,all,Uracil,Uracil,0.5248882080949343,0.001877922336673053,53,0.07936249733962263,0.10402183230188679,0.005738096028723217,2.726322372374366
ST003662,all,Urea,Urea,-0.01443714349886838,0.798623956329899,121,8775.546337884296,8468.046221413224,0.8293714076157408,0.09765766641085948
ST003662,all,Ureidosuccinic acid,N-Carbamoylaspartic acid,-0.1940292854712951,0.008927653181006944,75,0.5731640331333333,0.4980092554,0.021986011565166354,2.0492626894303
ST003662,all,Uridine,Uridine,0.011888531756375924,0.6986345193224535,120,1.8722395958750002,1.8988539935916668,0.7634085807165881,0.15574995980789047
ST003662,all,Xanthine,Xanthine,1.4326893915840937,3.0075111605333535e-35,121,0.7439008331735537,2.0647537785454544,1.2405983537200083e-33,34.52179275236748
ST003662,all,"2,3-Dihydroxyisovaleric acid","2,3-Dihydroxyisovaleric acid",-0.20352836589603238,0.13437308348758775,34,0.1605635189117647,0.14901010429411765,0.21525785218885415,0.8716877168739062
ST003662,all,3- carboxy-4-methyl-5-propyl-2-furanpropanoic acid,3-Carboxy-4-methyl-5-propyl-2-furanpropanoic acid,-0.6331138530090413,0.00016699691047605573,105,8.108715860514284,3.9471438943619046,0.0006408020983383534,3.7772915634369215
ST003662,all,3-Methyl-2-Oxovaleric acid,3-Methyl-2-oxovaleric acid,0.052551579130460366,0.05718458523005146,121,266.17218781049587,274.02296035454555,0.11506654345071331,1.2427210245591478
ST003662,all,3-Phosphoglyceric acid,3-Phosphoglyceric acid,0.4514965362171592,9.714224453642043e-12,119,24.359383161563024,32.1438892377479,7.285668340231533e-11,11.012591866083076
ST003662,all,5-Methyluridine,Ribothymidine,-0.255600668613138,0.07693245149618176,24,0.1666090206666667,0.13538658854166666,0.14336419309761395,1.1138904283018758
ST003662,all,6-Phosphogluconic acid,6-Phosphogluconic acid,-0.4911169998827486,2.1295279366939903e-16,120,0.637234919875,0.4594694858333333,2.0668947620853434e-15,15.67171665816245
ST003662,all,Acetoacetic acid,Acetoacetic acid,0.3292409282216925,5.916645659442977e-07,121,9.980658031099173,12.407312403082646,2.7892758108802606e-06,6.227924439301089
ST003662,all,Adenosine,Adenosine,-0.5805219128125524,0.055414864730075446,31,0.36135503477419356,0.3008694249032258,0.11395835122784155,1.2563737225582048
ST003662,all,ADP,ADP,-0.40284719282482345,4.942563088271173e-24,121,78.36417953785124,58.48094629322314,7.41384463240676e-23,23.30604777852149
ST003662,all,Allantoin,Allantoin,0.20893132860191033,0.00018578950732433782,117,7.795074485316239,9.217725018914532,0.0006967106524662668,3.730978816929118
ST003662,all,alpha-Ketoglutaric acid,2-Oxoglutaric acid,-0.1596512289146625,0.011653755053873588,121,0.7138017265867769,0.634412992140496,0.027867675128828148,1.9335341144309575
ST003662,all,Arginine,Arginine,0.5595560785037679,2.347848900631638e-20,121,15.901794856066113,21.814274457256204,3.2282922383685025e-19,19.629329856203572
ST003662,all,Ascorbic acid,Vitamin C,-0.31192749596310565,5.529269287808816e-06,120,1.9008882448833333,1.4474538962249999,2.5342484235790408e-05,5.257332258431403
ST003662,all,Aspartic acid,Aspartic acid,-0.053370249309273275,0.08457380587682163,121,68.34525231338843,66.92581384272728,0.15168128227908226,1.072764125432009
ST003662,all,ATP,ATP,-0.07109949999911915,0.2522462296788658,88,88.30807138068181,84.56219641079544,0.3587985163535591,0.5981753164365459
ST003662,all,Betaine,Betaine,0.04794260473213412,0.41707818488397325,120,25.840548406283332,27.09412906115,0.533472096944617,0.3797825251680262
ST003662,all,Biotin,Biotin,-0.0914350143768097,0.2416475144381783,14,0.15152581328571427,0.15072691178571426,0.3497529814236791,0.6168176676111145
ST003662,all,Caffeine,Caffeine,-0.1242256099404799,0.0045762073283172056,104,3.177100729769231,3.002008202596154,0.01279786795207354,2.339494307749915
ST003662,all,CAR 10:0,CAR 10:0,0.42351309459591824,0.00033594964463561035,22,0.027714629181818183,0.038030238363636365,0.0012318153636639046,3.473725813966641
ST003662,all,CAR 10:1,CAR 10:1,0.4231442504213876,0.0245682365427347,8,0.02568262925,0.03571886825,0.05630220874376703,1.609626015161948
ST003662,all,CAR 14:0,CAR 14:0,-0.06302992224033448,0.4260655262689539,12,0.026710857333333334,0.0259086955,0.5399845951037445,0.37052360392872613
ST003662,all,CAR 14:2;O,CAR 14:2;OH,-0.08060780847256191,0.4081621774630483,90,0.09987152078888888,0.09810380693333334,0.5261465568859607,0.38916724185447343
ST003662,all,CAR 14:2;O2,CAR 14:2;O2,-0.25068874324049967,0.13029781036552587,50,0.10053362210000001,0.06923407640000001,0.2107758697089389,0.885062882477436
ST003662,all,CAR 16:0,CAR 16:0,-0.11012333417049881,0.0004939846957054692,117,0.07996089772649571,0.07525598096581199,0.0017342015913064343,3.3062865058812574
ST003662,all,CAR 16:2;O,CAR 16:2;OH,0.13217343536377102,0.22345507143841928,35,0.05632407562857143,0.06255286437142858,0.33216294403008273,0.650809784334447
ST003662,all,CAR 18:0,CAR 18:0,-0.15055460751371513,1.1000329149567922e-05,97,0.049472328505154636,0.04644125784536082,4.6539854094325825e-05,4.9585943197779185
ST003662,all,CAR 18:1,CAR 18:1,-0.11112599595794179,0.0007553634294687082,121,0.11480772538016529,0.1072389832892562,0.002396826266583401,3.121844045143128
ST003662,all,CAR 18:2,CAR 18:2,-0.04947681010283498,0.1044303599636393,105,0.0515464355904762,0.050234166266666665,0.17763927210309777,0.9811732250128757
ST003662,all,CAR 18:2;O2,CAR 18:2;O2,-0.06784322852689939,0.4572656639228106,93,0.08878886479569895,0.08593559048387095,0.5672844702801785,0.33983140856620064
ST003662,all,CAR 22:6,CAR 22:6,0.017530027741367343,0.6724766031473299,19,0.023761509210526315,0.024027224473684213,0.7446888558342916,0.17232282106647595
ST003662,all,CAR 3:0,CAR 3:0,0.06051632543438882,0.6534024193028429,90,5.348497239922223,4.8679683161777785,0.7334108788093134,0.1848192618288557
ST003662,all,CAR 8:0,CAR 8:0,0.15695760046069793,0.26202450227006074,5,0.0274667742,0.032869468400000004,0.3695217339705985,0.5816580953095318
ST003662,all,CAR 8:1,CAR 8:1,0.3002781450839508,0.144014097166383,8,0.025601774875,0.0302819415,0.22417288709861505,0.8415949938636966
ST003662,all,Choline,Choline,0.3351031943248369,1.0589170588337497e-17,121,24.400927128661156,30.181152631487603,1.1648087647171247e-16,16.975138055285793
ST003662,all,Cis-Aconitic acid,cis-Aconitic acid,0.15639217381663187,0.007624760043449307,121,9.771427278661157,11.290015865512398,0.019355160110294395,2.1177738193183115
ST003662,all,Citrulline,Citrulline,0.06810324296164139,0.2231239847521796,121,29.57628201950413,31.956770060578513,0.33216294403008273,0.6514537426447031
ST003662,all,Cortisol,Cortisol,-0.1377586494297537,0.005631315153292339,86,0.2706226370348837,0.2382276201744186,0.015232245906446491,2.2493901669396097
ST003662,all,Cotinine,Cotinine,-0.0960245263000922,0.5233490743384613,11,0.8478128513636363,0.7403184754545454,0.6296428994585211,0.2812085396438221
ST003662,all,dGTP,dGTP,-0.31425563966746806,0.05816998945042488,83,32.31513062366265,22.410872529228914,0.1156391356544591,1.2353010149642705
ST003662,all,Dihydroxyacetone phosphate,Dihydroxyacetone phosphate,0.793069557095117,1.8819491855907783e-14,67,19.929661224791044,14.921132070074629,1.6343242927498866e-13,13.725392107112512
ST003662,all,"Fructose-1,6-bisphosphate","Fructose 1,6-bisphosphate",-1.0064848044004258,2.308369130970224e-24,121,0.33334675411570247,0.17669888180165289,3.80880906610087e-23,23.636694741995903
ST003662,all,Fructose-6-phosphate,Fructose 6-phosphate,0.06285967763578151,0.07702100668375524,121,10.030902700776858,10.942487427619838,0.14336419309761395,1.1133908093390632
ST003662,all,Fumaric acid,Fumaric acid,-0.1241724011314916,0.055943190602758576,119,77.69954951983195,73.506037172521,0.11395835122784155,1.2522527681815616
ST003662,all,GDP,GDP,-0.17081713238935825,0.4319876760829956,55,2.2004478472363638,3.5743574010000008,0.5399845951037445,0.36452864273484414
ST003662,all,Gluconate,Gluconic acid,-0.029629052168472853,0.4765770797251021,121,14.731367896669422,12.8751406363719,0.5868299862286706,0.32186684824275846
ST003662,all,Glyoxylic acid,Glyoxylic acid,0.030164988731119433,0.8170027201385848,121,331.86888200239673,335.9951230156364,0.8425340551429155,0.08777649751995809
ST003662,all,Hippuric acid,Hippuric acid,0.9599812510109064,0.000504584399382777,55,21.258959253254545,31.329732749781815,0.001734508872878296,3.2970661810215973
ST003662,all,Hydroxyglutaric acid,Hydroxyglutaric acid,0.010852540433181174,0.8810065970195544,117,6.778178637743589,6.8628996595641025,0.897321534001398,0.05502083955791503
ST003662,all,Indolelactic acid,Indolelactic acid,-0.039252382378493385,0.6260505016005222,118,3.7845857437966104,5.378846863796611,0.722365963385218,0.20339063215411762
ST003662,all,Ketoisovaleric acid,Ketoisovaleric acid,0.17541568695408832,9.569159691094826e-09,121,5.904932976256198,6.609522334991736,5.63896910368088e-08,8.019126197807658
ST003662,all,Lactoyl Phenylalanine,N-Lactoyl phenylalanine,1.158602604139859,2.7324245842427723e-15,116,0.5391989305689655,0.7552617628879312,2.5047225355558747e-14,14.563451815873849
ST003662,all,L-Norepinephrin,Norepinephrine,0.024121996355336153,0.8654623567471149,39,0.06835328235897435,0.0736400014871795,0.8869645271010804,0.06275181700006871
ST003662,all,Lysine,Lysine,0.053674064155819975,0.06846136617655436,121,49.1483344898347,50.5393507292562,0.1328955931662526,1.1645544385750215
ST003662,all,Maleic acid,Maleic acid,0.36248190300812355,5.803074345501546e-30,121,0.4571192460991735,0.5771277804214876,1.3678675242967931e-28,29.236341865479886
ST003662,all,Malic acid,Malic acid,0.47233699457524897,8.868689527134482e-08,77,14.255960427064936,16.516904657103893,4.720431522507063e-07,7.05214054850882
ST003662,all,Methionine,Methionine,-0.04350838188346874,0.16696440646993183,118,16.01300414755932,15.039556430262714,0.2568787366813934,0.7773761020336248
ST003662,all,"N6,N6,N6-Trimethyl-L-lysine",N-6-Trimethyllysine,0.19324194632180144,0.002325424229462626,121,0.6817465910330578,0.7564898128347107,0.0068516963903809515,2.6334978067705577
ST003662,all,N-Acetyl-L-aspartic acid,N-Acetylaspartic acid,-0.3272999111822649,0.0009758909018074507,95,0.7084946945368422,0.6090589489052631,0.003038150920721309,3.010598730890008
ST003662,all,Nicotinic acid,Nicotinic acid,-0.08843300279444663,0.7850850683652305,41,30.467503651585364,30.335195431707316,0.8250894030590004,0.1050832824650047
ST003662,all,Noradrenaline,Xi-Norepinephrine,-0.028274598462433055,0.5029726658866162,119,0.3408290447310924,0.3357787904453781,0.6102241902300858,0.29845561609153076
ST003662,all,Oxaloacetic acid,Oxaloacetic acid,-0.20727641638566066,0.23251690277290926,61,123.62516800049178,191.26389659360657,0.3395158314825666,0.6335454706700335
ST003662,all,Putrescine,Putrescine,-0.22061663850948665,0.14365496823747764,90,0.5596594309111111,0.5119525928444445,0.22417288709861505,0.8426793495480535
ST003662,all,Quinolinic acid,Quinolinic acid,0.21476000134766862,0.3677601249278164,37,1.9343869987297295,2.6533138292972978,0.48159063978642624,0.4344353617282382
ST003662,all,Ribose,Ribose,0.0717847101059976,0.036928714824577706,121,27.335484946000005,29.10203282782645,0.08124317261407095,1.4326358061943016
ST003662,all,Ribose-5-phosphate,Ribose 5-phosphate,0.5120455788622155,0.0005685364316514755,48,0.4214572215833334,0.5385061596041666,0.0018761702244498692,3.2452417006187178
ST003662,all,Serine,Serine,0.03941917865477975,0.4305473146144599,121,109.51717293289255,112.77429790107438,0.5399845951037445,0.3659791151816303
ST003662,all,Serotonin,Serotonin,0.7988342272601192,1.2873662516978851e-18,78,0.10833363224358976,0.17200186867948716,1.6339648579242388e-17,17.89029788008626
ST003662,all,Succinic acid,Succinic acid,1.0029531668974063,8.690834732450301e-46,121,7.14139293822314,13.412159891008264,7.169938654271499e-44,45.060938508673665
ST003662,all,Testosterone,Testosterone,-0.004248071324492445,0.9570703479069105,15,0.18621316880000002,0.18811963213333333,0.9570703479069104,0.019056138936917943
ST003662,all,Theobromin,Theobromine,-0.18349292036295262,0.0019301680683757462,108,2.2646149767129633,2.055985299685185,0.005790504205127239,2.7144048733807016
ST003662,all,Trimethylamine N-oxide,Trimethylamine N-oxide,0.17826227624718383,0.0005672469478681067,110,0.39331566772727267,0.4078381836,0.0018761702244498692,3.2462278322038998
ST003662,all,Tryptophan,Tryptophan,-0.3000700236366679,2.6615601234888007e-18,121,27.86508560876859,22.29531829818182,3.1368387169689437e-17,17.574863718856435
ST003662,all,Tyrosine,Tyrosine,-0.01864398356822004,0.48970592106031446,121,44.99089871438016,43.7349769361157,0.5985294590737177,0.31006464487237706
ST003662,all,UDP,UDP,0.08516652867489737,0.03493731530799221,120,6.5489395384249995,6.923620871833334,0.07790077061917182,1.4567104706101268
ST003662,all,Valerolactam,2-Piperidinone,-0.21176597426598107,0.010848598029619601,91,0.06956782457142857,0.05928536451648352,0.026323804042459327,1.9646263823076617
ST003662,all,Valine,Valine,-0.03418388442307849,0.13971005789371832,121,126.55688100173553,122.71376938173553,0.22165538031214924,0.8547723273825558
ST003662,all,Xylose,Xylose,0.024970981472160522,0.7286582402105403,121,321.926317245124,333.0544233233058,0.7886644117776421,0.13747611940866533
ST003662,f,"1,5-Anhydroglucitol","1,5-Anhydrosorbitol",-0.6190243208874677,0.0019838278020171667,44,151.70664609586365,100.26028092929545,0.008927225109077251,2.702496027685535
ST003662,f,2-Hydroxybutyric acid,2-Hydroxybutyric acid,0.21044846871795084,0.007873837967909124,55,29.622583024490915,30.435892397090907,0.03111126221466532,2.1038135266002733
ST003662,f,2-Phosphoglyceric acid,2-Phosphoglyceric acid,0.18470035486459718,0.19428497860407407,54,1.9359451460925925,2.1629364959074073,0.3147416653386,0.7115607761451951
ST003662,f,3'-AMP,3'-AMP,-1.1791405309080498,0.018081867351497395,8,11.112701668375,4.488596809375,0.05858525021885156,1.7427567210634296
ST003662,f,3-Hydroxybutyric acid,3-Hydroxybutyric acid,-0.09330250913043536,0.02318646791607316,55,595.8122059527274,556.0911847236365,0.07223476543084331,1.634765404073978
ST003662,f,4-Hydroxy-proline,cis-4-Hydroxyproline,0.020390862878935802,0.670732597309178,55,1.606770789981818,1.6378295362545456,0.8423153547603631,0.17345058662567106
ST003662,f,5'-AMP,AMP,-0.5120207424531069,6.927675371118151e-13,55,35.02910854818181,25.906025017290915,1.4028542626514256e-11,12.159412471428823
ST003662,f,5'-Methylthioadenosine,5'-Methylthioadenosine,-0.24032686107811213,8.924120656703099e-06,55,0.4180342870181817,0.3621182021818182,5.7828301855436076e-05,5.049434566560978
ST003662,f,Acetylputrescine,N-Acetylputrescine,0.011666967026859595,0.9033242369257696,55,2.868918471563637,2.874119048781818,0.9690106225317057,0.04415633713621693
ST003662,f,Adenine,Adenine,-0.12670963428203388,0.03298308023630962,55,0.16505173414545454,0.15556272692727272,0.08905431663803598,1.4817087887410427
ST003662,f,Alanine,Alanine,0.0466807070907799,0.36085211461157995,55,384.8660457272727,401.99740271454533,0.5266490321358194,0.4426707453711968
ST003662,f,Aminoadipic acid,Aminoadipic acid,0.07405757055581452,0.6032919921904752,48,1.4380463525416667,1.5960299219166665,0.7815599389099785,0.21947243926269328
ST003662,f,Arabinose,Arabinose,-0.012338757964001317,0.8606341195964295,48,0.6061717514791667,0.5961274654791667,0.9690106225317057,0.06518144043017318
ST003662,f,Argininosuccinic acid,Argininosuccinic acid,0.038533536198046205,0.8521069892122805,50,0.24097725639999998,0.17843635781999997,0.9690106225317057,0.06950587247817151
ST003662,f,Asparagine,Asparagine,-0.004824938114466941,0.8979589354218079,55,27.30670412345454,27.001974587454544,0.9690106225317057,0.04674352360829755
ST003662,f,Cadaverine,Cadaverine,-0.007108428643601308,0.9475437272033953,51,0.6028719939215686,0.5717331171176471,0.9777202790251593,0.023400739096089584
ST003662,f,CAR 2:0,CAR 2:0,0.27012813756713877,0.000135374364880144,47,4.889921704021277,6.673712754787233,0.0007562292107097699,3.8684635678897688
ST003662,f,CAR 4:0,CAR 4:0,0.300636825667281,7.238251337560887e-07,55,0.1367756685090909,0.16882012065454544,5.8629835834243185e-06,6.1403663407331175
ST003662,f,CAR 4:0;O,CAR 4:0;OH,0.06343586917157128,0.05238246555608344,32,0.0305320154375,0.03252352503125,0.12298491913167417,1.280814063906174
ST003662,f,CAR 4:1;O2,CAR DC4:0,-0.07106386689208351,0.10108255086242814,31,0.03631915222580645,0.03486572429032257,0.19801527343448516,0.9953238070024366
ST003662,f,CAR 5:0,CAR 5:0,-0.06915282932393248,0.19946066404798987,55,0.06298173710909091,0.05915618796363637,0.31992700570073623,0.7001427394324135
ST003662,f,CAR 5:0;O,CAR 5:0;OH,-0.061255827202509223,0.026500778605203935,53,0.04856401071698114,0.046290969264150945,0.0788816298761304,1.5767413661018266
ST003662,f,Carnitine,Carnitine,-0.04792856029771485,0.17747182948777246,55,12.312012157472727,11.981871751563636,0.3011585222080865,0.7508705737015665
ST003662,f,Citric acid,Citric acid,0.055309666343643586,0.3455171412688879,55,252.1232058123637,261.6528980187273,0.5135208888583471,0.4615304022005536
ST003662,f,Creatine,Creatine,0.004191962526419327,0.9333611752774745,55,376.27461764181817,381.7741952127272,0.969259682018916,0.02995026828205819
ST003662,f,Creatinine,Creatinine,0.17888597056568195,0.009290497574178155,55,26.149226092999996,29.87091374352727,0.03424980894815175,2.031961025733688
ST003662,f,Cysteic acid,Cysteic acid,-0.4044483421339746,0.0312781230696764,50,5.997220143460001,6.26617886894,0.08588230402182334,1.5047593158723989
ST003662,f,Cytidine,Cytidine,-0.4357813379340691,0.06921516207460808,28,0.2657481079642857,0.18434344228571428,0.15573411466786818,1.1597987598198383
ST003662,f,Cytosine,Cytosine,-0.010060231567927836,0.9213928860228855,37,0.07485852289189189,0.07228195675675676,0.9690106225317057,0.03555514521219987
ST003662,f,Dopamine,Dopamine,0.20763592042807674,0.2559777753294832,42,105.94925511352383,113.21546355335713,0.39493713907977407,0.5917977396520717
ST003662,f,GABA,gamma-Aminobutyric acid,0.06909708917674653,0.038341067432052296,55,26.335645679636357,27.60676057581819,0.09892963843171075,1.4163358003417088
ST003662,f,"GHS, Glutathione reduced",Glutathione,-0.08848079819818098,0.8083875597296672,12,0.2890253921666667,0.35616999675,0.9489767005522182,0.09238037845996229
ST003662,f,"Glucono-1,5-Lactone",Gluconolactone,-0.07608733724862869,0.3885185520071432,55,1.0702718189999998,1.2192029625090905,0.5569911984527185,0.4105882385311153
ST003662,f,Glucose,Glucose,0.4509872961686969,2.902524436390674e-07,55,2027.3970538818182,2819.2353575709094,2.612271992751607e-06,6.537224115243151
ST003662,f,Glutamate,Glutamic acid,-0.02128591938671041,0.5839419462924949,55,115.27479472236365,115.03350720181818,0.7628918975756788,0.23363032695960692
ST003662,f,Glutamine,Glutamine,0.10755536404043833,0.0032982536919078155,55,238.20721472727274,255.6433463745455,0.01406097626550174,2.4817159427611437
ST003662,f,Glycerophosphocholine,sn-Glycero-3-phosphocholine,0.01304423778094916,0.7804296961971928,55,0.5228029239636363,0.5321878568727273,0.9296294910584209,0.10766621358659076
ST003662,f,Glycine,Glycine,0.09956780466511438,0.17989143255033516,55,187.52468395290904,197.55644871200005,0.3011585222080865,0.7449895197267928
ST003662,f,"GSSG, Glutathione oxidized",Oxidized glutathione,0.22681392216991245,0.024626403338721712,37,550.4907734972974,596.8918612972974,0.07527315737496071,1.6085990117989757
ST003662,f,Guanidineacetic acid,Guanidoacetic acid,0.08680680862542213,0.10416126192018065,55,2.120490822981818,2.2863727500363638,0.20088243370320555,0.982293767239293
ST003662,f,Guanine,Guanine,0.18759427357774328,0.02700828274286805,55,0.541570785690909,0.6328868016181818,0.0788816298761304,1.5685030285117612
ST003662,f,Histidine,Histidine,-0.009112652294399465,0.8696505597811771,55,54.4417743529091,53.88577867490908,0.9690106225317057,0.06065521915673618
ST003662,f,Homoserine,Homoserine,-0.1455905632057042,0.04055604553150418,55,3.4399255430727274,3.0623551153999995,0.10265749025161995,1.3919443980428834
ST003662,f,Hydroxydopamine,Hydroxydopamine,0.11278781672472146,0.05890859587282489,55,0.5027257916181819,0.5282145607636364,0.13633132187710903,1.229821328850351
ST003662,f,Hypoxanthine,Hypoxanthine,0.9465623779911564,1.161888874251429e-15,55,1.5298392782909094,2.983076420363636,4.705649940718288e-14,14.934835406891677
ST003662,f,Inosine,Inosine,0.024750237330789026,0.8704527821782398,45,1.9500231049777776,2.3193489240000003,0.9690106225317057,0.06025478226705789
ST003662,f,Inositol,Inositol,0.43250637060472,4.843211322241967e-11,55,19.28675394270909,25.64890229156364,7.132729401847261e-10,10.314866581112176
ST003662,f,Isoleucine,Isoleucine,-0.08180079256504236,0.07651869705986633,55,37.32799034745454,34.625452491454546,0.16310564373287298,1.1162324336333451
ST003662,f,Ketamine,Ketamine,0.1414724044358464,0.3500477638438024,10,0.049889052200000006,0.056373102900000006,0.5155248885699635,0.4558726923397006
ST003662,f,Kynurenine,Kynurenine,-0.07802169525639015,0.10580818141742757,55,1.7610884485636362,1.6646497716545456,0.2016579457602737,0.9754807500033915
ST003662,f,Lactic acid,Lactic acid,3.339236585865474,5.53884215074374e-12,34,2899.1591173944116,12057.196484941176,9.969915871338732e-11,11.256581011462414
ST003662,f,Lactose,Lactose,0.18534000676703521,0.11924768978921646,50,0.6366216692599999,0.7374517914400001,0.21705759265003446,0.9235500258854498
ST003662,f,Leucine,Leucine,-0.057123400091130656,0.18909624580500836,55,76.34366435709092,71.11854044763636,0.31258767163685053,0.7233170932721124
ST003662,f,Mannitol,Mannitol,-0.012341806971701954,0.7424110413973156,55,8.423926147745455,8.474623964363635,0.8975417067639189,0.12935557776135434
ST003662,f,Mannitol-1-phosphate,Mannitol 1-phosphate,-0.5649037342450882,0.006848442729756828,37,8.66487285581081,7.021713442567567,0.02773619305551515,2.164408171684401
ST003662,f,Mevalonic acid,Mevalonic acid,-0.0010791976363332925,0.991194069668559,53,0.32219310177358496,0.32274771641509437,0.9976817925973289,0.0038413050156948397
ST003662,f,N4-Acetylcytidine,N4-Acetylcytidine,-0.19560455895265516,1.854867704331114e-05,50,1.4089459696,1.2511719253400002,0.00011557252619293865,4.731687060349682
ST003662,f,N-Acetylserine,N-Acetylserine,-0.009713032677791165,0.7995721806404593,55,109.456006446,109.75172923090909,0.9454795128741198,0.09714232461459592
ST003662,f,NAD+,NAD,-0.16130771110895034,0.0015880957620975644,55,3.950691675981818,3.591714406400001,0.007566809219406042,2.7991233131830935
ST003662,f,NADP+,NADP,-0.28267016793905464,0.014941373608913476,43,2.672895885744186,2.3489289788837215,0.051500053715829434,1.825609474585603
ST003662,f,Nicotinamide,Niacinamide,0.15967205495699388,6.26499203516295e-05,55,8.59655620030909,9.569786307345455,0.000362474539177285,4.203079476798639
ST003662,f,Nicotine,Nicotine,0.21420544586429088,0.11548843310719109,55,186.40272838254546,207.73941252254548,0.2156813919630124,0.9374615109170812
ST003662,f,Nicotinic acid adenine dinucleotide,Nicotinic acid adenine dinucleotide,0.04780166755551011,0.6078799524855388,51,0.19758059815686277,0.2000886607843137,0.7815599389099785,0.216182179149648
ST003662,f,N-Methylhydantoin,N-Methylhydantoin,0.07006534253225066,0.15479854626528003,55,29.142538194,30.67156991127273,0.27557543401071827,0.8102331221539761
ST003662,f,Ophthalmic acid,Ophthalmic acid,-0.07354278977959158,0.17926288823811315,55,1.3609277991818185,1.2861245510727268,0.3011585222080865,0.7465096106142571
ST003662,f,Ornithine,Ornithine,-0.1537720833325685,0.00037118706526773304,55,49.42771812054546,44.47606098272726,0.002004410152445758,3.4304071660219346
ST003662,f,Oxalic acid,Oxalic acid,0.020277713974107724,0.9271397931630516,48,14.991423518041666,14.7378752615,0.9690106225317057,0.032854778453031946
ST003662,f,Pantothenic acid,Pantothenic acid,0.34275654708309855,8.688459204978487e-15,55,0.25225967143636363,0.31225019009090904,2.8150607824130297e-13,14.061057233690086
ST003662,f,Phenylalanine,Phenylalanine,-0.052545917672219764,0.1919369763935085,55,38.01897016709091,36.288006809636364,0.314078688643923,0.7168413509720619
ST003662,f,Phosphocholine,Choline phosphate,-0.03104468375954127,0.5049555806637184,55,48.39820983254547,47.398885940000014,0.6843113921287831,0.2967468237052974
ST003662,f,Phosphocreatine,Phosphocreatine,-0.29855152664627566,7.868057704331485e-09,53,2.0129424939245286,1.6276631458867927,9.104466772155005e-08,8.104132463625495
ST003662,f,Proline,Proline,-0.013817706973749322,0.7040978122894821,55,126.19508753781817,122.67093200054546,0.8641200423552734,0.1523670050810945
ST003662,f,Pseudouridine,Pseudouridine,0.3490741524173737,1.5226348830595086e-06,55,3.6028009155636362,4.762958999054545,1.1746040526459066e-05,5.817404224886382
ST003662,f,pyridoxine,Pyridoxine,0.055680034220517385,0.5627288414549485,14,0.0313309675,0.03305862964285715,0.7411550594772494,0.24970082544714434
ST003662,f,Pyruvic acid,Pyruvic acid,1.9303729432310541,2.601727161677069e-29,55,45.45728565838182,175.5294615078182,4.214798001916852e-27,28.584738249046882
ST003662,f,Rhamnose,Rhamnose,-0.07553455657739559,0.4117672877770876,42,0.3134380638095238,0.2976360281190476,0.5800547879990278,0.38534815820900975
ST003662,f,S-Adenosylmethionine,S-Adenosylmethionine,-0.26931130403367515,0.1317458577445941,46,1.2146296498913043,1.040412127043478,0.2371425439402694,0.8802630306652897
ST003662,f,Sedoheptulose-7-phosphate,Sedoheptulose 7-phosphate,0.04490660375912494,0.8490040664102162,3,1.0980654193333335,1.1182438653333333,0.9690106225317057,0.07109022964381087
ST003662,f,Spermidine,Spermidine,0.04625699791650738,0.8272836985178533,55,9.87252619329091,8.4306185306,0.9641723680567786,0.08234553328593856
ST003662,f,Spermine,Spermine,0.03467353776779772,0.9234607494850909,55,178.56415413967275,158.30730403647274,0.9690106225317057,0.034581558961473316
ST003662,f,Threonine,Threonine,-0.13492942601475638,0.002320407962248423,55,76.0720617150909,68.63945846763637,0.010159624050925527,2.634435652963697
ST003662,f,UMP,UMP,-0.9543531038894439,2.1720127292966914e-13,55,2.356584411436364,1.4281737266727275,5.864434369101067e-12,12.663137633849713
ST003662,f,Uracil,Uracil,0.490376681192993,0.037059676018443156,24,0.07440715937499999,0.09173161058333333,0.09842077893422609,1.4310983816716651
ST003662,f,Urea,Urea,0.06263092890248168,0.511121471898659,55,8579.53461110909,8811.355677509091,0.6843113921287831,0.2914758742174701
ST003662,f,Ureidosuccinic acid,N-Carbamoylaspartic acid,-0.23529768726739744,0.028182710498785516,34,0.5669854707058823,0.49234903738235297,0.0788816298761304,1.5500172405362096
ST003662,f,Uridine,Uridine,-0.0388761103693402,0.4325046740662666,54,1.8634556893148146,1.8106498329074072,0.6040151482649585,0.36400919476513477
ST003662,f,Xanthine,Xanthine,1.3594952592042013,4.6107153928342835e-18,55,0.7512288715454547,2.0708181307454545,2.489786312130513e-16,17.336231684793464
ST003662,f,"2,3-Dihydroxyisovaleric acid","2,3-Dihydroxyisovaleric acid",-0.12360556075692794,0.4896237686099595,18,0.16076469105555558,0.1477365018888889,0.6721953433458766,0.31013750768114107
ST003662,f,3- carboxy-4-methyl-5-propyl-2-furanpropanoic acid,3-Carboxy-4-methyl-5-propyl-2-furanpropanoic acid,-0.6242587522861065,0.009168900861369473,52,6.738973288519231,3.603074764173076,0.03424980894815175,2.0376827230489027
ST003662,f,3-Methyl-2-Oxovaleric acid,3-Methyl-2-oxovaleric acid,0.09247133909148786,0.04682554741080927,55,260.19667012363635,273.28938782,0.11455380389746057,1.3295171368335756
ST003662,f,3-Phosphoglyceric acid,3-Phosphoglyceric acid,0.47363881731381724,6.134998087307585e-05,54,25.402120796962965,33.87029825670371,0.000362474539177285,4.212185568335818
ST003662,f,5-Methyluridine,Ribothymidine,-0.3784633883614334,0.09589447330945314,13,0.18091511746153846,0.13133593261538462,0.19178894661890628,1.0182064218217461
ST003662,f,6-Phosphogluconic acid,6-Phosphogluconic acid,-0.4483566564159987,4.189729424176091e-07,54,0.6397713426296298,0.45119406381481475,3.572295614297509e-06,6.377814023186833
ST003662,f,Acetoacetic acid,Acetoacetic acid,0.32002807091899294,0.0005152914880627462,55,9.846538839127273,11.95271820503636,0.002692813582779512,3.2879470314529784
ST003662,f,Adenosine,Adenosine,-0.9929938621672856,0.04808431274708221,14,0.388624655,0.28184663921428577,0.11455380389746057,1.3179965867985555
ST003662,f,ADP,ADP,-0.4063529573818888,1.6289470500931122e-10,55,87.8678631630909,63.41005373909092,2.1990785176257016e-09,9.788093032466273
ST003662,f,Allantoin,Allantoin,0.29821194348955365,0.001029520756098777,52,6.535798057730769,8.494284033384616,0.005054010984484905,2.9873648931758225
ST003662,f,alpha-Ketoglutaric acid,2-Oxoglutaric acid,-0.21671233494044936,0.02100777291164689,55,0.7632346430727271,0.6504106737272725,0.06673057277817247,1.677619985835313
ST003662,f,Arginine,Arginine,0.5348469363449961,1.0098713573158788e-08,55,16.483749265800004,21.815291275509093,1.0906610659011492e-07,7.995733945391744
ST003662,f,Ascorbic acid,Vitamin C,-0.36967580984782816,0.0009722640256336799,54,2.2307523249444445,1.521898696462963,0.004922086629770505,3.012215783113517
ST003662,f,Aspartic acid,Aspartic acid,-0.08175593596397283,0.07216773608651869,55,67.46577154399999,64.82425349254545,0.15798882764886524,1.1416569183762453
ST003662,f,ATP,ATP,-0.09101693208114632,0.3866953553358416,40,88.19600675174999,82.32837400425001,0.5569911984527185,0.41263104428102926
ST003662,f,Betaine,Betaine,0.029269836055016846,0.7167666606959913,55,23.444207306436365,23.345025019236356,0.8730541280657939,0.14462220341916265
ST003662,f,Biotin,Biotin,-0.09051281655677641,0.4380949109720849,6,0.17918291166666667,0.17649491266666664,0.6065929536536561,0.3584317916736358
ST003662,f,Caffeine,Caffeine,-0.14460684224363438,0.028241571190219528,49,4.3322464388979585,3.9445149577959184,0.0788816298761304,1.5491111454296942
ST003662,f,CAR 10:0,CAR 10:0,0.5681773159624299,0.009780088609792644,11,0.02387141427272727,0.037178828818181825,0.03520831899525352,2.0096572103893253
ST003662,f,CAR 10:1,CAR 10:1,0.5616637313198785,0.08047456176029874,4,0.02243747325,0.03478282175,0.16713947442523586,1.094341379670025
ST003662,f,CAR 14:0,CAR 14:0,0.0015498177191107132,0.9915232630133948,5,0.024761974,0.025819041600000002,0.9976817925973289,0.00369709196817814
ST003662,f,CAR 14:2;O,CAR 14:2;OH,0.007360000401220071,0.9583211790093369,41,0.10425871165853659,0.10952338685365855,0.9825824746804592,0.01848891378721304
ST003662,f,CAR 14:2;O2,CAR 14:2;O2,-0.38674781492262605,0.11582889568384,23,0.09328198865217392,0.04811925652173914,0.2156813919630124,0.936183084213146
ST003662,f,CAR 16:0,CAR 16:0,-0.10726111121454542,0.04611337214829592,53,0.07665126339622641,0.0723816456981132,0.11455380389746057,1.336173117818587
ST003662,f,CAR 16:2;O,CAR 16:2;OH,0.25990029073492366,0.1014522697226066,18,0.051855756999999995,0.06328144322222223,0.19801527343448516,0.9937382323469792
ST003662,f,CAR 18:0,CAR 18:0,-0.15270380575423212,0.004422017083718547,41,0.05088318407317073,0.048595395024390246,0.018368378655446275,2.3543795839304473
ST003662,f,CAR 18:1,CAR 18:1,-0.11805801868121664,0.027843125263514287,55,0.10863990307272728,0.10074264447272727,0.0788816298761304,1.5552820187553908
ST003662,f,CAR 18:2,CAR 18:2,-0.074524064268962,0.11825366852793313,48,0.05181121935416666,0.049899856416666666,0.21705759265003446,0.9271853774677412
ST003662,f,CAR 18:2;O2,CAR 18:2;O2,-0.013229913094247219,0.909511805710808,45,0.08570244584444446,0.08770041297777777,0.9690106225317057,0.041191659303320284
ST003662,f,CAR 22:6,CAR 22:6,0.07800318369892385,0.21703124172035948,11,0.022912875,0.024235368090909093,0.34135010833687607,0.6634777448144029
ST003662,f,CAR 3:0,CAR 3:0,0.2627354230594361,0.22256757598019458,41,5.104735467414634,5.623939629487805,0.34669180104607233,0.652538104145724
ST003662,f,Choline,Choline,0.30229455378647374,2.982904889304356e-08,55,24.985888465854543,30.342273888909094,2.842532894513563e-07,7.525360594009311
ST003662,f,Cis-Aconitic acid,cis-Aconitic acid,0.21748721434265383,0.017387188831287162,55,9.594991117181818,11.640756162527273,0.05748417531976572,1.7597706292537676
ST003662,f,Citrulline,Citrulline,-0.013492887873347278,0.8764209035873731,55,32.671468395272726,31.859542946,0.9690106225317057,0.057287272594235675
ST003662,f,Cortisol,Cortisol,-0.19765515928699115,0.00930241724517702,37,0.3072779758648648,0.257077326081081,0.03424980894815175,2.0314041847971924
ST003662,f,Cotinine,Cotinine,0.11486225031882472,0.6952240791203329,5,0.3222715884,0.2910096348,0.8597427543320147,0.1578751944880568
ST003662,f,dGTP,dGTP,-0.44973964388931004,0.06396301194408892,38,37.350791233184204,24.164278786710526,0.14594377373158315,1.1940710940205594
ST003662,f,Dihydroxyacetone phosphate,Dihydroxyacetone phosphate,0.7163734476530679,2.575370650676825e-06,32,13.9406988863125,12.849551870343749,1.7383751892068568e-05,5.58916025790066
ST003662,f,"Fructose-1,6-bisphosphate","Fructose 1,6-bisphosphate",-0.9784115176626811,1.3880132064309328e-11,55,0.3227087068545455,0.16993634938181817,2.2485813944181113e-10,10.857606401710562
ST003662,f,Fructose-6-phosphate,Fructose 6-phosphate,0.10758042825121489,0.0475124633107486,55,10.030053595963638,11.438611506909092,0.11455380389746057,1.3231924527520722
ST003662,f,Fumaric acid,Fumaric acid,-0.2513443292140311,0.010313425901600563,54,81.90901756148149,70.61001261814815,0.03632119556650633,1.9865970473239374
ST003662,f,GDP,GDP,-0.5576525404329298,0.08941977636346418,23,2.7849372648695656,1.9313679220869566,0.18107504713601497,1.0485664206258365
ST003662,f,Gluconate,Gluconic acid,-0.03330910621556067,0.5395952768429563,55,14.05733581632727,12.514669789527275,0.7165117610537616,0.26793186042715084
ST003662,f,Glyoxylic acid,Glyoxylic acid,0.026515140630115945,0.9039456785969598,55,321.8227689454546,344.2646923642182,0.9690106225317057,0.04385766708484103
ST003662,f,Hippuric acid,Hippuric acid,0.5110635455343127,0.2584963331854486,17,41.17917045470589,43.060191678882354,0.39506043373625166,0.5875456130676037
ST003662,f,Hydroxyglutaric acid,Hydroxyglutaric acid,0.0507684542048208,0.648791248666645,53,6.97319147781132,7.363204380830189,0.8275919864881612,0.1878950168138828
ST003662,f,Indolelactic acid,Indolelactic acid,-0.041632793769577105,0.654789693943449,54,3.444705527074074,4.844436948870372,0.8287182063971776,0.1838981647804291
ST003662,f,Ketoisovaleric acid,Ketoisovaleric acid,0.2398239642564206,2.4707669648630183e-06,55,5.591094241763636,6.618648912745454,1.7383751892068568e-05,5.6071682139854735
ST003662,f,Lactoyl Phenylalanine,N-Lactoyl phenylalanine,0.9059712369229113,2.0736020857328107e-06,53,0.5120301024528302,0.7442807170943395,1.5269251722214334e-05,5.683274578974144
ST003662,f,L-Norepinephrin,Norepinephrine,-0.0025700405938077686,0.9902130302225716,21,0.06355771385714286,0.067085143,0.9976817925973289,0.0042713630817640446
ST003662,f,Lysine,Lysine,2.1648431075666445e-05,0.999615996019424,55,47.519619792181814,47.2684073949091,0.999615996019424,0.00016680283832010628
ST003662,f,Maleic acid,Maleic acid,0.32852479374645327,3.720931396418717e-13,55,0.4779456946000001,0.5902530508181818,8.61129837456903e-12,12.429348337081784
ST003662,f,Malic acid,Malic acid,0.4016272737543282,0.001930947332718829,37,15.805646197324323,18.15558549291892,0.008927225109077251,2.714229571596847
ST003662,f,Methionine,Methionine,-0.092050962136224,0.07603821595307389,54,15.910042100777774,14.231757700018521,0.16310564373287298,1.1189680813229648
ST003662,f,"N6,N6,N6-Trimethyl-L-lysine",N-6-Trimethyllysine,0.11399192645536119,0.20365830665470566,55,0.6282639671454543,0.6511462551818182,0.3234573105692384,0.6910978715552478
ST003662,f,N-Acetyl-L-aspartic acid,N-Acetylaspartic acid,-0.20826539790642168,0.1587343432685344,46,0.7052158835869566,0.6035522431521739,0.2795104740163323,0.7993291004763605
ST003662,f,Nicotinic acid,Nicotinic acid,-0.08439861830331387,0.857449389758951,17,22.90482262652941,22.80697523511765,0.9690106225317057,0.0667915044013095
ST003662,f,Noradrenaline,Xi-Norepinephrine,-0.04926289142325052,0.5101438888554253,53,0.3667483289622641,0.3625536776226415,0.6843113921287831,0.29230731150549755
ST003662,f,Oxaloacetic acid,Oxaloacetic acid,0.03610663526797428,0.8803304636574231,26,108.31196412730772,108.82245342576924,0.9690106225317057,0.05535426921108445
ST003662,f,Putrescine,Putrescine,-0.1768680329317411,0.39934279926328936,44,0.49855360943181815,0.4967530807272727,0.5674871357952006,0.3986541421277493
ST003662,f,Quinolinic acid,Quinolinic acid,0.13116980647852475,0.7620524876918813,15,1.5613489442666666,2.844576446333333,0.9144629852302576,0.11801511484162361
ST003662,f,Ribose,Ribose,0.09526010388569593,0.08288926519781606,55,27.10209479954546,28.967057558654545,0.1699754552157747,1.081501710308913
ST003662,f,Ribose-5-phosphate,Ribose 5-phosphate,0.5155185802230681,0.016286786514128904,25,0.6254259529599999,0.7712744685599999,0.05496790448518505,1.7881645962840447
ST003662,f,Serine,Serine,-0.010248677235613098,0.8894992064261494,55,117.01037512381818,114.00069115127273,0.9690106225317057,0.050854435039188274
ST003662,f,Serotonin,Serotonin,0.7746511903051283,5.392855233058333e-09,37,0.10018108689189187,0.1644202508108108,6.720327290426538e-08,8.2681812378479
ST003662,f,Succinic acid,Succinic acid,0.9975150816686963,1.7682061313381727e-23,55,7.328608354963636,13.435367656327273,1.43224696638392e-21,22.75246710782722
ST003662,f,Testosterone,Testosterone,0.05728423428783617,0.6822882827887093,6,0.18717806583333332,0.19687619916666665,0.8502361677828532,0.16603208696998667
ST003662,f,Theobromin,Theobromine,-0.23042142922077966,0.03847263716788751,50,2.6911184901399996,2.4051411903199997,0.09892963843171075,1.4148480432692947
ST003662,f,Trimethylamine N-oxide,Trimethylamine N-oxide,0.14192627505519517,0.07927413013235354,49,0.35918529583673475,0.39000360206122453,0.16678453352521133,1.1008685147476287
ST003662,f,Tryptophan,Tryptophan,-0.309072031387767,1.5722798978247522e-08,55,28.9757924502,22.85614670636364,1.5919333965475615e-07,7.80347013815651
ST003662,f,Tyrosine,Tyrosine,-0.03801851365941957,0.34259957849050676,55,48.01145519563636,46.18068642509092,0.5135208888583471,0.46521317569438336
ST003662,f,UDP,UDP,0.11488389072396182,0.07151611360826393,54,6.432997858944445,6.8742573714259265,0.15798882764886524,1.145596094384757
ST003662,f,Valerolactam,2-Piperidinone,-0.14444620933524033,0.2720079863960679,42,0.07213489790476191,0.06302129649999999,0.41182517566507476,0.5654183445068905
ST003662,f,Valine,Valine,-0.0516431300998186,0.16411456659859697,55,122.55865613854547,117.03398521745456,0.28587698697820113,0.7848528698144872
ST003662,f,Xylose,Xylose,0.14908349421992262,0.18032331268015056,55,300.5009858614545,319.2692061074546,0.3011585222080865,0.7439481228957128
ST003662,m,"1,5-Anhydroglucitol","1,5-Anhydrosorbitol",-0.8226677794484665,0.0009745619028480166,52,144.38751945925,78.67874398471155,0.003898247611392067,3.0111905698747643
ST003662,m,2-Hydroxybutyric acid,2-Hydroxybutyric acid,0.09419103889958601,0.2365011072424778,66,27.419237095015152,27.73643199057576,0.4188308608624384,0.6261668216569409
ST003662,m,2-Phosphoglyceric acid,2-Phosphoglyceric acid,0.12362883134270201,0.26147621749847316,63,3.1358655971746034,2.7597851416031753,0.4329754690205012,0.5825678061423387
ST003662,m,3'-AMP,3'-AMP,0.41886008318064133,0.5574478063825068,10,1.0759830532,1.5950578540999998,0.6624742046864573,0.25379578919676066
ST003662,m,3-Hydroxybutyric acid,3-Hydroxybutyric acid,-0.13547252410723795,0.00021674443864469278,66,667.793421848485,602.7628713424242,0.0010156025125065604,3.6640520370900806
ST003662,m,4-Hydroxy-proline,cis-4-Hydroxyproline,0.007120994993753224,0.8666360535955313,66,1.9007133496060606,1.8951141257272726,0.8938887596834411,0.06216324750578688
ST003662,m,5'-AMP,AMP,-0.5459250928226371,2.8391875981474307e-20,66,34.41225139121212,24.25580636680303,1.1640669152404465e-18,19.54680591069762
ST003662,m,5'-Methylthioadenosine,5'-Methylthioadenosine,-0.2695737145525141,1.1843173164641044e-07,66,0.4872724979696969,0.4179161650757576,8.828547268186961e-07,6.926531920648539
ST003662,m,Acetylputrescine,N-Acetylputrescine,0.05694790662183568,0.6641957788818194,66,2.8126754949393935,2.8332022978787874,0.750859483257992,0.1777038887709948
ST003662,m,Adenine,Adenine,-0.16267257878079677,0.0007217853975081838,66,0.18447617603030303,0.16304496186363637,0.003199265005171409,3.1415919084302493
ST003662,m,Alanine,Alanine,0.017235049428837558,0.6193112335607803,66,389.5881099227273,393.6834184015152,0.720333633361475,0.20809104233951298
ST003662,m,Aminoadipic acid,Aminoadipic acid,0.0718243090347729,0.5023884724225373,62,1.5505845757096777,1.6081640679032259,0.6509387336607884,0.29896033428025165
ST003662,m,Arabinose,Arabinose,0.06941075311792869,0.3617139861744359,55,0.5752014679636364,0.6120294800909092,0.5466691594303685,0.44163469831345126
ST003662,m,Argininosuccinic acid,Argininosuccinic acid,0.4021394107726596,0.04633336585865885,62,0.18506193625806452,0.2093790466451613,0.11766741827497774,1.3341061495972701
ST003662,m,Asparagine,Asparagine,0.028654831649082068,0.40846044844267043,66,25.768258577575757,26.044140030454543,0.56769079275083,0.3888499901834742
ST003662,m,Cadaverine,Cadaverine,0.044098116410455745,0.6503725007546626,63,0.6176266494285715,0.6309875087619049,0.7458817491172354,0.18683782999545642
ST003662,m,CAR 2:0,CAR 2:0,0.27014683818577295,0.00014970554712346164,59,5.013871372525424,6.514396672152542,0.0007919906363950875,3.8247621072021936
ST003662,m,CAR 4:0,CAR 4:0,0.20114917336682178,0.00020430588290332435,66,0.16859199921212123,0.19641774206060605,0.000985475435180741,3.689719127857679
ST003662,m,CAR 4:0;O,CAR 4:0;OH,0.0685144891766016,0.03762147698595348,42,0.03065417126190476,0.03202068714285714,0.09793527342375191,1.424564158433222
ST003662,m,CAR 4:1;O2,CAR DC4:0,-0.07261003191973583,0.03346639072327521,52,0.03674430430769231,0.034695551365384616,0.08852400126801829,1.4753911228226029
ST003662,m,CAR 5:0,CAR 5:0,-0.06250869891373444,0.22842075669311931,66,0.08171495777272728,0.07560067610606061,0.4188308608624384,0.6412644341052818
ST003662,m,CAR 5:0;O,CAR 5:0;OH,-0.007968073991786631,0.76509018290374,65,0.0813743351076923,0.08168749633846153,0.83574618729906,0.1162873705600073
ST003662,m,CAR 6:0,CAR 6:0,0.2930997413075448,0.1569575618638132,4,0.02829812725,0.03706333925,0.33001333520083803,0.8042177561243975
ST003662,m,Carnitine,Carnitine,-0.020484603909805155,0.5305290862689471,66,14.167639500287878,13.974563794590908,0.6567679700434526,0.27529080090529545
ST003662,m,Citric acid,Citric acid,0.024887399254254594,0.6500534682004869,66,245.72813634545454,248.82877049363637,0.7458817491172354,0.1870509202965014
ST003662,m,Creatine,Creatine,0.06454631027646009,0.04663647675532655,66,361.07003854848483,378.16114711515155,0.11766741827497774,1.331274266643485
ST003662,m,Creatinine,Creatinine,0.17094555771516268,0.0011094372960246414,66,35.44258062183334,41.358450985409085,0.004231342245303284,2.954897238506363
ST003662,m,Cysteic acid,Cysteic acid,-0.8227656037430607,1.9160655582882564e-08,62,7.40651162951613,3.264241682903226,1.5711737577963702e-07,7.717589635593723
ST003662,m,Cytidine,Cytidine,-0.16818654815901382,0.35693867701506954,40,0.12581353769999998,0.14973876275,0.5466691594303685,0.44740639039083585
ST003662,m,Cytosine,Cytosine,0.2755977249270696,0.008957956011697736,39,0.05191172535897435,0.061434035948717935,0.028252015113815938,2.047791074501718
ST003662,m,Dopamine,Dopamine,0.13641727347339372,0.5732291218520623,49,102.45753564373469,107.08764424348979,0.6763278847750951,0.24167175418121345
ST003662,m,GABA,gamma-Aminobutyric acid,0.09378378438094236,0.004990580415420081,66,29.152658483636365,30.97355536409091,0.01670316710467129,2.301848942040865
ST003662,m,"GHS, Glutathione reduced",Glutathione,0.3914835719875033,0.12489886882158803,21,0.3192601295714286,0.4263332223809524,0.27009078642115886,0.9034414949066251
ST003662,m,"Glucono-1,5-Lactone",Gluconolactone,-0.08220720883678083,0.17313841194025378,65,0.9240990479538461,0.9553975596307691,0.3384483281702355,0.7616065702353151
ST003662,m,Glucose,Glucose,0.2994131448540148,0.00016255633913422762,66,2197.367892907576,2685.6762350272725,0.0008084004430612107,3.7889960898569677
ST003662,m,Glutamate,Glutamic acid,0.024130147366239103,0.5299592741244624,66,106.1143625531818,108.1600003430303,0.6567679700434526,0.27575750342298105
ST003662,m,Glutamine,Glutamine,0.14304509834102896,5.4429002285790965e-06,66,241.66914439242424,266.1398443833333,3.3060579166184147e-05,5.264169626471954
ST003662,m,Glycerophosphocholine,sn-Glycero-3-phosphocholine,0.05844744288789708,0.1718731486456673,66,0.534892999469697,0.5536273462727271,0.3384483281702355,0.7647919668608685
ST003662,m,Glycine,Glycine,0.18409074634494674,0.00016266594281109728,66,174.3757538718182,196.5393953863636,0.0008084004430612107,3.788703365302068
ST003662,m,"GSSG, Glutathione oxidized",Oxidized glutathione,0.44071305903018415,4.2772353365518583e-07,49,338.5839679673469,456.4045655775511,3.049854761715238e-06,6.368836853892335
ST003662,m,Guanidineacetic acid,Guanidoacetic acid,0.04225402997488919,0.29639929458403336,66,2.081272447,2.126787071318182,0.4765635716841321,0.5281228342913138
ST003662,m,Guanine,Guanine,0.11638014480981644,0.08443376294715794,66,0.5167496988636363,0.5640284211363635,0.1923213489351931,1.073483855156844
ST003662,m,Histidine,Histidine,0.13012500950968423,0.012101579551769175,66,48.22246469924243,53.720351822121216,0.034818579762985,1.9171579399442096
ST003662,m,Homoserine,Homoserine,-0.0938023226797909,0.07329653845259382,66,3.3266676032424245,3.121914223560606,0.17195773098870448,1.1349165351328885
ST003662,m,Hydroxydopamine,Hydroxydopamine,0.045734827902499525,0.37000168717543236,66,0.5311103196060606,0.5403443038787878,0.5466691594303685,0.4317962955835194
ST003662,m,Hypoxanthine,Hypoxanthine,1.2466610476457114,1.8880058994750212e-24,66,1.2653913358030302,2.908739833287879,1.5481648375695173e-22,23.723996652990575
ST003662,m,Inosine,Inosine,0.3069720695473744,0.032359702980788704,61,1.547467668295082,1.8203897817377046,0.08699985719425159,1.48999547328957
ST003662,m,Inositol,Inositol,0.3478773901554227,4.948114176460148e-08,66,19.940912820272725,25.61757147848485,3.8642415473307824e-07,7.305560287693987
ST003662,m,Isoleucine,Isoleucine,-0.03298134841454894,0.3157035435787461,66,37.46107567590909,36.22959768151515,0.49784020333571494,0.5007205433910938
ST003662,m,Ketamine,Ketamine,-0.07545905601559723,0.245169284407281,13,0.05293608915384615,0.050302690230769234,0.4188308608624384,0.6105339405484269
ST003662,m,Kynurenine,Kynurenine,0.03380364667053251,0.5406321704625981,66,1.5834337158484848,1.6049595460454547,0.6567679700434526,0.267098115058509
ST003662,m,Lactic acid,Lactic acid,3.81450551778201,7.860813156396625e-19,45,2222.624145784556,13350.016092444444,2.1486222627484108e-17,18.104532526343583
ST003662,m,Lactose,Lactose,0.22478629849707515,0.028656094814904658,62,0.533008322451613,0.6011670294838711,0.0783266591607394,1.5427829945351828
ST003662,m,Leucine,Leucine,-0.0065984323899920564,0.8540591758879377,66,81.9474156159091,80.89901439030302,0.886491802820391,0.06851203695592184
ST003662,m,Mannitol,Mannitol,0.06834589413482504,0.08709950741169133,66,7.163505782681818,7.700502123666667,0.1956756056920189,1.0599843011230974
ST003662,m,Mannitol-1-phosphate,Mannitol 1-phosphate,-0.1547153694683031,0.4025043823514397,49,10.294850555632653,9.987268219755103,0.56769079275083,0.39522938679751124
ST003662,m,Mevalonic acid,Mevalonic acid,0.05891868415543028,0.537106641321261,63,0.3453298024285715,0.3492279955238095,0.6567679700434526,0.26993947754193837
ST003662,m,N4-Acetylcytidine,N4-Acetylcytidine,-0.20392403925101074,6.056167651870583e-07,62,1.0467427698387097,0.9269924749838709,4.138381228778232e-06,6.217802110840469
ST003662,m,N-Acetylserine,N-Acetylserine,0.013145503786883641,0.7368798640259503,66,101.99105721196969,103.10055535378787,0.8165425520287557,0.13260331084306376
ST003662,m,NAD+,NAD,-0.1816320674930364,3.487049130652875e-05,66,4.2805346053484845,3.782287881015151,0.0001906253524756905,4.457541933604488
ST003662,m,NADP+,NADP,-0.13405586852537724,0.25562422130636747,50,2.91112387054,2.6832860050200003,0.43143531960814524,0.5923979976133273
ST003662,m,Nicotinamide,Niacinamide,0.1890872890568111,8.630656868671889e-07,66,8.731700752939393,9.781887493924243,5.66171090584876e-06,6.0639561494083924
ST003662,m,Nicotine,Nicotine,0.08482287247757743,0.4282350527846443,66,186.58455597727271,199.13556708651512,0.5852545721390139,0.36831778681297794
ST003662,m,Nicotinic acid adenine dinucleotide,Nicotinic acid adenine dinucleotide,0.024801793231449414,0.7520292025510112,62,0.17850216811290326,0.18084774070967743,0.8277368403917171,0.12376529470022342
ST003662,m,N-Methylhydantoin,N-Methylhydantoin,0.05232934337470025,0.3294929183153384,66,27.00838798757576,28.086330891515153,0.5146365581306238,0.48215391512041633
ST003662,m,Ophthalmic acid,Ophthalmic acid,-0.06900238803449765,0.08002141950192214,66,1.2365626222424244,1.1859593761969698,0.18483820842697507,1.09679374892823
ST003662,m,Ornithine,Ornithine,-0.1070429844565644,0.0066822759753884875,66,47.66691097257576,44.04667399454545,0.021917865199274238,2.1750755921349794
ST003662,m,Oxalic acid,Oxalic acid,0.14872004888058005,0.5202051092858313,55,9.434389463418182,12.972400596036366,0.6567679700434526,0.2838253866196806
ST003662,m,Pantothenic acid,Pantothenic acid,0.41431703852338375,2.8793191386055505e-18,66,0.2445786276515151,0.32337001381818187,6.350769390260776e-17,17.540710196027103
ST003662,m,Phenylalanine,Phenylalanine,-0.02844466625558072,0.36473027048144907,66,35.142076964848485,34.205798011212124,0.5466691594303685,0.4380281912858633
ST003662,m,Phosphocholine,Choline phosphate,-0.037941515884134656,0.4355826845912671,66,47.854506438181815,46.544157505606066,0.5903765311815521,0.36092939277285346
ST003662,m,Phosphocreatine,Phosphocreatine,-0.2409553924441353,9.41535640441656e-06,63,1.826125108968254,1.517998009031746,5.51470875115827e-05,5.026163235759708
ST003662,m,Proline,Proline,0.025574128181538817,0.3769993828741108,66,135.0415080006061,136.5557557359091,0.5520348106370908,0.42365936070823285
ST003662,m,Pseudouridine,Pseudouridine,0.3372051793985326,2.6107830904791122e-06,66,3.2609571071666674,4.140418761393939,1.6468016416868247e-05,5.583229208805613
ST003662,m,pyridoxine,Pyridoxine,-0.018138049947743907,0.9043315061265758,11,0.033465295000000006,0.03264595154545455,0.9269397937797402,0.04367233845155744
ST003662,m,Pyruvic acid,Pyruvic acid,2.0576097590981903,9.065454449636677e-36,66,44.01746675915151,178.85284927742427,1.486734529740415e-33,35.04261041991679
ST003662,m,Rhamnose,Rhamnose,-0.12505773325836433,0.19433963691803322,51,0.30569193268627454,0.2847255086470588,0.3668817417369305,0.7114386129915965
ST003662,m,S-Adenosylmethionine,S-Adenosylmethionine,0.007353602569618567,0.954927277963197,59,1.0086396566101694,1.102420241898305,0.9607857275212534,0.020029700648559023
ST003662,m,Spermidine,Spermidine,-0.15305242347112552,0.3699180265098974,66,8.82256012859091,7.639807485651516,0.5466691594303685,0.43189450452396794
ST003662,m,Spermine,Spermine,-0.5216691421739587,0.18956282862618917,66,251.74627363646974,167.36435582560605,0.36574475170229437,0.7222468194515357
ST003662,m,Threonine,Threonine,-0.04894474673225792,0.21894469333487163,66,69.2162768640909,66.62391728545455,0.4080332921240789,0.6596655765431589
ST003662,m,UMP,UMP,-0.973441001756787,1.532878965327447e-17,66,2.1789103065,1.2926861707878785,2.793246114596681e-16,16.814492135273206
ST003662,m,Uracil,Uracil,0.5534494717379201,0.02390773886658679,29,0.08346346668965518,0.11419305027586209,0.06645540973085141,1.6214614964145544
ST003662,m,Urea,Urea,-0.07866053716666009,0.2423111617737902,66,8938.889443530303,8181.955008,0.4188308608624384,0.6156265801459583
ST003662,m,Ureidosuccinic acid,N-Carbamoylaspartic acid,-0.1598067083720883,0.12516402297565898,41,0.5782877190487804,0.5027030947317074,0.27009078642115886,0.9025204863691568
ST003662,m,Uridine,Uridine,0.05342323895014367,0.16578344638614123,66,1.8794264285151514,1.971021034151515,0.3384483281702355,0.7804588362831121
ST003662,m,Xanthine,Xanthine,1.4936845019006704,6.287840776056079e-19,66,0.737794134530303,2.059700151712122,2.062411774546394e-17,18.201498464258048
ST003662,m,"2,3-Dihydroxyisovaleric acid","2,3-Dihydroxyisovaleric acid",-0.29344152167752485,0.17335158272134013,16,0.16033720025,0.150442907,0.3384483281702355,0.7610721888272758
ST003662,m,3- carboxy-4-methyl-5-propyl-2-furanpropanoic acid,3-Carboxy-4-methyl-5-propyl-2-furanpropanoic acid,-0.6418018763598451,0.007384486470114335,53,9.452614233037735,4.2847211541698105,0.023746191786250016,2.131679700886922
ST003662,m,3-Methyl-2-Oxovaleric acid,3-Methyl-2-oxovaleric acid,0.01928511249627079,0.5569643648310609,66,271.15178588287876,274.6342708,0.6624742046864573,0.2541725905575311
ST003662,m,3-Phosphoglyceric acid,3-Phosphoglyceric acid,0.4331014103830126,2.397122205811122e-09,65,23.493108818307693,30.709641745076922,2.069094956594863e-08,8.620309824974873
ST003662,m,5-Methyluridine,Ribothymidine,-0.11039927254697078,0.5348021253126135,11,0.1497018153636364,0.14017372736363637,0.6567679700434526,0.2718068755130706
ST003662,m,6-Phosphogluconic acid,6-Phosphogluconic acid,-0.5261027354464529,1.2073682489827075e-10,66,0.6351596648939393,0.46624028566666664,1.2375524552072751e-09,9.918160249281716
ST003662,m,Acetoacetic acid,Acetoacetic acid,0.33691830930727534,0.0003526241025864459,66,10.092424024409091,12.786140901454546,0.0016063986895604758,3.4526880060964156
ST003662,m,Adenosine,Adenosine,-0.2408391309910072,0.5222068468257741,17,0.3388977004705882,0.31653524841176467,0.6567679700434526,0.28215743829791035
ST003662,m,ADP,ADP,-0.3999257223606022,4.043110206098183e-15,66,70.44444318348484,54.373356754999996,6.63070073800102e-14,14.393284420613394
ST003662,m,Allantoin,Allantoin,0.13750683669179567,0.048992229060424476,65,8.802495627384616,9.796477807338462,0.12173826615014567,1.309872800457547
ST003662,m,alpha-Ketoglutaric acid,2-Oxoglutaric acid,-0.11210030722650673,0.1946262898238595,66,0.6726076295151514,0.6210815908181818,0.3668817417369305,0.7107984962656799
ST003662,m,Arginine,Arginine,0.5801470303027443,4.023292274362145e-13,66,15.416832847954547,21.81342710871212,5.498499441628265e-12,12.395418416712356
ST003662,m,Ascorbic acid,Vitamin C,-0.26467887551196895,0.001998076099341965,66,1.6309994521060607,1.3865445142121213,0.007447374552092778,2.69938797512159
ST003662,m,Aspartic acid,Aspartic acid,-0.029715510430356973,0.48529357889090713,66,69.07815295454544,68.67711413454545,0.6367051755048702,0.31399545496679876
ST003662,m,ATP,ATP,-0.05450163993076316,0.4630769636001019,48,88.40145857145835,86.42371508291667,0.6174359514668025,0.33434682304454405
ST003662,m,Betaine,Betaine,0.06374263976661795,0.4580752779088756,65,27.868221644615378,30.266447865846153,0.615773324402095,0.3390631462450417
ST003662,m,Biotin,Biotin,-0.09212666274183468,0.42564827276200856,8,0.1307829895,0.13140091112500002,0.5852545721390139,0.3709491245914751
ST003662,m,Caffeine,Caffeine,-0.10606778479766958,0.07339659249517874,55,2.1479709161818183,2.162320366145455,0.17195773098870448,1.1343241021396835
ST003662,m,CAR 10:0,CAR 10:0,0.2788488732294066,0.003016266540520016,11,0.031557844090909094,0.03888164790909091,0.010524844949899631,2.5205302835044177
ST003662,m,CAR 10:1,CAR 10:1,0.2846247695228967,0.2640094323295739,4,0.02892778525,0.036654914749999996,0.4329754690205012,0.5783805567077906
ST003662,m,CAR 14:0,CAR 14:0,-0.10915830792565247,0.28047894137795887,7,0.02810291685714286,0.025972733999999997,0.4554311523364877,0.552099740420911
ST003662,m,CAR 14:2;O,CAR 14:2;OH,-0.1542135261016448,0.25780891049755017,49,0.09620060597959183,0.08854864822448978,0.43143531960814524,0.5887020764587918
ST003662,m,CAR 14:2;O2,CAR 14:2;O2,-0.1347865710668365,0.556858740741446,27,0.10671093948148147,0.0872207748148148,0.6624742046864573,0.25425495903989387
ST003662,m,CAR 16:0,CAR 16:0,-0.11249361255589771,0.0026504338794676664,64,0.08270168865625,0.077636289859375,0.009449372961580377,2.5766830256728
ST003662,m,CAR 16:2;O,CAR 16:2;OH,-0.003066764440978792,0.9838105471229533,17,0.061055236529411756,0.06178142794117648,0.9838105471229533,0.007088525817401905
ST003662,m,CAR 18:0,CAR 18:0,-0.14898108737333662,0.0009483734403539567,56,0.04843938067857143,0.04486412169642857,0.0038883311054512225,3.023020617145593
ST003662,m,CAR 18:1,CAR 18:1,-0.1053493103552127,0.010709369818478287,66,0.1199475773030303,0.11265259896969697,0.03252475278204517,1.970236084014984
ST003662,m,CAR 18:2,CAR 18:2,-0.028384385541885906,0.4744260086241444,57,0.05132345978947369,0.0505156903508772,0.6274666565674168,0.32383151042725045
ST003662,m,CAR 18:2;O2,CAR 18:2;O2,-0.1190432117450108,0.3976979506711309,48,0.0916823825625,0.08428106939583335,0.56769079275083,0.4004466469182504
ST003662,m,CAR 22:6,CAR 22:6,-0.06562056170027286,0.14179271827235182,8,0.02492838125,0.023741026999999998,0.3020000752813727,0.8483460716588578
ST003662,m,CAR 3:0,CAR 3:0,-0.10868740931309963,0.5247395115996076,49,5.552461172020409,4.235420890755102,0.6567679700434526,0.2800562332599724
ST003662,m,CAR 8:0,CAR 8:0,0.14943164550941535,0.40616806731457594,4,0.0292793675,0.035333033,0.56769079275083,0.391294223556057
ST003662,m,CAR 8:1,CAR 8:1,0.2789873786745769,0.31200341556771677,6,0.027022475500000004,0.031221885333333334,0.4967821374087918,0.5058406516415168
ST003662,m,Choline,Choline,0.3624437281068062,8.808924729090206e-11,66,23.91345934766667,30.046884916969695,9.631091037138626e-10,10.055077100977622
ST003662,m,Cis-Aconitic acid,cis-Aconitic acid,0.10547964004494698,0.16757413291011727,66,9.918457413227275,10.997732284666666,0.3384483281702355,0.7757930191269895
ST003662,m,Citrulline,Citrulline,0.1361000186574653,0.06230171135966773,66,26.99696003969697,32.037792656060596,0.1524997113878434,1.2055000235839726
ST003662,m,Cortisol,Cortisol,-0.0925306725987785,0.16373570610575566,49,0.24294411587755105,0.22399416877551018,0.3384483281702355,0.7858566029719144
ST003662,m,Cotinine,Cotinine,-0.2717635068158563,0.07112391780235758,6,1.2857639038333333,1.1147425093333334,0.17153415469980357,1.1479843286255549
ST003662,m,dGTP,dGTP,-0.1998469249912459,0.38523594380757853,45,28.06279499784445,20.930218356244442,0.5591034936676361,0.4142731985230343
ST003662,m,Dihydroxyacetone phosphate,Dihydroxyacetone phosphate,0.8631917142992759,1.6063045661342192e-09,35,25.405283934257145,16.815148252685713,1.4635219380333998e-08,8.794172106099118
ST003662,m,"Fructose-1,6-bisphosphate","Fructose 1,6-bisphosphate",-1.029879210015213,4.729732512202456e-14,66,0.3422117935,0.1823343254848485,7.051601200010935e-13,13.325163419887836
ST003662,m,Fructose-6-phosphate,Fructose 6-phosphate,0.02559238545625371,0.5879294186094713,66,10.031610288121211,10.52905069487879,0.6887173189425235,0.23067480818971686
ST003662,m,Fumaric acid,Fumaric acid,-0.01852187626292037,0.8306384943989124,65,74.20245299292307,75.91196526384616,0.8741180758676516,0.08058794618828162
ST003662,m,GDP,GDP,0.1072208171419588,0.7125709901079379,32,1.7803460783125002,4.75525608896875,0.7949771590319851,0.14717186244037647
ST003662,m,Gluconate,Gluconic acid,-0.026562340462566336,0.6684480765589441,66,15.293061296954544,13.175533008742425,0.750859483257992,0.17493232204407122
ST003662,m,Glyoxylic acid,Glyoxylic acid,0.03320652881528901,0.8314781697277662,66,340.24064288318175,329.10381522515155,0.8741180758676516,0.08014914859867264
ST003662,m,Hippuric acid,Hippuric acid,1.1608128560925404,0.0008309014554193194,38,12.347285821026315,26.081895860447368,0.003494047145865856,3.0804504803138264
ST003662,m,Hydroxyglutaric acid,Hydroxyglutaric acid,-0.022202825658957908,0.8175055542230831,64,6.6166836295625,6.448584812265625,0.8705903304713353,0.08750928801294608
ST003662,m,Indolelactic acid,Indolelactic acid,-0.03724391026726649,0.7694980139155979,64,4.07135967665625,5.829755229515625,0.83574618729906,0.11379249675077349
ST003662,m,Ketoisovaleric acid,Ketoisovaleric acid,0.12174212253547809,0.0008206410717586566,66,6.166465255,6.6019168535303026,0.003494047145865856,3.0858467510886083
ST003662,m,Lactoyl Phenylalanine,N-Lactoyl phenylalanine,1.3711337543382436,2.4938191489564307e-10,63,0.5620552462857142,0.7644997855396826,2.405802002522674e-09,9.603135044625777
ST003662,m,L-Norepinephrin,Norepinephrine,0.05526270612933742,0.7801778407488887,18,0.0739481122777778,0.08128733638888888,0.8417708281764326,0.10780638903723526
ST003662,m,Lysine,Lysine,0.0983844105931069,0.011454968666989876,66,50.50559673787879,53.26513684121212,0.03415663384338799,1.9410060944075396
ST003662,m,Maleic acid,Maleic acid,0.3907794940595155,3.0979362879320857e-18,66,0.4397638723484849,0.566190055090909,6.350769390260776e-17,17.508927518172698
ST003662,m,Malic acid,Malic acid,0.5377434863346007,1.0985216830235677e-05,40,12.822501089575002,15.001124883974999,6.212329517788452e-05,4.959191366395224
ST003662,m,Methionine,Methionine,-0.002550579795206495,0.9469277987626087,64,16.09987837453125,15.72113660890625,0.958618265413999,0.023683133767996228
ST003662,m,"N6,N6,N6-Trimethyl-L-lysine",N-6-Trimethyllysine,0.259283629543835,0.0038319928145809424,66,0.7263154442727273,0.844276110878788,0.013092642116484886,2.4165753139439037
ST003662,m,N-Acetyl-L-aspartic acid,N-Acetylaspartic acid,-0.4390465971146893,0.0010948506768235415,49,0.7115727619591837,0.6142285094081632,0.004231342245303284,2.960645108818121
ST003662,m,Nicotinic acid,Nicotinic acid,-0.09129069180899907,0.8411903045261852,24,35.824402711,35.667684737625,0.8786956047279897,0.07510574159085576
ST003662,m,Noradrenaline,Xi-Norepinephrine,-0.011420363206019031,0.810166891181057,66,0.32001507406060603,0.3142777446818181,0.8684141840110676,0.0914255089568933
ST003662,m,Oxaloacetic acid,Oxaloacetic acid,-0.38807525475693233,0.11573812568992446,35,135.00069087771428,252.5061115182857,0.2565007109884812,0.9365235550562311
ST003662,m,Putrescine,Putrescine,-0.26246313080124317,0.23231307015848315,46,0.6181084775434783,0.5264912566086958,0.4188308608624384,0.6339263556839366
ST003662,m,Quinolinic acid,Quinolinic acid,0.27175331603117575,0.33980430382347365,22,2.1887311267727267,2.5229074995,0.5257349606325442,0.46877112483439864
ST003662,m,Ribose,Ribose,0.05222188195624897,0.2342728085564003,66,27.52997673471212,29.214512218803026,0.4188308608624384,0.6302781159237775
ST003662,m,Ribose-5-phosphate,Ribose 5-phosphate,0.5082705773830279,0.016450932974316053,23,0.19975207878260867,0.2854971281304348,0.046516431168755736,1.7838094670691773
ST003662,m,Serine,Serine,0.08080905856344045,0.23869253152184766,66,103.27283777378787,111.75230352590908,0.4188308608624384,0.6221611694708017
ST003662,m,Serotonin,Serotonin,0.8206579435365743,8.391152181208722e-11,41,0.11569080731707317,0.1788438165121951,9.631091037138626e-10,10.076178402510303
ST003662,m,Succinic acid,Succinic acid,1.0074849045879983,7.12750193686541e-24,66,6.985380090939393,13.392820086575759,3.896367725486424e-22,23.147062656000987
ST003662,m,Testosterone,Testosterone,-0.045269608399378186,0.6587371545598444,9,0.18556990411111113,0.1822819207777778,0.7502284260264894,0.18128784048250057
ST003662,m,Theobromin,Theobromine,-0.14303730927861893,0.010034469351643293,58,1.8969395341034483,1.7549888422413793,0.0310500561069717,1.9985055891701813
ST003662,m,Trimethylamine N-oxide,Trimethylamine N-oxide,0.20745021163091243,0.002179622254208799,61,0.42073186809836066,0.4221643228688524,0.007943512215338734,2.6616187665457134
ST003662,m,Tryptophan,Tryptophan,-0.2925683505107519,3.42007321920213e-11,66,26.939496574242423,21.827961291363636,4.314553907301148e-10,10.465964596179225
ST003662,m,Tyrosine,Tyrosine,-0.0024985418255537607,0.9459933963620232,66,42.47376831333333,41.696885695303024,0.958618265413999,0.024111895240431093
ST003662,m,UDP,UDP,0.06085232336202643,0.24414663442675344,66,6.643800912545455,6.964009190348484,0.4188308608624384,0.6123492581091792
ST003662,m,Valerolactam,2-Piperidinone,-0.2694686299209016,0.011816104056023685,49,0.067367476,0.05608313710204082,0.034604304735497936,1.9275256931566762
ST003662,m,Valine,Valine,-0.019634513025795053,0.5040806047251226,66,129.88873505439395,127.44692285196969,0.6509387336607884,0.29750001238708473
ST003662,m,Xylose,Xylose,-0.07845611248430791,0.4044492142250739,66,339.78076006484855,344.5421043365152,0.56769079275083,0.39313600400600196
