study_id,stratum,metabolite,refmet_name,log2fc,p_value,n_pairs,mean_pre,mean_post,fdr,neg_log10_p,rank
ST003662,all,Lactic acid,Lactic acid,3.60995939518502,1.862100212118127e-29,79,2513.7910955913294,12793.612717063292,3.4138503888832326e-28,28.729996950422983,1
ST003662,all,Pyruvic acid,Pyruvic acid,1.9997748427949464,7.818099580891603e-64,121,44.671929895165285,177.34221847305787,1.2899864308471145e-61,63.106898802162114,2
ST003662,all,Xanthine,Xanthine,1.4326893915840937,3.0075111605333535e-35,121,0.7439008331735537,2.0647537785454544,1.2405983537200084e-33,34.52179275236748,3
ST003662,all,Lactoyl Phenylalanine,N-Lactoyl phenylalanine,1.158602604139859,2.7324245842427723e-15,116,0.5391989305689655,0.7552617628879312,2.5047225355558747e-14,14.563451815873847,4
ST003662,all,Hypoxanthine,Hypoxanthine,1.1102525614390957,5.403052639081972e-38,121,1.3855949460247936,2.9425291910495868,2.9716789514950847e-36,37.26736080133893,5
ST003662,all,Succinic acid,Succinic acid,1.0029531668974063,8.690834732450301e-46,121,7.14139293822314,13.412159891008264,7.169938654271499e-44,45.060938508673665,6
ST003662,all,Hippuric acid,Hippuric acid,0.9599812510109064,0.0005045843993827,55,21.258959253254545,31.329732749781815,0.0017345088728782,3.2970661810215973,7
ST003662,all,Serotonin,Serotonin,0.7988342272601192,1.2873662516978853e-18,78,0.1083336322435897,0.1720018686794871,1.6339648579242388e-17,17.89029788008626,8
ST003662,all,Dihydroxyacetone phosphate,Dihydroxyacetone phosphate,0.793069557095117,1.8819491855907783e-14,67,19.929661224791044,14.921132070074629,1.6343242927498868e-13,13.725392107112512,9
ST003662,all,Arginine,Arginine,0.5595560785037679,2.347848900631638e-20,121,15.901794856066113,21.814274457256204,3.2282922383685025e-19,19.629329856203572,10
ST003662,all,Uracil,Uracil,0.5248882080949343,0.001877922336673,53,0.0793624973396226,0.1040218323018867,0.0057380960287232,2.726322372374366,11
ST003662,all,Ribose-5-phosphate,Ribose 5-phosphate,0.5120455788622155,0.0005685364316514,48,0.4214572215833334,0.5385061596041666,0.0018761702244498,3.2452417006187178,12
ST003662,all,Malic acid,Malic acid,0.4723369945752489,8.868689527134483e-08,77,14.255960427064936,16.516904657103893,4.720431522507063e-07,7.05214054850882,13
ST003662,all,3-Phosphoglyceric acid,3-Phosphoglyceric acid,0.4514965362171592,9.714224453642044e-12,119,24.359383161563024,32.1438892377479,7.285668340231533e-11,11.012591866083076,14
ST003662,all,CAR 10:0,CAR 10:0,0.4235130945959182,0.0003359496446356,22,0.0277146291818181,0.0380302383636363,0.0012318153636639,3.473725813966641,15
ST003662,all,CAR 10:1,CAR 10:1,0.4231442504213876,0.0245682365427347,8,0.02568262925,0.03571886825,0.056302208743767,1.609626015161948,16
ST003662,all,Inositol,Inositol,0.386345108541467,3.058304261652469e-17,121,19.643567875925616,25.631812757157025,3.153876269829108e-16,16.514519310099814,17
ST003662,all,Pantothenic acid,Pantothenic acid,0.3817895424141632,1.9146285510084735e-31,121,0.2480700111900826,0.3183155484876032,6.318274218327963e-30,30.71791546915993,18
ST003662,all,Glucose,Glucose,0.3683104863606884,3.844909526287348e-10,121,2120.1084206231403,2746.3849270925616,2.4400387378362013e-09,9.415113875029377,19
ST003662,all,Maleic acid,Maleic acid,0.3624819030081235,5.803074345501546e-30,121,0.4571192460991735,0.5771277804214876,1.3678675242967931e-28,29.236341865479886,20
ST003662,all,"GSSG, Glutathione oxidized",Oxidized glutathione,0.3486866861949509,1.304205543933769e-07,86,429.7531749976744,516.8467742011627,6.521027719668845e-07,6.884653958020043,21
ST003662,all,Pseudouridine,Pseudouridine,0.3426001671343694,1.667124197061747e-11,121,3.4163406564380168,4.4233915966942146,1.1959804022399489e-10,10.778032044989391,22
ST003662,all,Choline,Choline,0.3351031943248369,1.0589170588337497e-17,121,24.400927128661156,30.181152631487603,1.1648087647171247e-16,16.975138055285793,23
ST003662,all,Acetoacetic acid,Acetoacetic acid,0.3292409282216925,5.916645659442977e-07,121,9.980658031099171,12.407312403082646,2.7892758108802606e-06,6.227924439301089,24
ST003662,all,CAR 8:1,CAR 8:1,0.3002781450839508,0.144014097166383,8,0.025601774875,0.0302819415,0.224172887098615,0.8415949938636966,25
ST003662,all,CAR 2:0,CAR 2:0,0.270138546402039,7.507802557296517e-08,106,4.958912557245283,6.585036822,4.129291406513085e-07,7.124487157122098,26
ST003662,all,CAR 6:0,CAR 6:0,0.2508471714346957,0.1216840041877722,5,0.0279133105999999,0.035233343,0.2028066736462871,0.9147665076332172,27
ST003662,all,CAR 4:0,CAR 4:0,0.2463708335033941,1.004924732885373e-09,121,0.1541300307107438,0.1838733686942149,6.141206700966167e-09,8.997866464926737,28
ST003662,all,Argininosuccinic acid,Argininosuccinic acid,0.2398153596232785,0.0969165603284296,112,0.21002413275,0.1955653462767857,0.1683287626756936,1.013602007833036,29
ST003662,all,"GHS, Glutathione reduced",Glutathione,0.2169510737381634,0.2936196328167317,33,0.3082656796060606,0.4008193221515152,0.4003904083864523,0.5322149087733185,30
ST003662,all,Quinolinic acid,Quinolinic acid,0.2147600013476686,0.3677601249278164,37,1.9343869987297295,2.6533138292972978,0.4815906397864262,0.4344353617282382,31
ST003662,all,Allantoin,Allantoin,0.2089313286019103,0.0001857895073243,117,7.795074485316239,9.217725018914532,0.0006967106524662,3.730978816929118,32
ST003662,all,Lactose,Lactose,0.2071763468318787,0.0073512933675652,112,0.5792642808482142,0.6620084410714286,0.0189525532132541,2.1336362455441686,33
ST003662,all,"N6,N6,N6-Trimethyl-L-lysine",N-6-Trimethyllysine,0.1932419463218014,0.0023254242294626,121,0.6817465910330578,0.7564898128347107,0.0068516963903809,2.6334978067705577,34
ST003662,all,Inosine,Inosine,0.1871609143610881,0.0731417177920503,106,1.718363844245283,2.032212059113207,0.1403300399498641,1.1358348441231052,35
ST003662,all,Trimethylamine N-oxide,Trimethylamine N-oxide,0.1782622762471838,0.0005672469478681,110,0.3933156677272726,0.4078381836,0.0018761702244498,3.2462278322039,36
ST003662,all,Nicotinamide,Niacinamide,0.1757167281023487,1.8332642178856526e-10,121,8.670271410834713,9.685477863661156,1.2099543838045306e-09,9.73677493814725,37
ST003662,all,Ketoisovaleric acid,Ketoisovaleric acid,0.1754156869540883,9.569159691094826e-09,121,5.904932976256198,6.609522334991736,5.63896910368088e-08,8.019126197807658,38
ST003662,all,Creatinine,Creatinine,0.1745548362835805,3.367262134092346e-05,121,31.218328563272728,36.13684314819008,0.000135511768811,4.472723073407433,39
ST003662,all,Dopamine,Dopamine,0.1692874182217089,0.2719619611567366,91,104.06909847594504,109.91586854035164,0.3802857931428944,0.5654918357267915,40
ST003662,all,CAR 8:0,CAR 8:0,0.1569576004606979,0.2620245022700607,5,0.0274667742,0.0328694684,0.3695217339705985,0.5816580953095318,41
ST003662,all,Cis-Aconitic acid,cis-Aconitic acid,0.1563921738166318,0.0076247600434493,121,9.771427278661156,11.290015865512398,0.0193551601102943,2.1177738193183115,42
ST003662,all,2-Phosphoglyceric acid,2-Phosphoglyceric acid,0.1518156883528075,0.0841654989422977,117,2.582056158213675,2.4843165358974355,0.1516812822790822,1.074865897687966,43
ST003662,all,Guanine,Guanine,0.1487502033406923,0.0050094127313154,121,0.5280320110578512,0.5953276849917355,0.0137758850111173,2.300213184811103,44
ST003662,all,2-Hydroxybutyric acid,2-Hydroxybutyric acid,0.1470353251806609,0.0088566811463346,121,28.42075797204959,28.96345944808264,0.0219860115651663,2.0527289902866435,45
ST003662,all,Glycine,Glycine,0.1456712273995683,0.0006665292486485,121,180.3525402723141,197.00169235256195,0.0021564181573923,3.1761807881136637,46
ST003662,all,Nicotine,Nicotine,0.1436331331079017,0.0896570074213347,121,186.50190707057857,203.04640592107435,0.1590688841346261,1.0474157611437809,47
ST003662,all,Cytosine,Cytosine,0.1365274040018735,0.0638607992428155,76,0.0630831925789473,0.0667152605526315,0.1254408556555306,1.194765650397695,48
ST003662,all,CAR 16:2;O,CAR 16:2;OH,0.132173435363771,0.2234550714384192,35,0.0563240756285714,0.0625528643714285,0.3321629440300827,0.650809784334447,49
ST003662,all,Glutamine,Glutamine,0.1269134009316695,9.525306922505685e-08,121,240.09553999917355,261.3687089247934,4.911486381916993e-07,7.021121021678268,50
ST003662,all,Oxalic acid,Oxalic acid,0.0888634267882434,0.5784374116659258,103,12.024075236446604,13.79514607120388,0.6768948434388493,0.2377436258887806,51
ST003662,all,UDP,UDP,0.0851665286748973,0.0349373153079922,120,6.5489395384249995,6.923620871833334,0.0779007706191718,1.4567104706101268,52
ST003662,all,Sedoheptulose-7-phosphate,Sedoheptulose 7-phosphate,0.0826139023261139,0.7319651302718742,5,1.4340210866,1.8140316654,0.7886644117776421,0.1355096075908119,53
ST003662,all,GABA,gamma-Aminobutyric acid,0.082562559288126,0.0004610532880285,121,27.87219811818182,29.443194096694217,0.0016537780983633,3.3362488764339817,54
ST003662,all,Hydroxydopamine,Hydroxydopamine,0.0762134591853276,0.0488399049427835,121,0.518208261429752,0.5348307842809918,0.1046569391631076,1.311225189994656,55
ST003662,all,Aminoadipic acid,Aminoadipic acid,0.0727988231530455,0.3974691252410079,110,1.501476987418182,1.6028691678363634,0.51639689499816,0.4006966009904829,56
ST003662,all,Ribose,Ribose,0.0717847101059976,0.0369287148245777,121,27.335484946000005,29.10203282782645,0.0812431726140709,1.4326358061943016,57
ST003662,all,Citrulline,Citrulline,0.0681032429616413,0.2231239847521796,121,29.57628201950413,31.956770060578513,0.3321629440300827,0.6514537426447031,58
ST003662,all,Histidine,Histidine,0.0668351632351007,0.0781986507805167,121,51.04942363272727,53.79554584611571,0.1433641930976139,1.106800740081219,59
ST003662,all,CAR 4:0;O,CAR 4:0;OH,0.0663183291744263,0.0042828616613338,74,0.0306013471216216,0.032238130554054,0.0121840030020704,2.3682659533152295,60
ST003662,all,Fructose-6-phosphate,Fructose 6-phosphate,0.0628596776357815,0.0770210066837552,121,10.030902700776858,10.942487427619838,0.1433641930976139,1.1133908093390632,61
ST003662,all,Guanidineacetic acid,Guanidoacetic acid,0.0625052929978587,0.0554463638217188,121,2.0990989815371903,2.1993260161900823,0.1139583512278415,1.2561269296580622,62
ST003662,all,CAR 3:0,CAR 3:0,0.0605163254343888,0.6534024193028429,90,5.348497239922223,4.8679683161777785,0.7334108788093134,0.1848192618288557,63
ST003662,all,N-Methylhydantoin,N-Methylhydantoin,0.0603911611735868,0.099209560967418,121,27.97845626322314,29.26143953685951,0.1705164329127496,1.0034464722479937,64
ST003662,all,Lysine,Lysine,0.0536740641558199,0.0684613661765543,121,49.1483344898347,50.5393507292562,0.1328955931662526,1.1645544385750215,65
ST003662,all,3-Methyl-2-Oxovaleric acid,3-Methyl-2-oxovaleric acid,0.0525515791304603,0.0571845852300514,121,266.17218781049587,274.02296035454555,0.1150665434507133,1.2427210245591478,66
ST003662,all,Betaine,Betaine,0.0479426047321341,0.4170781848839732,120,25.840548406283332,27.09412906115,0.533472096944617,0.3797825251680262,67
ST003662,all,Serine,Serine,0.0394191786547797,0.4305473146144599,121,109.51717293289256,112.77429790107438,0.5399845951037445,0.3659791151816303,68
ST003662,all,Citric acid,Citric acid,0.0387157024767041,0.3310549427148782,121,248.63498610314048,254.65791936867768,0.4369925243836392,0.4800999236329201,69
ST003662,all,Glycerophosphocholine,sn-Glycero-3-phosphocholine,0.0378096223847389,0.2286953990936871,121,0.5293975106033059,0.5438821238181817,0.3369173290219497,0.6407425724650606,70
ST003662,all,Creatine,Creatine,0.0371125158446233,0.1963840983669284,121,367.9812108636364,379.8034417049587,0.2972786810141578,0.7068936808621292,71
ST003662,all,Acetylputrescine,N-Acetylputrescine,0.0363656613513919,0.6625889781903067,121,2.83824048431405,2.851800821016528,0.7386971716310852,0.1787557926480557,72
ST003662,all,Nicotinic acid adenine dinucleotide,Nicotinic acid adenine dinucleotide,0.0351822674839015,0.5562002797795809,113,0.1871127869823008,0.1895316957876106,0.6555217583116488,0.2547687970132157,73
ST003662,all,Mannitol,Mannitol,0.0316696663591309,0.2517767663038512,121,7.736424130438016,8.052375687619834,0.3587985163535591,0.5989843486188509,74
ST003662,all,Mevalonic acid,Mevalonic acid,0.031505858854021,0.643251896522712,116,0.3347587236810345,0.3371292473103448,0.7315973592849502,0.1916189246696804,75
ST003662,all,Arabinose,Arabinose,0.031313893584602,0.5462155719576867,103,0.5896342214466019,0.6046188325048545,0.6483853911727935,0.2626359227995536,76
ST003662,all,Alanine,Alanine,0.0306194392751749,0.3037249504282547,121,387.4417171066116,397.4625021801653,0.4074359091110734,0.5175195301488129,77
ST003662,all,Glyoxylic acid,Glyoxylic acid,0.0301649887311194,0.8170027201385848,121,331.86888200239673,335.9951230156364,0.8425340551429155,0.087776497519958,78
ST003662,all,Xylose,Xylose,0.0249709814721605,0.7286582402105403,121,321.926317245124,333.0544233233058,0.7886644117776421,0.1374761194086653,79
ST003662,all,L-Norepinephrin,Norepinephrine,0.0241219963553361,0.8654623567471149,39,0.0683532823589743,0.0736400014871795,0.8869645271010804,0.0627518170000687,80
ST003662,all,pyridoxine,Pyridoxine,0.0232000771864824,0.7791215903824452,25,0.0322700716,0.03287705128,0.8240709129045093,0.1083947606695962,81
ST003662,all,Cadaverine,Cadaverine,0.0211899252020617,0.7680180612438997,114,0.6110258824912281,0.604478965131579,0.8175676135822159,0.1146285666789958,82
ST003662,all,Ketamine,Ketamine,0.0188589702676391,0.7992124473388048,23,0.0516112904782608,0.0529420000869565,0.8293714076157408,0.0973377608075237,83
ST003662,all,CAR 22:6,CAR 22:6,0.0175300277413673,0.6724766031473299,19,0.0237615092105263,0.0240272244736842,0.7446888558342916,0.1723228210664759,84
ST003662,all,Asparagine,Asparagine,0.0134367544838325,0.5961994182921786,121,26.467552007520663,26.47951937454545,0.6927669297057005,0.2246084520414292,85
ST003662,all,4-Hydroxy-proline,cis-4-Hydroxyproline,0.0131527531233816,0.677114755601125,121,1.7671030952314049,1.7781665850578512,0.7448262311612375,0.169337722007743,86
ST003662,all,Uridine,Uridine,0.0118885317563759,0.6986345193224535,120,1.872239595875,1.8988539935916668,0.7634085807165881,0.1557499598078904,87
ST003662,all,Hydroxyglutaric acid,Hydroxyglutaric acid,0.0108525404331811,0.8810065970195544,117,6.778178637743589,6.8628996595641025,0.897321534001398,0.055020839557915,88
ST003662,all,Proline,Proline,0.0076687485654987,0.7360867843257993,121,131.02040779024793,130.2444722198347,0.7886644117776421,0.1330709795050173,89
ST003662,all,Glutamate,Glutamic acid,0.0034864806603529,0.8983028278923945,121,110.27819535735536,111.28432164247934,0.9093249484800312,0.046577233140818,90
ST003662,all,N-Acetylserine,N-Acetylserine,0.0027552599393041,0.9198108572472892,121,105.38421595471074,106.1238162070248,0.9254194600353824,0.0363014684141258,91
ST003662,all,Testosterone,Testosterone,-0.0042480713244924,0.9570703479069104,15,0.1862131688,0.1881196321333333,0.9570703479069104,0.0190561389369179,92
ST003662,all,Urea,Urea,-0.0144371434988683,0.798623956329899,121,8775.546337884296,8468.046221413224,0.8293714076157408,0.0976576664108594,93
ST003662,all,Kynurenine,Kynurenine,-0.0170260542053414,0.6473528148824408,121,1.6641858670826446,1.6320914667768596,0.7315973592849502,0.1888589592167304,94
ST003662,all,Tyrosine,Tyrosine,-0.01864398356822,0.4897059210603144,121,44.99089871438016,43.7349769361157,0.5985294590737177,0.310064644872377,95
ST003662,all,Noradrenaline,Xi-Norepinephrine,-0.028274598462433,0.5029726658866162,119,0.3408290447310924,0.3357787904453781,0.6102241902300858,0.2984556160915307,96
ST003662,all,Leucine,Leucine,-0.0295643267996005,0.2856131876995758,121,79.40025595280991,76.45334441636363,0.3933591498264854,0.5442217436293102,97
ST003662,all,Gluconate,Gluconic acid,-0.0296290521684728,0.4765770797251021,121,14.731367896669422,12.8751406363719,0.5868299862286706,0.3218668482427584,98
ST003662,all,CAR 5:0;O,CAR 5:0;OH,-0.0319024038237213,0.0962954820453707,118,0.0666374944915254,0.0657890562118644,0.1683287626756936,1.016394088460027,99
ST003662,all,Carnitine,Carnitine,-0.0329591295406732,0.1681388094641847,121,13.324172526280991,13.068794684123963,0.2568787366813934,0.7743320320048888,100
ST003662,all,Valine,Valine,-0.0341838844230784,0.1397100578937183,121,126.55688100173552,122.71376938173552,0.2216553803121492,0.8547723273825558,101
ST003662,all,Phosphocholine,Choline phosphate,-0.0348065921911376,0.3022781476341458,121,48.10164434471075,46.932670430330575,0.4074359091110734,0.5195932478104016,102
ST003662,all,Indolelactic acid,Indolelactic acid,-0.0392523823784933,0.6260505016005222,118,3.7845857437966104,5.378846863796611,0.722365963385218,0.2033906321541176,103
ST003662,all,Phenylalanine,Phenylalanine,-0.0393997805358711,0.1137423069204477,121,36.4497556931405,35.152256555950416,0.1915049045089171,0.9440779676377418,104
ST003662,all,Methionine,Methionine,-0.0435083818834687,0.1669644064699318,118,16.01300414755932,15.039556430262714,0.2568787366813934,0.7773761020336248,105
ST003662,all,CAR 18:2,CAR 18:2,-0.0494768101028349,0.1044303599636393,105,0.0515464355904762,0.0502341662666666,0.1776392721030977,0.9811732250128756,106
ST003662,all,Aspartic acid,Aspartic acid,-0.0533702493092732,0.0845738058768216,121,68.34525231338843,66.92581384272728,0.1516812822790822,1.072764125432009,107
ST003662,all,Isoleucine,Isoleucine,-0.0551720048465914,0.0446133214678753,121,37.400582344793385,35.500440776942156,0.0968578689763082,1.3505354422712337,108
ST003662,all,Spermidine,Spermidine,-0.0624572319312923,0.6393755761592296,121,9.299817430727272,7.999267051537191,0.7315973592849502,0.1942439575886735,109
ST003662,all,CAR 14:0,CAR 14:0,-0.0630299222403344,0.4260655262689539,12,0.0267108573333333,0.0259086955,0.5399845951037445,0.3705236039287261,110
ST003662,all,CAR 5:0,CAR 5:0,-0.0655287581910971,0.078187299076762,121,0.0731998574710743,0.068125908768595,0.1433641930976139,1.106863788997237,111
ST003662,all,CAR 18:2;O2,CAR 18:2;O2,-0.0678432285268993,0.4572656639228106,93,0.0887888647956989,0.0859355904838709,0.5672844702801785,0.3398314085662006,112
ST003662,all,Ophthalmic acid,Ophthalmic acid,-0.0710662070095403,0.0296381044010377,121,1.2930922481239666,1.231489001140496,0.0669902359749483,1.5281495764854007,113
ST003662,all,ATP,ATP,-0.0710994999991191,0.2522462296788658,88,88.30807138068181,84.56219641079544,0.3587985163535591,0.5981753164365459,114
ST003662,all,CAR 4:1;O2,CAR DC4:0,-0.0720325485961548,0.0067344255566881,83,0.036585512566265,0.0347591099277108,0.0176377812198974,2.1716994434748296,115
ST003662,all,"Glucono-1,5-Lactone",Gluconolactone,-0.0794022676922111,0.1242623527975926,120,0.99109490135,1.0763083692833333,0.2030028535802255,0.9056604276636896,116
ST003662,all,CAR 14:2;O,CAR 14:2;OH,-0.0806078084725619,0.4081621774630483,90,0.0998715207888888,0.0981038069333333,0.5261465568859607,0.3891672418544734,117
ST003662,all,Threonine,Threonine,-0.0880286918606663,0.0029113674638523,121,72.33254270545454,67.54007236826446,0.0084276426585199,2.535902975787011,118
ST003662,all,Nicotinic acid,Nicotinic acid,-0.0884330027944466,0.7850850683652305,41,30.467503651585364,30.335195431707316,0.8250894030590004,0.1050832824650047,119
ST003662,all,Biotin,Biotin,-0.0914350143768097,0.2416475144381783,14,0.1515258132857142,0.1507269117857142,0.3497529814236791,0.6168176676111145,120
ST003662,all,Cotinine,Cotinine,-0.0960245263000922,0.5233490743384613,11,0.8478128513636363,0.7403184754545454,0.6296428994585211,0.2812085396438221,121
ST003662,all,Rhamnose,Rhamnose,-0.1026924276605074,0.1237446649604276,93,0.3091901854516128,0.290556065827957,0.2030028535802255,0.9074735158545356,122
ST003662,all,CAR 16:0,CAR 16:0,-0.1101233341704988,0.0004939846957054,117,0.0799608977264957,0.0752559809658119,0.0017342015913064,3.3062865058812574,123
ST003662,all,CAR 18:1,CAR 18:1,-0.1111259959579417,0.0007553634294687,121,0.1148077253801652,0.1072389832892562,0.0023968262665834,3.121844045143128,124
ST003662,all,S-Adenosylmethionine,S-Adenosylmethionine,-0.1138519755613482,0.2860793816919894,105,1.098882891761905,1.0752547820571428,0.3933591498264854,0.5435134415308741,125
ST003662,all,3-Hydroxybutyric acid,3-Hydroxybutyric acid,-0.1163043354814186,1.9292681738242716e-05,121,635.0746873504131,581.5484683338843,7.958231217025121e-05,4.71460739997814,126
ST003662,all,Homoserine,Homoserine,-0.1173424320097515,0.0062127115579689,121,3.378148484983471,3.0948419016694215,0.0165338291462078,2.2067188092213192,127
ST003662,all,Fumaric acid,Fumaric acid,-0.1241724011314916,0.0559431906027585,119,77.69954951983195,73.506037172521,0.1139583512278415,1.2522527681815616,128
ST003662,all,Caffeine,Caffeine,-0.1242256099404799,0.0045762073283172,104,3.177100729769231,3.002008202596154,0.0127978679520735,2.339494307749915,129
ST003662,all,Ornithine,Ornithine,-0.1282834839456571,9.711853107787022e-06,121,48.46727785801654,44.24184989826446,4.216988849433838e-05,5.012697894942621,130
ST003662,all,Cortisol,Cortisol,-0.1377586494297537,0.0056313151532923,86,0.2706226370348837,0.2382276201744186,0.0152322459064464,2.2493901669396097,131
ST003662,all,Adenine,Adenine,-0.1463257858268136,9.299619675282986e-05,121,0.1756468842644628,0.159643945983471,0.0003653422015289,4.031534812338904,132
ST003662,all,CAR 18:0,CAR 18:0,-0.1505546075137151,1.1000329149567922e-05,97,0.0494723285051546,0.0464412578453608,4.6539854094325825e-05,4.9585943197779185,133
ST003662,all,alpha-Ketoglutaric acid,2-Oxoglutaric acid,-0.1596512289146625,0.0116537550538735,121,0.7138017265867769,0.634412992140496,0.0278676751288281,1.9335341144309577,134
ST003662,all,GDP,GDP,-0.1708171323893582,0.4319876760829956,55,2.200447847236364,3.5743574010000008,0.5399845951037445,0.3645286427348441,135
ST003662,all,NAD+,NAD,-0.1723937236820882,1.9795141376957092e-07,121,4.130606001090909,3.695663574371901,9.606465668229178e-07,6.703441392168251,136
ST003662,all,Theobromin,Theobromine,-0.1834929203629526,0.0019301680683757,108,2.2646149767129633,2.055985299685185,0.0057905042051272,2.7144048733807016,137
ST003662,all,Ureidosuccinic acid,N-Carbamoylaspartic acid,-0.1940292854712951,0.0089276531810069,75,0.5731640331333333,0.4980092554,0.0219860115651663,2.0492626894303,138
ST003662,all,N4-Acetylcytidine,N4-Acetylcytidine,-0.2002099855463877,3.6686915674120005e-11,112,1.208440626875,1.0717154438928571,2.52222545259575e-10,10.435488798519758,139
ST003662,all,NADP+,NADP,-0.2027700069639593,0.0141097721924239,93,2.8009754474623656,2.528690820892473,0.0332587487392849,1.8504799980367153,140
ST003662,all,"2,3-Dihydroxyisovaleric acid","2,3-Dihydroxyisovaleric acid",-0.2035283658960323,0.1343730834875877,34,0.1605635189117647,0.1490101042941176,0.2152578521888541,0.8716877168739062,141
ST003662,all,Oxaloacetic acid,Oxaloacetic acid,-0.2072764163856606,0.2325169027729092,61,123.62516800049178,191.26389659360655,0.3395158314825666,0.6335454706700335,142
ST003662,all,Valerolactam,2-Piperidinone,-0.211765974265981,0.0108485980296196,91,0.0695678245714285,0.0592853645164835,0.0263238040424593,1.9646263823076615,143
ST003662,all,Putrescine,Putrescine,-0.2206166385094866,0.1436549682374776,90,0.5596594309111111,0.5119525928444445,0.224172887098615,0.8426793495480535,144
ST003662,all,CAR 14:2;O2,CAR 14:2;O2,-0.2506887432404996,0.1302978103655258,50,0.1005336221,0.0692340764,0.2107758697089389,0.885062882477436,145
ST003662,all,5-Methyluridine,Ribothymidine,-0.255600668613138,0.0769324514961817,24,0.1666090206666667,0.1353865885416666,0.1433641930976139,1.1138904283018758,146
ST003662,all,5'-Methylthioadenosine,5'-Methylthioadenosine,-0.2562796902459677,3.666159069591904e-12,121,0.4558005839008264,0.3925534546694214,2.8805535546793533e-11,11.435788695525664,147
ST003662,all,Phosphocreatine,Phosphocreatine,-0.2672708675537338,1.324032588826479e-12,116,1.9114813279568963,1.5681036319051724,1.0923268857818452e-11,11.878101325339422,148
ST003662,all,Spermine,Spermine,-0.2687861058367967,0.3210969133458777,121,218.48167386519833,163.24751410327272,0.4272660540489501,0.4933638692179756,149
ST003662,all,Cytidine,Cytidine,-0.2783726380663895,0.0543391164320082,68,0.183433654867647,0.1639877484411764,0.1139583512278415,1.2648874276005526,150
ST003662,all,3'-AMP,3'-AMP,-0.291362411969888,0.5266104250016722,18,5.536746882166667,2.8810751675555557,0.6296428994585211,0.2785105476684515,151
ST003662,all,Tryptophan,Tryptophan,-0.3000700236366679,2.661560123488801e-18,121,27.86508560876859,22.29531829818182,3.1368387169689437e-17,17.574863718856435,152
ST003662,all,Ascorbic acid,Vitamin C,-0.3119274959631056,5.529269287808816e-06,120,1.9008882448833333,1.447453896225,2.5342484235790408e-05,5.257332258431403,153
ST003662,all,dGTP,dGTP,-0.314255639667468,0.0581699894504248,83,32.31513062366265,22.41087252922891,0.1156391356544591,1.2353010149642705,154
ST003662,all,N-Acetyl-L-aspartic acid,N-Acetylaspartic acid,-0.3272999111822649,0.0009758909018074,95,0.7084946945368422,0.6090589489052631,0.0030381509207213,3.010598730890008,155
ST003662,all,Mannitol-1-phosphate,Mannitol 1-phosphate,-0.3311917589652921,0.0165406321645297,86,9.593581080127906,8.71139000166279,0.0384394972837662,1.7814478962151268,156
ST003662,all,ADP,ADP,-0.4028471928248234,4.9425630882711736e-24,121,78.36417953785124,58.48094629322314,7.41384463240676e-23,23.30604777852149,157
ST003662,all,6-Phosphogluconic acid,6-Phosphogluconic acid,-0.4911169998827486,2.1295279366939903e-16,120,0.637234919875,0.4594694858333333,2.0668947620853434e-15,15.67171665816245,158
ST003662,all,5'-AMP,AMP,-0.5305140244728506,2.2979136146911375e-31,121,34.69264100801653,25.00590575338843,6.319262440400628e-30,30.638666301743523,159
ST003662,all,Adenosine,Adenosine,-0.5805219128125524,0.0554148647300754,31,0.3613550347741935,0.3008694249032258,0.1139583512278415,1.2563737225582048,160
ST003662,all,3- carboxy-4-methyl-5-propyl-2-furanpropanoic acid,3-Carboxy-4-methyl-5-propyl-2-furanpropanoic acid,-0.6331138530090413,0.000166996910476,105,8.108715860514284,3.9471438943619046,0.0006408020983383,3.7772915634369215,161
ST003662,all,Cysteic acid,Cysteic acid,-0.6360168262390044,5.37431991636812e-08,112,6.777363644669643,4.604392212383928,3.0578027110370336e-07,7.269676484948255,162
ST003662,all,"1,5-Anhydroglucitol","1,5-Anhydrosorbitol",-0.7293311942746753,6.979129247049551e-06,96,147.74211916769792,88.57028175097916,3.1123143939545294e-05,5.156198758865567,163
ST003662,all,UMP,UMP,-0.9647646845443584,1.2857130112998538e-29,121,2.259671263289256,1.3542714234628102,2.651783085805949e-28,28.89085596105271,164
ST003662,all,"Fructose-1,6-bisphosphate","Fructose 1,6-bisphosphate",-1.0064848044004258,2.308369130970224e-24,121,0.3333467541157024,0.1766988818016528,3.80880906610087e-23,23.636694741995903,165
