feature_id,refmet_name,refmet_super_class,effect,effect_scale,p_value,fdr,fdr_method,fdr_scope,fdr_source,selection_status,source_study_id,source_dataset_id,contrast_id,platform,sex
Leucine,Leucine,Organic acids,4.043711472988204,log2fc,1.0283322407256276e-11,2.7353637603301697e-09,benjamini_hochberg,within_study_all_266_paired_tested_features_scan_lane_bh,provided,higher_in_numerator,ST004303,ST004303_human_plasma_paired_ttest,ST004303_4P_vs_1P_paired_arms_pooled,not_reported,
Acetyl-L-carnitine [refmet: CAR 2:0],CAR 2:0,Fatty Acyls,1.122375446090025,log2fc,5.19886803134602e-10,6.914494481690208e-08,benjamini_hochberg,within_study_all_266_paired_tested_features_scan_lane_bh,provided,higher_in_numerator,ST004303,ST004303_human_plasma_paired_ttest,ST004303_4P_vs_1P_paired_arms_pooled,not_reported,
Arachidonic acid,Arachidonic acid,Fatty Acyls,1.5620881298656142,log2fc,1.2756587453149521e-09,9.841100264688696e-08,benjamini_hochberg,within_study_all_266_paired_tested_features_scan_lane_bh,provided,higher_in_numerator,ST004303,ST004303_human_plasma_paired_ttest,ST004303_4P_vs_1P_paired_arms_pooled,not_reported,
4-Hydroxybutyric acid (GHB) [refmet: 4-Hydroxybutyric acid],4-Hydroxybutyric acid,Fatty Acyls,1.2752251666961687,log2fc,1.4798647014569469e-09,9.841100264688696e-08,benjamini_hochberg,within_study_all_266_paired_tested_features_scan_lane_bh,provided,higher_in_numerator,ST004303,ST004303_human_plasma_paired_ttest,ST004303_4P_vs_1P_paired_arms_pooled,not_reported,
trans-10-Heptadecenoic acid [refmet: 10E-Heptadecenoic acid],10E-Heptadecenoic acid,Fatty Acyls,2.5514606851038875,log2fc,6.619433282033334e-09,2.934615421701445e-07,benjamini_hochberg,within_study_all_266_paired_tested_features_scan_lane_bh,provided,higher_in_numerator,ST004303,ST004303_human_plasma_paired_ttest,ST004303_4P_vs_1P_paired_arms_pooled,not_reported,
Docosahexaenoic Acid,Docosahexaenoic acid,Fatty Acyls,1.749090783165115,log2fc,1.2643899902509006e-08,4.804681962953422e-07,benjamini_hochberg,within_study_all_266_paired_tested_features_scan_lane_bh,provided,higher_in_numerator,ST004303,ST004303_human_plasma_paired_ttest,ST004303_4P_vs_1P_paired_arms_pooled,not_reported,
Abietic acid,Abietic acid,Prenol Lipids,1.4876525251099626,log2fc,1.4714542194012489e-08,4.892585279509152e-07,benjamini_hochberg,within_study_all_266_paired_tested_features_scan_lane_bh,provided,higher_in_numerator,ST004303,ST004303_human_plasma_paired_ttest,ST004303_4P_vs_1P_paired_arms_pooled,not_reported,
"11(Z),14(Z)-Eicosadienoic Acid [refmet: 11Z,14Z-Eicosadienoic acid]","11Z,14Z-Eicosadienoic acid",Fatty Acyls,2.025723823730885,log2fc,2.366611345942753e-08,6.295186180207723e-07,benjamini_hochberg,within_study_all_266_paired_tested_features_scan_lane_bh,provided,higher_in_numerator,ST004303,ST004303_human_plasma_paired_ttest,ST004303_4P_vs_1P_paired_arms_pooled,not_reported,
Myristic Acid,Myristic acid,Fatty Acyls,1.8589244640384834,log2fc,2.2621032656498813e-08,6.295186180207723e-07,benjamini_hochberg,within_study_all_266_paired_tested_features_scan_lane_bh,provided,higher_in_numerator,ST004303,ST004303_human_plasma_paired_ttest,ST004303_4P_vs_1P_paired_arms_pooled,not_reported,
Oleic Acid,Oleic acid,Fatty Acyls,2.349158824966794,log2fc,4.5867234919606556e-08,1.1091531353286677e-06,benjamini_hochberg,within_study_all_266_paired_tested_features_scan_lane_bh,provided,higher_in_numerator,ST004303,ST004303_human_plasma_paired_ttest,ST004303_4P_vs_1P_paired_arms_pooled,not_reported,
2-Oxobutyric acid [refmet: 3-Methyl pyruvic acid],3-Methyl pyruvic acid,Fatty Acyls,1.0279005940915618,log2fc,5.1315001662982035e-08,1.1374825368627684e-06,benjamini_hochberg,within_study_all_266_paired_tested_features_scan_lane_bh,provided,higher_in_numerator,ST004303,ST004303_human_plasma_paired_ttest,ST004303_4P_vs_1P_paired_arms_pooled,not_reported,
11(Z)-Eicosenoic acid [refmet: cis-Gondoic acid],cis-Gondoic acid,Fatty Acyls,2.378570151113125,log2fc,6.299323476115291e-08,1.288938495882052e-06,benjamini_hochberg,within_study_all_266_paired_tested_features_scan_lane_bh,provided,higher_in_numerator,ST004303,ST004303_human_plasma_paired_ttest,ST004303_4P_vs_1P_paired_arms_pooled,not_reported,
FA 17:0 [refmet: Margaric acid],Margaric acid,Fatty Acyls,1.7202562775874974,log2fc,7.64501557832912e-08,1.4525529598825327e-06,benjamini_hochberg,within_study_all_266_paired_tested_features_scan_lane_bh,provided,higher_in_numerator,ST004303,ST004303_human_plasma_paired_ttest,ST004303_4P_vs_1P_paired_arms_pooled,not_reported,
3-Hydroxylidocaine,3-Hydroxylidocaine,unclassified_no_refmet_match,5.208308813499586,log2fc,1.1798271433603604e-07,1.9614626258365992e-06,benjamini_hochberg,within_study_all_266_paired_tested_features_scan_lane_bh,provided,higher_in_numerator,ST004303,ST004303_human_plasma_paired_ttest,ST004303_4P_vs_1P_paired_arms_pooled,not_reported,
Ethyl myristate [refmet: Ethyl tetradecanoate],Ethyl tetradecanoate,Fatty Acyls,0.8304329096385515,log2fc,1.1746817613025483e-07,1.9614626258365992e-06,benjamini_hochberg,within_study_all_266_paired_tested_features_scan_lane_bh,provided,higher_in_numerator,ST004303,ST004303_human_plasma_paired_ttest,ST004303_4P_vs_1P_paired_arms_pooled,not_reported,
Norlidocaine [refmet: Monoethylglycinexylidide],Monoethylglycinexylidide,Organic acids,5.012188355441214,log2fc,1.4617355611896242e-07,2.2871862310378827e-06,benjamini_hochberg,within_study_all_266_paired_tested_features_scan_lane_bh,provided,higher_in_numerator,ST004303,ST004303_human_plasma_paired_ttest,ST004303_4P_vs_1P_paired_arms_pooled,not_reported,
3-Hydroxybutyric acid,3-Hydroxybutyric acid,Fatty Acyls,2.4972139335014214,log2fc,6.756205923787015e-07,8.168867162397028e-06,benjamini_hochberg,within_study_all_266_paired_tested_features_scan_lane_bh,provided,higher_in_numerator,ST004303,ST004303_human_plasma_paired_ttest,ST004303_4P_vs_1P_paired_arms_pooled,not_reported,
NP-015114,NP-015114,unclassified_no_refmet_match,0.30689905156661296,log2fc,7.772552897881963e-07,8.614579461819176e-06,benjamini_hochberg,within_study_all_266_paired_tested_features_scan_lane_bh,provided,higher_in_numerator,ST004303,ST004303_human_plasma_paired_ttest,ST004303_4P_vs_1P_paired_arms_pooled,not_reported,
16-Hydroxyhexadecanoic acid [refmet: Juniperic acid],Juniperic acid,Fatty Acyls,0.5614275123671169,log2fc,9.486990303730414e-07,9.749945309262618e-06,benjamini_hochberg,within_study_all_266_paired_tested_features_scan_lane_bh,provided,higher_in_numerator,ST004303,ST004303_human_plasma_paired_ttest,ST004303_4P_vs_1P_paired_arms_pooled,not_reported,
Testosterone sulfate,Testosterone sulfate,Sterol Lipids,0.2588572983621445,log2fc,7.392249262246401e-06,6.144807199242321e-05,benjamini_hochberg,within_study_all_266_paired_tested_features_scan_lane_bh,provided,higher_in_numerator,ST004303,ST004303_human_plasma_paired_ttest,ST004303_4P_vs_1P_paired_arms_pooled,not_reported,
12-Hydroxyoctadecanoic acid [refmet: 12-Hydroxy stearic acid],12-Hydroxy stearic acid,Fatty Acyls,0.47990505974145775,log2fc,8.984147112952551e-06,7.028773917780525e-05,benjamini_hochberg,within_study_all_266_paired_tested_features_scan_lane_bh,provided,higher_in_numerator,ST004303,ST004303_human_plasma_paired_ttest,ST004303_4P_vs_1P_paired_arms_pooled,not_reported,
3-Aminobenzamide,3-Aminobenzamide,Benzenoids,0.7957358706402795,log2fc,2.099945876789166e-05,0.00015096908195295087,benjamini_hochberg,within_study_all_266_paired_tested_features_scan_lane_bh,provided,higher_in_numerator,ST004303,ST004303_human_plasma_paired_ttest,ST004303_4P_vs_1P_paired_arms_pooled,not_reported,
Xanthine,Xanthine,Nucleic acids,1.1673072459488418,log2fc,3.935160985535297e-05,0.0002616882055380972,benjamini_hochberg,within_study_all_266_paired_tested_features_scan_lane_bh,provided,higher_in_numerator,ST004303,ST004303_human_plasma_paired_ttest,ST004303_4P_vs_1P_paired_arms_pooled,not_reported,
epiandrosterone sulfate [refmet: Epiandrosterone],Epiandrosterone,Sterol Lipids,0.2230919022935007,log2fc,4.66064214541467e-05,0.0002817570024273414,benjamini_hochberg,within_study_all_266_paired_tested_features_scan_lane_bh,provided,higher_in_numerator,ST004303,ST004303_human_plasma_paired_ttest,ST004303_4P_vs_1P_paired_arms_pooled,not_reported,
NP-018661,NP-018661,unclassified_no_refmet_match,0.9717062124157451,log2fc,6.97417281220099e-05,0.0003864854100094715,benjamini_hochberg,within_study_all_266_paired_tested_features_scan_lane_bh,provided,higher_in_numerator,ST004303,ST004303_human_plasma_paired_ttest,ST004303_4P_vs_1P_paired_arms_pooled,not_reported,
Hexanoylcarnitine [refmet: CAR 6:0],CAR 6:0,Fatty Acyls,0.7065751098979642,log2fc,8.1547977251321e-05,0.0004325564028885193,benjamini_hochberg,within_study_all_266_paired_tested_features_scan_lane_bh,provided,higher_in_numerator,ST004303,ST004303_human_plasma_paired_ttest,ST004303_4P_vs_1P_paired_arms_pooled,not_reported,
Arachidic Acid,Arachidic acid,Fatty Acyls,0.4732547326976267,log2fc,0.00010074047134202539,0.0004962400995736806,benjamini_hochberg,within_study_all_266_paired_tested_features_scan_lane_bh,provided,higher_in_numerator,ST004303,ST004303_human_plasma_paired_ttest,ST004303_4P_vs_1P_paired_arms_pooled,not_reported,
HYDROXYPHENYLLACTIC ACID,Hydroxyphenyllactic acid,Organic acids,0.4505206187266942,log2fc,0.0001141856603334887,0.0005522433754310544,benjamini_hochberg,within_study_all_266_paired_tested_features_scan_lane_bh,provided,higher_in_numerator,ST004303,ST004303_human_plasma_paired_ttest,ST004303_4P_vs_1P_paired_arms_pooled,not_reported,
"6-Methyl[1,2,4]triazolo[4,3-b]pyridazin-8-ol","6-Methyl[1,2,4]triazolo[4,3-b]pyridazin-8-ol",unclassified_no_refmet_match,0.1636593304829279,log2fc,0.0002739578048891332,0.0011567107317541178,benjamini_hochberg,within_study_all_266_paired_tested_features_scan_lane_bh,provided,higher_in_numerator,ST004303,ST004303_human_plasma_paired_ttest,ST004303_4P_vs_1P_paired_arms_pooled,not_reported,
N6-Me-Adenosine [refmet: N6-Methyladenosine],N6-Methyladenosine,Nucleic acids,0.14104074183071671,log2fc,0.00028457019089509167,0.0011827448559077248,benjamini_hochberg,within_study_all_266_paired_tested_features_scan_lane_bh,provided,higher_in_numerator,ST004303,ST004303_human_plasma_paired_ttest,ST004303_4P_vs_1P_paired_arms_pooled,not_reported,
OCTANOYLCARNITINE [refmet: CAR 8:0],CAR 8:0,Fatty Acyls,0.9270228253743664,log2fc,0.0003290647169551503,0.001346634072462615,benjamini_hochberg,within_study_all_266_paired_tested_features_scan_lane_bh,provided,higher_in_numerator,ST004303,ST004303_human_plasma_paired_ttest,ST004303_4P_vs_1P_paired_arms_pooled,not_reported,
Decanoic acid [refmet: Capric acid],Capric acid,Fatty Acyls,1.290527118025196,log2fc,0.000582500024810693,0.002093851440535734,benjamini_hochberg,within_study_all_266_paired_tested_features_scan_lane_bh,provided,higher_in_numerator,ST004303,ST004303_human_plasma_paired_ttest,ST004303_4P_vs_1P_paired_arms_pooled,not_reported,
Decanoylcarnitine [refmet: CAR 10:0],CAR 10:0,Fatty Acyls,1.0254736498761636,log2fc,0.0006003879007258081,0.0021293757545741993,benjamini_hochberg,within_study_all_266_paired_tested_features_scan_lane_bh,provided,higher_in_numerator,ST004303,ST004303_human_plasma_paired_ttest,ST004303_4P_vs_1P_paired_arms_pooled,not_reported,
N4-Acetylcytidine,N4-Acetylcytidine,Nucleic acids,0.12842500883292543,log2fc,0.0006425889462022233,0.0021913930729460435,benjamini_hochberg,within_study_all_266_paired_tested_features_scan_lane_bh,provided,higher_in_numerator,ST004303,ST004303_human_plasma_paired_ttest,ST004303_4P_vs_1P_paired_arms_pooled,not_reported,
6-Hydroxycaproic acid,6-Hydroxycaproic acid,Fatty Acyls,0.5206513401225082,log2fc,0.0009804045204133912,0.003219600029999532,benjamini_hochberg,within_study_all_266_paired_tested_features_scan_lane_bh,provided,higher_in_numerator,ST004303,ST004303_human_plasma_paired_ttest,ST004303_4P_vs_1P_paired_arms_pooled,not_reported,
D-Pantothenic Acid [refmet: Pantothenic acid],Pantothenic acid,Organic acids,0.34433148222193605,log2fc,0.0012523337373535489,0.003965723501619571,benjamini_hochberg,within_study_all_266_paired_tested_features_scan_lane_bh,provided,higher_in_numerator,ST004303,ST004303_human_plasma_paired_ttest,ST004303_4P_vs_1P_paired_arms_pooled,not_reported,
PC 32:1,PC 32:1,Glycerophospholipids,0.1775110250081653,log2fc,0.001645239383574911,0.005088763674778213,benjamini_hochberg,within_study_all_266_paired_tested_features_scan_lane_bh,provided,higher_in_numerator,ST004303,ST004303_human_plasma_paired_ttest,ST004303_4P_vs_1P_paired_arms_pooled,not_reported,
Myriocin,Myriocin,Fatty Acyls,0.7025428399647157,log2fc,0.0019248362608535697,0.005688960504300551,benjamini_hochberg,within_study_all_266_paired_tested_features_scan_lane_bh,provided,higher_in_numerator,ST004303,ST004303_human_plasma_paired_ttest,ST004303_4P_vs_1P_paired_arms_pooled,not_reported,
7-Methylguanosine,7-Methylguanosine,Nucleic acids,0.20543190672920386,log2fc,0.0022453653282715575,0.0064222277131207985,benjamini_hochberg,within_study_all_266_paired_tested_features_scan_lane_bh,provided,higher_in_numerator,ST004303,ST004303_human_plasma_paired_ttest,ST004303_4P_vs_1P_paired_arms_pooled,not_reported,
Uracil,Uracil,Nucleic acids,0.317194855964012,log2fc,0.005065622561035688,0.013749546951382582,benjamini_hochberg,within_study_all_266_paired_tested_features_scan_lane_bh,provided,higher_in_numerator,ST004303,ST004303_human_plasma_paired_ttest,ST004303_4P_vs_1P_paired_arms_pooled,not_reported,
Allopurinol,Allopurinol,Nucleic acids,1.2423488496562127,log2fc,0.00532791830842774,0.014315416869108876,benjamini_hochberg,within_study_all_266_paired_tested_features_scan_lane_bh,provided,higher_in_numerator,ST004303,ST004303_human_plasma_paired_ttest,ST004303_4P_vs_1P_paired_arms_pooled,not_reported,
Glutaric acid,Glutaric acid,Fatty Acyls,0.12923998710186319,log2fc,0.008865005637459103,0.02267395672657809,benjamini_hochberg,within_study_all_266_paired_tested_features_scan_lane_bh,provided,higher_in_numerator,ST004303,ST004303_human_plasma_paired_ttest,ST004303_4P_vs_1P_paired_arms_pooled,not_reported,
LPE 20:4,LPE 20:4,Glycerophospholipids,0.17009833902865953,log2fc,0.01193169872355944,0.029387332041359366,benjamini_hochberg,within_study_all_266_paired_tested_features_scan_lane_bh,provided,higher_in_numerator,ST004303,ST004303_human_plasma_paired_ttest,ST004303_4P_vs_1P_paired_arms_pooled,not_reported,
"δ-Ribono-1,4-lactone [refmet: Ribonolactone]",Ribonolactone,Carbohydrates,0.34545290483366403,log2fc,0.012669920086911651,0.030919254524022926,benjamini_hochberg,within_study_all_266_paired_tested_features_scan_lane_bh,provided,higher_in_numerator,ST004303,ST004303_human_plasma_paired_ttest,ST004303_4P_vs_1P_paired_arms_pooled,not_reported,
URIC ACID,Uric acid,Nucleic acids,0.09184186697974146,log2fc,0.016792189722112872,0.039528517398955965,benjamini_hochberg,within_study_all_266_paired_tested_features_scan_lane_bh,provided,higher_in_numerator,ST004303,ST004303_human_plasma_paired_ttest,ST004303_4P_vs_1P_paired_arms_pooled,not_reported,
DL-Dipalmitoylphosphatidylcholine [refmet: PC 16:0/16:0],PC 16:0/16:0,Glycerophospholipids,0.2792599092996981,log2fc,0.019638190016963892,0.04542398734358605,benjamini_hochberg,within_study_all_266_paired_tested_features_scan_lane_bh,provided,higher_in_numerator,ST004303,ST004303_human_plasma_paired_ttest,ST004303_4P_vs_1P_paired_arms_pooled,not_reported,
Propionylcarnitine [refmet: CAR 3:0],CAR 3:0,Fatty Acyls,-0.5007438193573491,log2fc,5.2636280101493164e-09,2.8002501013994366e-07,benjamini_hochberg,within_study_all_266_paired_tested_features_scan_lane_bh,provided,lower_in_numerator,ST004303,ST004303_human_plasma_paired_ttest,ST004303_4P_vs_1P_paired_arms_pooled,not_reported,
S-Methyl-methionine; AIF; CE10; MS2Dec,S-Methyl-methionine; AIF; CE10; MS2Dec,unclassified_no_refmet_match,-1.0061235122828538,log2fc,1.909802539843304e-07,2.8222637533239937e-06,benjamini_hochberg,within_study_all_266_paired_tested_features_scan_lane_bh,provided,lower_in_numerator,ST004303,ST004303_human_plasma_paired_ttest,ST004303_4P_vs_1P_paired_arms_pooled,not_reported,
Glycocholic acid,Glycocholic acid,Sterol Lipids,-1.7085211545287404,log2fc,2.2049171613472248e-07,3.0868840258861146e-06,benjamini_hochberg,within_study_all_266_paired_tested_features_scan_lane_bh,provided,lower_in_numerator,ST004303,ST004303_human_plasma_paired_ttest,ST004303_4P_vs_1P_paired_arms_pooled,not_reported,
Taurochenodeoxycholic Acid (sodium salt) [refmet: Taurochenodeoxycholic acid],Taurochenodeoxycholic acid,Sterol Lipids,-1.9970951709627929,log2fc,3.6250027562441836e-07,4.821253665804764e-06,benjamini_hochberg,within_study_all_266_paired_tested_features_scan_lane_bh,provided,lower_in_numerator,ST004303,ST004303_human_plasma_paired_ttest,ST004303_4P_vs_1P_paired_arms_pooled,not_reported,
Glycochenodeoxycholic acid,Glycochenodeoxycholic acid,Sterol Lipids,-1.7561840551583414,log2fc,6.183478846957924e-07,7.832406539480037e-06,benjamini_hochberg,within_study_all_266_paired_tested_features_scan_lane_bh,provided,lower_in_numerator,ST004303,ST004303_human_plasma_paired_ttest,ST004303_4P_vs_1P_paired_arms_pooled,not_reported,
L-Kynurenine [refmet: Kynurenine],Kynurenine,Organic acids,-0.30321680847439636,log2fc,7.372809129231747e-07,8.526814036415847e-06,benjamini_hochberg,within_study_all_266_paired_tested_features_scan_lane_bh,provided,lower_in_numerator,ST004303,ST004303_human_plasma_paired_ttest,ST004303_4P_vs_1P_paired_arms_pooled,not_reported,
D-(+)-Tryptophan [refmet: D-Tryptophan],D-Tryptophan,Organic acids,-0.4197964586098009,log2fc,9.530021730858198e-07,9.749945309262618e-06,benjamini_hochberg,within_study_all_266_paired_tested_features_scan_lane_bh,provided,lower_in_numerator,ST004303,ST004303_human_plasma_paired_ttest,ST004303_4P_vs_1P_paired_arms_pooled,not_reported,
2-Hydroxypyridine sulfate,2-Hydroxypyridine sulfate,unclassified_no_refmet_match,-1.1465157046456314,log2fc,1.0675283504565502e-06,1.0517131156349717e-05,benjamini_hochberg,within_study_all_266_paired_tested_features_scan_lane_bh,provided,lower_in_numerator,ST004303,ST004303_human_plasma_paired_ttest,ST004303_4P_vs_1P_paired_arms_pooled,not_reported,
LPC 16:0-SN1 [refmet: LPC 16:0/0:0],LPC 16:0/0:0,Glycerophospholipids,-0.16245687668230602,log2fc,2.267214527368112e-06,2.1538538009997067e-05,benjamini_hochberg,within_study_all_266_paired_tested_features_scan_lane_bh,provided,lower_in_numerator,ST004303,ST004303_human_plasma_paired_ttest,ST004303_4P_vs_1P_paired_arms_pooled,not_reported,
Theophylline,Theophylline,Nucleic acids,-0.31147460642320357,log2fc,2.7462004273837475e-06,2.518928667876127e-05,benjamini_hochberg,within_study_all_266_paired_tested_features_scan_lane_bh,provided,lower_in_numerator,ST004303,ST004303_human_plasma_paired_ttest,ST004303_4P_vs_1P_paired_arms_pooled,not_reported,
Asparagine,Asparagine,Organic acids,-0.4695081870109881,log2fc,3.3117992329439297e-06,2.9364619865436177e-05,benjamini_hochberg,within_study_all_266_paired_tested_features_scan_lane_bh,provided,lower_in_numerator,ST004303,ST004303_human_plasma_paired_ttest,ST004303_4P_vs_1P_paired_arms_pooled,not_reported,
"1,3,7-trimethyl-2,3,6,7-tetrahydro-1H-purine-2,6-dione [refmet: Caffeine]",Caffeine,Nucleic acids,-0.4892958009828747,log2fc,3.5400733232541426e-06,3.037611303179361e-05,benjamini_hochberg,within_study_all_266_paired_tested_features_scan_lane_bh,provided,lower_in_numerator,ST004303,ST004303_human_plasma_paired_ttest,ST004303_4P_vs_1P_paired_arms_pooled,not_reported,
DL-Lysine [refmet: Lysine],Lysine,Organic acids,-0.3431121483541936,log2fc,7.864286229863783e-06,6.33909132467808e-05,benjamini_hochberg,within_study_all_266_paired_tested_features_scan_lane_bh,provided,lower_in_numerator,ST004303,ST004303_human_plasma_paired_ttest,ST004303_4P_vs_1P_paired_arms_pooled,not_reported,
Acetohydroxamic acid,Acetohydroxamic acid,Organic acids,-0.19472277702687854,log2fc,1.2093763782477527e-05,9.19126047468292e-05,benjamini_hochberg,within_study_all_266_paired_tested_features_scan_lane_bh,provided,lower_in_numerator,ST004303,ST004303_human_plasma_paired_ttest,ST004303_4P_vs_1P_paired_arms_pooled,not_reported,
L-Tyrosine [refmet: Tyrosine],Tyrosine,Organic acids,-0.42878617502134786,log2fc,1.4991981675321118e-05,0.00011077408682320605,benjamini_hochberg,within_study_all_266_paired_tested_features_scan_lane_bh,provided,lower_in_numerator,ST004303,ST004303_human_plasma_paired_ttest,ST004303_4P_vs_1P_paired_arms_pooled,not_reported,
DL-Serine [refmet: Serine],Serine,Organic acids,-0.3221004349648565,log2fc,3.1675367481318986e-05,0.0002217275723692329,benjamini_hochberg,within_study_all_266_paired_tested_features_scan_lane_bh,provided,lower_in_numerator,ST004303,ST004303_human_plasma_paired_ttest,ST004303_4P_vs_1P_paired_arms_pooled,not_reported,
D-(+)-Xylose [refmet: Xylose],Xylose,Carbohydrates,-0.25839909916388604,log2fc,3.516238214985898e-05,0.00023982547825288433,benjamini_hochberg,within_study_all_266_paired_tested_features_scan_lane_bh,provided,lower_in_numerator,ST004303,ST004303_human_plasma_paired_ttest,ST004303_4P_vs_1P_paired_arms_pooled,not_reported,
L-Methionine sulfoxide [refmet: Methionine sulfoxide],Methionine sulfoxide,Organic acids,-0.6741400601659036,log2fc,4.5128010304753936e-05,0.00027970614125695807,benjamini_hochberg,within_study_all_266_paired_tested_features_scan_lane_bh,provided,lower_in_numerator,ST004303,ST004303_human_plasma_paired_ttest,ST004303_4P_vs_1P_paired_arms_pooled,not_reported,
Valeryl-carnitine; AIF; CE30; MS2Dec,Valeryl-carnitine; AIF; CE30; MS2Dec,unclassified_no_refmet_match,-0.4508238876433959,log2fc,4.5215654413718785e-05,0.00027970614125695807,benjamini_hochberg,within_study_all_266_paired_tested_features_scan_lane_bh,provided,lower_in_numerator,ST004303,ST004303_human_plasma_paired_ttest,ST004303_4P_vs_1P_paired_arms_pooled,not_reported,
LPC 17:0-SN1 [refmet: LPC 17:0/0:0],LPC 17:0/0:0,Glycerophospholipids,-0.1542314031455075,log2fc,4.345944132251296e-05,0.00027970614125695807,benjamini_hochberg,within_study_all_266_paired_tested_features_scan_lane_bh,provided,lower_in_numerator,ST004303,ST004303_human_plasma_paired_ttest,ST004303_4P_vs_1P_paired_arms_pooled,not_reported,
L-Histidine [refmet: Histidine],Histidine,Organic acids,-0.3110398629400382,log2fc,5.181188304690766e-05,0.0003062657975661653,benjamini_hochberg,within_study_all_266_paired_tested_features_scan_lane_bh,provided,lower_in_numerator,ST004303,ST004303_human_plasma_paired_ttest,ST004303_4P_vs_1P_paired_arms_pooled,not_reported,
D-Carnitine,D-Carnitine,Organic nitrogen compounds,-0.20417804393342145,log2fc,5.784695838073753e-05,0.00033450632454948227,benjamini_hochberg,within_study_all_266_paired_tested_features_scan_lane_bh,provided,lower_in_numerator,ST004303,ST004303_human_plasma_paired_ttest,ST004303_4P_vs_1P_paired_arms_pooled,not_reported,
N-Benzylformamide,N-benzylformamide,Benzenoids,-0.3878838487511968,log2fc,6.160515450013169e-05,0.0003486589595113836,benjamini_hochberg,within_study_all_266_paired_tested_features_scan_lane_bh,provided,lower_in_numerator,ST004303,ST004303_human_plasma_paired_ttest,ST004303_4P_vs_1P_paired_arms_pooled,not_reported,
2-Oxindole [refmet: Indolin-2-one],Indolin-2-one,Alkaloids,-0.48590524253635436,log2fc,8.095533436042182e-05,0.0004325564028885193,benjamini_hochberg,within_study_all_266_paired_tested_features_scan_lane_bh,provided,lower_in_numerator,ST004303,ST004303_human_plasma_paired_ttest,ST004303_4P_vs_1P_paired_arms_pooled,not_reported,
L-(-)-Methionine [refmet: Methionine],Methionine,Organic acids,-0.4124131274254078,log2fc,8.469028306553178e-05,0.0004325564028885193,benjamini_hochberg,within_study_all_266_paired_tested_features_scan_lane_bh,provided,lower_in_numerator,ST004303,ST004303_human_plasma_paired_ttest,ST004303_4P_vs_1P_paired_arms_pooled,not_reported,
"2,5-dihydroxybenzenesulfonate [refmet: 2,5-Dihydroxybenzenesulfonic acid]","2,5-Dihydroxybenzenesulfonic acid",Benzenoids,-0.38452191317245754,log2fc,8.561438141208166e-05,0.0004325564028885193,benjamini_hochberg,within_study_all_266_paired_tested_features_scan_lane_bh,provided,lower_in_numerator,ST004303,ST004303_human_plasma_paired_ttest,ST004303_4P_vs_1P_paired_arms_pooled,not_reported,
PC(16:0/0:0) [refmet: LPC 16:0/0:0],LPC 16:0/0:0,Glycerophospholipids,-0.14003555288881356,log2fc,8.61860501995922e-05,0.0004325564028885193,benjamini_hochberg,within_study_all_266_paired_tested_features_scan_lane_bh,provided,lower_in_numerator,ST004303,ST004303_human_plasma_paired_ttest,ST004303_4P_vs_1P_paired_arms_pooled,not_reported,
BETAINE,Betaine,Organic acids,-0.16211525129320212,log2fc,0.0001187380013859137,0.0005640055065830901,benjamini_hochberg,within_study_all_266_paired_tested_features_scan_lane_bh,provided,lower_in_numerator,ST004303,ST004303_human_plasma_paired_ttest,ST004303_4P_vs_1P_paired_arms_pooled,not_reported,
Glycine,Glycine,Organic acids,-0.28120574876180343,log2fc,0.00013995734433868486,0.0006531342735805293,benjamini_hochberg,within_study_all_266_paired_tested_features_scan_lane_bh,provided,lower_in_numerator,ST004303,ST004303_human_plasma_paired_ttest,ST004303_4P_vs_1P_paired_arms_pooled,not_reported,
LPC 18:2-SN1 [refmet: LPC 18:2/0:0],LPC 18:2/0:0,Glycerophospholipids,-0.2767790542036983,log2fc,0.00017061095366912435,0.0007824571323446048,benjamini_hochberg,within_study_all_266_paired_tested_features_scan_lane_bh,provided,lower_in_numerator,ST004303,ST004303_human_plasma_paired_ttest,ST004303_4P_vs_1P_paired_arms_pooled,not_reported,
DL-Homoserine [refmet: Homoserine],Homoserine,Organic acids,-0.27782480276304683,log2fc,0.0001761808313372593,0.0007943067989103556,benjamini_hochberg,within_study_all_266_paired_tested_features_scan_lane_bh,provided,lower_in_numerator,ST004303,ST004303_human_plasma_paired_ttest,ST004303_4P_vs_1P_paired_arms_pooled,not_reported,
2-HYDROXYOCTANOIC ACID,2-Hydroxyoctanoic acid,Fatty Acyls,-0.3986204155152031,log2fc,0.0001824297159488942,0.0008087717407067644,benjamini_hochberg,within_study_all_266_paired_tested_features_scan_lane_bh,provided,lower_in_numerator,ST004303,ST004303_human_plasma_paired_ttest,ST004303_4P_vs_1P_paired_arms_pooled,not_reported,
LPE 16:0,LPE 16:0,Glycerophospholipids,-0.3226073292550301,log2fc,0.00018627548721281633,0.0008122832721083466,benjamini_hochberg,within_study_all_266_paired_tested_features_scan_lane_bh,provided,lower_in_numerator,ST004303,ST004303_human_plasma_paired_ttest,ST004303_4P_vs_1P_paired_arms_pooled,not_reported,
methyl {[(2-oxo-2H-pyran-6-yl)carbonyl]amino}methanethioate,methyl {[(2-oxo-2H-pyran-6-yl)carbonyl]amino}methanethioate,unclassified_no_refmet_match,-0.37849025095262523,log2fc,0.00019201243559845407,0.0008237952882127223,benjamini_hochberg,within_study_all_266_paired_tested_features_scan_lane_bh,provided,lower_in_numerator,ST004303,ST004303_human_plasma_paired_ttest,ST004303_4P_vs_1P_paired_arms_pooled,not_reported,
1-pentadecanoyl-2-hydroxy-sn-glycero-3-phosphocholine,1-pentadecanoyl-2-hydroxy-sn-glycero-3-phosphocholine,unclassified_no_refmet_match,-0.15620575691085653,log2fc,0.00034094258796512716,0.0013741019454352095,benjamini_hochberg,within_study_all_266_paired_tested_features_scan_lane_bh,provided,lower_in_numerator,ST004303,ST004303_human_plasma_paired_ttest,ST004303_4P_vs_1P_paired_arms_pooled,not_reported,
DL-Arginine [refmet: Arginine],Arginine,Organic acids,-0.18960727130064806,log2fc,0.00036498117525376897,0.0014490297405597395,benjamini_hochberg,within_study_all_266_paired_tested_features_scan_lane_bh,provided,lower_in_numerator,ST004303,ST004303_human_plasma_paired_ttest,ST004303_4P_vs_1P_paired_arms_pooled,not_reported,
3-Hydroxy-2-methyl-4-pyrone sulfate,3-Hydroxy-2-methyl-4-pyrone sulfate,unclassified_no_refmet_match,-1.0527049194848632,log2fc,0.00039164487347509615,0.0015320225932996408,benjamini_hochberg,within_study_all_266_paired_tested_features_scan_lane_bh,provided,lower_in_numerator,ST004303,ST004303_human_plasma_paired_ttest,ST004303_4P_vs_1P_paired_arms_pooled,not_reported,
Isoleucine,Isoleucine,Organic acids,-0.2747125423851216,log2fc,0.00041649956672267657,0.0015826983535461709,benjamini_hochberg,within_study_all_266_paired_tested_features_scan_lane_bh,provided,lower_in_numerator,ST004303,ST004303_human_plasma_paired_ttest,ST004303_4P_vs_1P_paired_arms_pooled,not_reported,
LPC 18:0-SN1 [refmet: LPC 18:0/0:0],LPC 18:0/0:0,Glycerophospholipids,-0.1115047307315698,log2fc,0.00041299509394179855,0.0015826983535461709,benjamini_hochberg,within_study_all_266_paired_tested_features_scan_lane_bh,provided,lower_in_numerator,ST004303,ST004303_human_plasma_paired_ttest,ST004303_4P_vs_1P_paired_arms_pooled,not_reported,
2-(1H-indol-3-yl)acetic acid [refmet: Indoleacetic acid],Indoleacetic acid,Alkaloids,-0.3040374209862253,log2fc,0.0004973993734425883,0.00186349624416519,benjamini_hochberg,within_study_all_266_paired_tested_features_scan_lane_bh,provided,lower_in_numerator,ST004303,ST004303_human_plasma_paired_ttest,ST004303_4P_vs_1P_paired_arms_pooled,not_reported,
D-(+)-Proline [refmet: D-Proline],D-Proline,Organic acids,-0.15167404815471816,log2fc,0.0005550329176096416,0.0020505382789467314,benjamini_hochberg,within_study_all_266_paired_tested_features_scan_lane_bh,provided,lower_in_numerator,ST004303,ST004303_human_plasma_paired_ttest,ST004303_4P_vs_1P_paired_arms_pooled,not_reported,
L-Phenylalanine [refmet: Phenylalanine],Phenylalanine,Organic acids,-0.28008332237209643,log2fc,0.0005678269013047154,0.0020690678869459494,benjamini_hochberg,within_study_all_266_paired_tested_features_scan_lane_bh,provided,lower_in_numerator,ST004303,ST004303_human_plasma_paired_ttest,ST004303_4P_vs_1P_paired_arms_pooled,not_reported,
L-Isoleucine [refmet: Isoleucine],Isoleucine,Organic acids,-0.2680625729308472,log2fc,0.0006201715615892038,0.0021706004655622133,benjamini_hochberg,within_study_all_266_paired_tested_features_scan_lane_bh,provided,lower_in_numerator,ST004303,ST004303_human_plasma_paired_ttest,ST004303_4P_vs_1P_paired_arms_pooled,not_reported,
5-Acetylamino-6-amino-3-methyluracil; AIF; CE0; MS2Dec,5-Acetylamino-6-amino-3-methyluracil; AIF; CE0; MS2Dec,unclassified_no_refmet_match,-0.2536948046787471,log2fc,0.0006291305978780519,0.0021733602472150883,benjamini_hochberg,within_study_all_266_paired_tested_features_scan_lane_bh,provided,lower_in_numerator,ST004303,ST004303_human_plasma_paired_ttest,ST004303_4P_vs_1P_paired_arms_pooled,not_reported,
Salicylic acid,Salicylic acid,Benzenoids,-0.4532421845438022,log2fc,0.0008240044155442915,0.002739814681684769,benjamini_hochberg,within_study_all_266_paired_tested_features_scan_lane_bh,provided,lower_in_numerator,ST004303,ST004303_human_plasma_paired_ttest,ST004303_4P_vs_1P_paired_arms_pooled,not_reported,
L(+)-Ornithine [refmet: Ornithine],Ornithine,Organic acids,-0.417159818995454,log2fc,0.0008186709513755221,0.002739814681684769,benjamini_hochberg,within_study_all_266_paired_tested_features_scan_lane_bh,provided,lower_in_numerator,ST004303,ST004303_human_plasma_paired_ttest,ST004303_4P_vs_1P_paired_arms_pooled,not_reported,
Hippuric acid,Hippuric acid,Benzenoids,-0.5369469232946193,log2fc,0.001054103762553717,0.0034194097663327893,benjamini_hochberg,within_study_all_266_paired_tested_features_scan_lane_bh,provided,lower_in_numerator,ST004303,ST004303_human_plasma_paired_ttest,ST004303_4P_vs_1P_paired_arms_pooled,not_reported,
Pyruvic acid,Pyruvic acid,Organic acids,-0.29871467508688715,log2fc,0.0011349162897656435,0.003637201603345315,benjamini_hochberg,within_study_all_266_paired_tested_features_scan_lane_bh,provided,lower_in_numerator,ST004303,ST004303_human_plasma_paired_ttest,ST004303_4P_vs_1P_paired_arms_pooled,not_reported,
Lactamide,Lactamide,Organic acids,-0.20046282834810225,log2fc,0.0013967363111543844,0.004370963044318426,benjamini_hochberg,within_study_all_266_paired_tested_features_scan_lane_bh,provided,lower_in_numerator,ST004303,ST004303_human_plasma_paired_ttest,ST004303_4P_vs_1P_paired_arms_pooled,not_reported,
D-(-)-Quinic acid [refmet: Quinic acid],Quinic acid,Benzenoids,-0.31447795690650027,log2fc,0.0016901276521555666,0.005167516729579089,benjamini_hochberg,within_study_all_266_paired_tested_features_scan_lane_bh,provided,lower_in_numerator,ST004303,ST004303_human_plasma_paired_ttest,ST004303_4P_vs_1P_paired_arms_pooled,not_reported,
L-Valine [refmet: Valine],Valine,Organic acids,-0.18049373936984492,log2fc,0.0018211726526456958,0.0055049082454972165,benjamini_hochberg,within_study_all_266_paired_tested_features_scan_lane_bh,provided,lower_in_numerator,ST004303,ST004303_human_plasma_paired_ttest,ST004303_4P_vs_1P_paired_arms_pooled,not_reported,
LPA 16:0,LPA 16:0,Glycerophospholipids,-0.11088031195383134,log2fc,0.001922884643509511,0.005688960504300551,benjamini_hochberg,within_study_all_266_paired_tested_features_scan_lane_bh,provided,lower_in_numerator,ST004303,ST004303_human_plasma_paired_ttest,ST004303_4P_vs_1P_paired_arms_pooled,not_reported,
DL-Malic acid [refmet: Malic acid],Malic acid,Organic acids,-0.3887473079601602,log2fc,0.0022270505870434706,0.0064222277131207985,benjamini_hochberg,within_study_all_266_paired_tested_features_scan_lane_bh,provided,lower_in_numerator,ST004303,ST004303_human_plasma_paired_ttest,ST004303_4P_vs_1P_paired_arms_pooled,not_reported,
1-AMINOCYCLOPROPANECARBOXYLATE [refmet: 1-Aminocyclopropanecarboxylic acid],1-Aminocyclopropanecarboxylic acid,Organic acids,-0.1585040435508504,log2fc,0.0022283505529199915,0.0064222277131207985,benjamini_hochberg,within_study_all_266_paired_tested_features_scan_lane_bh,provided,lower_in_numerator,ST004303,ST004303_human_plasma_paired_ttest,ST004303_4P_vs_1P_paired_arms_pooled,not_reported,
cis-4-Hydroxy-D-proline,cis-4-Hydroxy-D-proline,Organic acids,-0.20773086245274391,log2fc,0.002993504711648676,0.008470981418069658,benjamini_hochberg,within_study_all_266_paired_tested_features_scan_lane_bh,provided,lower_in_numerator,ST004303,ST004303_human_plasma_paired_ttest,ST004303_4P_vs_1P_paired_arms_pooled,not_reported,
Oleoyl-L-α-lysophosphatidic acid [refmet: LPA 18:1(9Z)/0:0],LPA 18:1(9Z)/0:0,Glycerophospholipids,-0.09750299125811256,log2fc,0.0036163859640508562,0.010125880699342399,benjamini_hochberg,within_study_all_266_paired_tested_features_scan_lane_bh,provided,lower_in_numerator,ST004303,ST004303_human_plasma_paired_ttest,ST004303_4P_vs_1P_paired_arms_pooled,not_reported,
Butyryl-carnitine; AIF; CE10; CorrDec,Butyryl-carnitine; AIF; CE10; CorrDec,unclassified_no_refmet_match,-0.24696221559750112,log2fc,0.004018087202066597,0.011133449955726196,benjamini_hochberg,within_study_all_266_paired_tested_features_scan_lane_bh,provided,lower_in_numerator,ST004303,ST004303_human_plasma_paired_ttest,ST004303_4P_vs_1P_paired_arms_pooled,not_reported,
Choline,Choline,Organic nitrogen compounds,-0.13721120109970136,log2fc,0.0043605744031898,0.011957863827303988,benjamini_hochberg,within_study_all_266_paired_tested_features_scan_lane_bh,provided,lower_in_numerator,ST004303,ST004303_human_plasma_paired_ttest,ST004303_4P_vs_1P_paired_arms_pooled,not_reported,
D-α-Tocopherol [refmet: alpha-Tocopherol],alpha-Tocopherol,Prenol Lipids,-0.19838106259214613,log2fc,0.006631727230185944,0.01764039443229461,benjamini_hochberg,within_study_all_266_paired_tested_features_scan_lane_bh,provided,lower_in_numerator,ST004303,ST004303_human_plasma_paired_ttest,ST004303_4P_vs_1P_paired_arms_pooled,not_reported,
1-Methylhistidine,1-Methylhistidine,Organic acids,-0.15294804940036033,log2fc,0.006988658753474465,0.018273586760340403,benjamini_hochberg,within_study_all_266_paired_tested_features_scan_lane_bh,provided,lower_in_numerator,ST004303,ST004303_human_plasma_paired_ttest,ST004303_4P_vs_1P_paired_arms_pooled,not_reported,
1-Stearoyl-sn-glycero-3-phosphocholine [refmet: LPC 18:0/0:0],LPC 18:0/0:0,Glycerophospholipids,-0.07359809735280365,log2fc,0.00700716484795008,0.018273586760340403,benjamini_hochberg,within_study_all_266_paired_tested_features_scan_lane_bh,provided,lower_in_numerator,ST004303,ST004303_human_plasma_paired_ttest,ST004303_4P_vs_1P_paired_arms_pooled,not_reported,
Creatine,Creatine,Organic acids,-0.23095772312766608,log2fc,0.008292798407737563,0.02141635316949701,benjamini_hochberg,within_study_all_266_paired_tested_features_scan_lane_bh,provided,lower_in_numerator,ST004303,ST004303_human_plasma_paired_ttest,ST004303_4P_vs_1P_paired_arms_pooled,not_reported,
Valeric acid,Valeric acid,Fatty Acyls,-0.4525386058955149,log2fc,0.00901618694841248,0.02284100693597828,benjamini_hochberg,within_study_all_266_paired_tested_features_scan_lane_bh,provided,lower_in_numerator,ST004303,ST004303_human_plasma_paired_ttest,ST004303_4P_vs_1P_paired_arms_pooled,not_reported,
DG 18:1_18:1,DG 18:1_18:1,Glycerolipids,-0.1511078475255262,log2fc,0.010328934156057094,0.02591977816519988,benjamini_hochberg,within_study_all_266_paired_tested_features_scan_lane_bh,provided,lower_in_numerator,ST004303,ST004303_human_plasma_paired_ttest,ST004303_4P_vs_1P_paired_arms_pooled,not_reported,
3-Methylhistidine,3-Methylhistidine,Organic acids,-0.27154001020746843,log2fc,0.01111351599902637,0.027627993044308543,benjamini_hochberg,within_study_all_266_paired_tested_features_scan_lane_bh,provided,lower_in_numerator,ST004303,ST004303_human_plasma_paired_ttest,ST004303_4P_vs_1P_paired_arms_pooled,not_reported,
LPC O-18:1,LPC O-18:1,Glycerophospholipids,-0.09867069646318745,log2fc,0.012892856865241423,0.03117727205594744,benjamini_hochberg,within_study_all_266_paired_tested_features_scan_lane_bh,provided,lower_in_numerator,ST004303,ST004303_human_plasma_paired_ttest,ST004303_4P_vs_1P_paired_arms_pooled,not_reported,
3-Indoxyl sulphate [refmet: Indoxyl sulfate],Indoxyl sulfate,Alkaloids,-0.2943246156759701,log2fc,0.013687953388196618,0.03280176217351622,benjamini_hochberg,within_study_all_266_paired_tested_features_scan_lane_bh,provided,lower_in_numerator,ST004303,ST004303_human_plasma_paired_ttest,ST004303_4P_vs_1P_paired_arms_pooled,not_reported,
Pyrrolidine,Pyrrolidine,Alkaloids,-0.39483974537137945,log2fc,0.014296788575264742,0.03395487286625376,benjamini_hochberg,within_study_all_266_paired_tested_features_scan_lane_bh,provided,lower_in_numerator,ST004303,ST004303_human_plasma_paired_ttest,ST004303_4P_vs_1P_paired_arms_pooled,not_reported,
N-Phenylacetylglutamine [refmet: alpha-N-Phenylacetylglutamine],alpha-N-Phenylacetylglutamine,Organic acids,-0.3673830663140119,log2fc,0.017482338417857207,0.04079212297500015,benjamini_hochberg,within_study_all_266_paired_tested_features_scan_lane_bh,provided,lower_in_numerator,ST004303,ST004303_human_plasma_paired_ttest,ST004303_4P_vs_1P_paired_arms_pooled,not_reported,
4-METHYL-2-OXO-PENTANOIC ACID [refmet: Ketoleucine],Ketoleucine,Organic acids,-0.1566545896419263,log2fc,0.02134544423047168,0.04894731176987472,benjamini_hochberg,within_study_all_266_paired_tested_features_scan_lane_bh,provided,lower_in_numerator,ST004303,ST004303_human_plasma_paired_ttest,ST004303_4P_vs_1P_paired_arms_pooled,not_reported,
Valdecoxib,Valdecoxib,Benzenoids,-0.10613622036216752,log2fc,0.023534433746792115,0.053135765672710285,benjamini_hochberg,within_study_all_266_paired_tested_features_scan_lane_bh,provided,not_selected,ST004303,ST004303_human_plasma_paired_ttest,ST004303_4P_vs_1P_paired_arms_pooled,not_reported,
5-Methyl-uridine [refmet: Ribothymidine],Ribothymidine,Nucleic acids,0.10588409166842631,log2fc,0.023571505072856443,0.053135765672710285,benjamini_hochberg,within_study_all_266_paired_tested_features_scan_lane_bh,provided,not_selected,ST004303,ST004303_human_plasma_paired_ttest,ST004303_4P_vs_1P_paired_arms_pooled,not_reported,
Prolinamide,Prolinamide,Organic acids,-0.08285496132858003,log2fc,0.024233039145793167,0.054167969855302374,benjamini_hochberg,within_study_all_266_paired_tested_features_scan_lane_bh,provided,not_selected,ST004303,ST004303_human_plasma_paired_ttest,ST004303_4P_vs_1P_paired_arms_pooled,not_reported,
Nipecotic acid,Nipecotic acid,Organoheterocyclic compounds,-0.1718044415967317,log2fc,0.026364431512042128,0.05844115651836005,benjamini_hochberg,within_study_all_266_paired_tested_features_scan_lane_bh,provided,not_selected,ST004303,ST004303_human_plasma_paired_ttest,ST004303_4P_vs_1P_paired_arms_pooled,not_reported,
4-Indolecarbaldehyde [refmet: Indole-4-carboxaldehyde],Indole-4-carboxaldehyde,Alkaloids,-0.2713012210876716,log2fc,0.03250028371203995,0.0714469046892779,benjamini_hochberg,within_study_all_266_paired_tested_features_scan_lane_bh,provided,not_selected,ST004303,ST004303_human_plasma_paired_ttest,ST004303_4P_vs_1P_paired_arms_pooled,not_reported,
Glu-Gln,Glu-Gln,Organic acids,0.11556246989391153,log2fc,0.043858268137858425,0.09437490638624621,benjamini_hochberg,within_study_all_266_paired_tested_features_scan_lane_bh,provided,not_selected,ST004303,ST004303_human_plasma_paired_ttest,ST004303_4P_vs_1P_paired_arms_pooled,not_reported,
FA 2:0 [refmet: Acetic acid],Acetic acid,Fatty Acyls,0.11162271793317227,log2fc,0.0439074729187502,0.09437490638624621,benjamini_hochberg,within_study_all_266_paired_tested_features_scan_lane_bh,provided,not_selected,ST004303,ST004303_human_plasma_paired_ttest,ST004303_4P_vs_1P_paired_arms_pooled,not_reported,
PC O-36:5,PC O-36:5,Glycerophospholipids,0.05511914527104379,log2fc,0.043994317262761394,0.09437490638624621,benjamini_hochberg,within_study_all_266_paired_tested_features_scan_lane_bh,provided,not_selected,ST004303,ST004303_human_plasma_paired_ttest,ST004303_4P_vs_1P_paired_arms_pooled,not_reported,
ST 27:1;O;S,ST 27:1;O;S,Sterol Lipids,-0.17226260919242845,log2fc,0.046044155844717945,0.09798196363755979,benjamini_hochberg,within_study_all_266_paired_tested_features_scan_lane_bh,provided,not_selected,ST004303,ST004303_human_plasma_paired_ttest,ST004303_4P_vs_1P_paired_arms_pooled,not_reported,
Adipic acid,Adipic acid,Fatty Acyls,0.27583400256363955,log2fc,0.04865379972584087,0.1027135771989974,benjamini_hochberg,within_study_all_266_paired_tested_features_scan_lane_bh,provided,not_selected,ST004303,ST004303_human_plasma_paired_ttest,ST004303_4P_vs_1P_paired_arms_pooled,not_reported,
Guanidineacetic acid [refmet: Guanidoacetic acid],Guanidoacetic acid,Organic acids,-0.10206917328925176,log2fc,0.051410112516200056,0.10767787345912767,benjamini_hochberg,within_study_all_266_paired_tested_features_scan_lane_bh,provided,not_selected,ST004303,ST004303_human_plasma_paired_ttest,ST004303_4P_vs_1P_paired_arms_pooled,not_reported,
"N,N-Dimethyl-lysine; AIF; CE0; MS2Dec","N,N-Dimethyl-lysine; AIF; CE0; MS2Dec",unclassified_no_refmet_match,-0.1326604498281796,log2fc,0.0523940183725974,0.10888131943055397,benjamini_hochberg,within_study_all_266_paired_tested_features_scan_lane_bh,provided,not_selected,ST004303,ST004303_human_plasma_paired_ttest,ST004303_4P_vs_1P_paired_arms_pooled,not_reported,
3-Hydroxypyridine,3-Hydroxypyridine,Alkaloids,-0.16523366876633902,log2fc,0.054327363142605105,0.11202386508475161,benjamini_hochberg,within_study_all_266_paired_tested_features_scan_lane_bh,provided,not_selected,ST004303,ST004303_human_plasma_paired_ttest,ST004303_4P_vs_1P_paired_arms_pooled,not_reported,
Stearic Acid,Stearic acid,Fatty Acyls,0.12377880153547013,log2fc,0.05516893880948688,0.11212035206990205,benjamini_hochberg,within_study_all_266_paired_tested_features_scan_lane_bh,provided,not_selected,ST004303,ST004303_human_plasma_paired_ttest,ST004303_4P_vs_1P_paired_arms_pooled,not_reported,
β-Alanine [refmet: beta-Alanine],beta-Alanine,Organic acids,-0.11338201064285944,log2fc,0.05521716586901191,0.11212035206990205,benjamini_hochberg,within_study_all_266_paired_tested_features_scan_lane_bh,provided,not_selected,ST004303,ST004303_human_plasma_paired_ttest,ST004303_4P_vs_1P_paired_arms_pooled,not_reported,
Acrylic acid,Acrylic acid,Fatty Acyls,0.08612169648269791,log2fc,0.056021900271141595,0.11289261721305806,benjamini_hochberg,within_study_all_266_paired_tested_features_scan_lane_bh,provided,not_selected,ST004303,ST004303_human_plasma_paired_ttest,ST004303_4P_vs_1P_paired_arms_pooled,not_reported,
Methylmalonic acid; LC-tDDA; CE20,Methylmalonic acid; LC-tDDA; CE20,unclassified_no_refmet_match,0.24949715173114595,log2fc,0.056978432064014504,0.11395686412802901,benjamini_hochberg,within_study_all_266_paired_tested_features_scan_lane_bh,provided,not_selected,ST004303,ST004303_human_plasma_paired_ttest,ST004303_4P_vs_1P_paired_arms_pooled,not_reported,
LPE 18:1,LPE 18:1,Glycerophospholipids,-0.16815699531043612,log2fc,0.05757712062615466,0.11429488124296372,benjamini_hochberg,within_study_all_266_paired_tested_features_scan_lane_bh,provided,not_selected,ST004303,ST004303_human_plasma_paired_ttest,ST004303_4P_vs_1P_paired_arms_pooled,not_reported,
"N6,N6,N6-Trimethyl-L-lysine [refmet: N-6-Trimethyllysine]",N-6-Trimethyllysine,Organic acids,-0.14232337191758965,log2fc,0.05961499593628389,0.1174636216226038,benjamini_hochberg,within_study_all_266_paired_tested_features_scan_lane_bh,provided,not_selected,ST004303,ST004303_human_plasma_paired_ttest,ST004303_4P_vs_1P_paired_arms_pooled,not_reported,
N6-Acetyl-L-lysine [refmet: N6-Acetyllysine],N6-Acetyllysine,Organic acids,-0.13165641614211596,log2fc,0.06007090417386003,0.1174916213988733,benjamini_hochberg,within_study_all_266_paired_tested_features_scan_lane_bh,provided,not_selected,ST004303,ST004303_human_plasma_paired_ttest,ST004303_4P_vs_1P_paired_arms_pooled,not_reported,
3-Hydroxyphenylacetic acid,3-Hydroxyphenylacetic acid,Organic acids,-0.2128394687751193,log2fc,0.061124031947797516,0.11867877735849737,benjamini_hochberg,within_study_all_266_paired_tested_features_scan_lane_bh,provided,not_selected,ST004303,ST004303_human_plasma_paired_ttest,ST004303_4P_vs_1P_paired_arms_pooled,not_reported,
L-(+)-Lactic acid [refmet: Lactic acid],Lactic acid,Organic acids,-0.2048082828742793,log2fc,0.06371859746167771,0.12281990525221936,benjamini_hochberg,within_study_all_266_paired_tested_features_scan_lane_bh,provided,not_selected,ST004303,ST004303_human_plasma_paired_ttest,ST004303_4P_vs_1P_paired_arms_pooled,not_reported,
Lidocaine,Lidocaine,Organic acids,1.552486643774471,log2fc,0.06664038951495477,0.12661674007841406,benjamini_hochberg,within_study_all_266_paired_tested_features_scan_lane_bh,provided,not_selected,ST004303,ST004303_human_plasma_paired_ttest,ST004303_4P_vs_1P_paired_arms_pooled,not_reported,
SM d32:1 [refmet: SM 32:1;O2],SM 32:1;O2,Sphingolipids,0.050338094481063154,log2fc,0.06646267619372376,0.12661674007841406,benjamini_hochberg,within_study_all_266_paired_tested_features_scan_lane_bh,provided,not_selected,ST004303,ST004303_human_plasma_paired_ttest,ST004303_4P_vs_1P_paired_arms_pooled,not_reported,
LPC O-16:0,LPC O-16:0,Glycerophospholipids,-0.10482020023647222,log2fc,0.06919623083603788,0.1305404071091211,benjamini_hochberg,within_study_all_266_paired_tested_features_scan_lane_bh,provided,not_selected,ST004303,ST004303_human_plasma_paired_ttest,ST004303_4P_vs_1P_paired_arms_pooled,not_reported,
"Xylenesulfonate [refmet: 2,5-Dimethylbenzenesulfonic acid]","2,5-Dimethylbenzenesulfonic acid",Benzenoids,0.18095941258068504,log2fc,0.07826445332355667,0.14660806045116953,benjamini_hochberg,within_study_all_266_paired_tested_features_scan_lane_bh,provided,not_selected,ST004303,ST004303_human_plasma_paired_ttest,ST004303_4P_vs_1P_paired_arms_pooled,not_reported,
INDOLEPROPIONIC ACID,Indolepropionic acid,Alkaloids,-0.14434163358255697,log2fc,0.08065951419957368,0.15003797746214403,benjamini_hochberg,within_study_all_266_paired_tested_features_scan_lane_bh,provided,not_selected,ST004303,ST004303_human_plasma_paired_ttest,ST004303_4P_vs_1P_paired_arms_pooled,not_reported,
N6-Methyl-lysine; AIF; CE10; MS2Dec,N6-Methyl-lysine; AIF; CE10; MS2Dec,unclassified_no_refmet_match,-0.19461937721113473,log2fc,0.09005212787251003,0.1663462917644977,benjamini_hochberg,within_study_all_266_paired_tested_features_scan_lane_bh,provided,not_selected,ST004303,ST004303_human_plasma_paired_ttest,ST004303_4P_vs_1P_paired_arms_pooled,not_reported,
Succinic semialdehyde [refmet: Succinic acid semialdehyde],Succinic acid semialdehyde,Fatty Acyls,0.0928105185944811,log2fc,0.09716031253295104,0.17823891816389642,benjamini_hochberg,within_study_all_266_paired_tested_features_scan_lane_bh,provided,not_selected,ST004303,ST004303_human_plasma_paired_ttest,ST004303_4P_vs_1P_paired_arms_pooled,not_reported,
SM d34:2 [refmet: SM 34:2;O2],SM 34:2;O2,Sphingolipids,0.04033921151448183,log2fc,0.10252621488088448,0.18679433670078954,benjamini_hochberg,within_study_all_266_paired_tested_features_scan_lane_bh,provided,not_selected,ST004303,ST004303_human_plasma_paired_ttest,ST004303_4P_vs_1P_paired_arms_pooled,not_reported,
4-Acetamidobutanoic acid,4-Acetamidobutanoic acid,Organic acids,0.1644790975255797,log2fc,0.10334181072833826,0.18699946703223114,benjamini_hochberg,within_study_all_266_paired_tested_features_scan_lane_bh,provided,not_selected,ST004303,ST004303_human_plasma_paired_ttest,ST004303_4P_vs_1P_paired_arms_pooled,not_reported,
LPC 14:0-SN1 [refmet: LPC 14:0/0:0],LPC 14:0/0:0,Glycerophospholipids,-0.07938767487044984,log2fc,0.10415705065882752,0.18720118564356839,benjamini_hochberg,within_study_all_266_paired_tested_features_scan_lane_bh,provided,not_selected,ST004303,ST004303_human_plasma_paired_ttest,ST004303_4P_vs_1P_paired_arms_pooled,not_reported,
Creatinine,Creatinine,Organoheterocyclic compounds,0.03675008640933722,log2fc,0.10809812359183212,0.19298054278810298,benjamini_hochberg,within_study_all_266_paired_tested_features_scan_lane_bh,provided,not_selected,ST004303,ST004303_human_plasma_paired_ttest,ST004303_4P_vs_1P_paired_arms_pooled,not_reported,
"1,5-ANHYDRO-GLUCITOL [refmet: 1,5-Anhydrosorbitol]","1,5-Anhydrosorbitol",Carbohydrates,0.04240417405116235,log2fc,0.11051353480830518,0.1959773350600612,benjamini_hochberg,within_study_all_266_paired_tested_features_scan_lane_bh,provided,not_selected,ST004303,ST004303_human_plasma_paired_ttest,ST004303_4P_vs_1P_paired_arms_pooled,not_reported,
DL-β-Leucine [refmet: beta-Leucine],beta-Leucine,Organic acids,-0.15071864157046172,log2fc,0.11336171476932494,0.19969679555391018,benjamini_hochberg,within_study_all_266_paired_tested_features_scan_lane_bh,provided,not_selected,ST004303,ST004303_human_plasma_paired_ttest,ST004303_4P_vs_1P_paired_arms_pooled,not_reported,
2-Methoxyphenol sulfate [refmet: Guaiacol sulfate],Guaiacol sulfate,Organic acids,-0.2409638605721057,log2fc,0.1182580774539644,0.2069516355444377,benjamini_hochberg,within_study_all_266_paired_tested_features_scan_lane_bh,provided,not_selected,ST004303,ST004303_human_plasma_paired_ttest,ST004303_4P_vs_1P_paired_arms_pooled,not_reported,
Glycylproline [refmet: Gly-Pro],Gly-Pro,Organic acids,-0.2922106376890484,log2fc,0.12215727034176178,0.211791994967863,benjamini_hochberg,within_study_all_266_paired_tested_features_scan_lane_bh,provided,not_selected,ST004303,ST004303_human_plasma_paired_ttest,ST004303_4P_vs_1P_paired_arms_pooled,not_reported,
(S)-(+)-2-Amino-1-propanol,(S)-(+)-2-Amino-1-propanol,unclassified_no_refmet_match,-0.1798322393871913,log2fc,0.12261641813928911,0.211791994967863,benjamini_hochberg,within_study_all_266_paired_tested_features_scan_lane_bh,provided,not_selected,ST004303,ST004303_human_plasma_paired_ttest,ST004303_4P_vs_1P_paired_arms_pooled,not_reported,
Pentacosanoic acid [refmet: Hyenic acid],Hyenic acid,Fatty Acyls,0.11644049566025409,log2fc,0.1248714568486007,0.21429553239824375,benjamini_hochberg,within_study_all_266_paired_tested_features_scan_lane_bh,provided,not_selected,ST004303,ST004303_human_plasma_paired_ttest,ST004303_4P_vs_1P_paired_arms_pooled,not_reported,
Gabapentin,Gabapentin,Organic acids,0.0973235950716126,log2fc,0.1289438973812217,0.21986587630387802,benjamini_hochberg,within_study_all_266_paired_tested_features_scan_lane_bh,provided,not_selected,ST004303,ST004303_human_plasma_paired_ttest,ST004303_4P_vs_1P_paired_arms_pooled,not_reported,
Betonicine; AIF; CE10; CorrDec,Betonicine; AIF; CE10; CorrDec,unclassified_no_refmet_match,0.21034291688735232,log2fc,0.1349293523635609,0.228606418654186,benjamini_hochberg,within_study_all_266_paired_tested_features_scan_lane_bh,provided,not_selected,ST004303,ST004303_human_plasma_paired_ttest,ST004303_4P_vs_1P_paired_arms_pooled,not_reported,
Deoxycholic Acid,Deoxycholic acid,Sterol Lipids,-0.30199352584732797,log2fc,0.13967378370663794,0.23514700294914997,benjamini_hochberg,within_study_all_266_paired_tested_features_scan_lane_bh,provided,not_selected,ST004303,ST004303_human_plasma_paired_ttest,ST004303_4P_vs_1P_paired_arms_pooled,not_reported,
Prolylleucine [refmet: Pro-Leu],Pro-Leu,Organic acids,0.09439428701762939,log2fc,0.15304588151205759,0.25603902190067496,benjamini_hochberg,within_study_all_266_paired_tested_features_scan_lane_bh,provided,not_selected,ST004303,ST004303_human_plasma_paired_ttest,ST004303_4P_vs_1P_paired_arms_pooled,not_reported,
CMPF [refmet: 3-Carboxy-4-methyl-5-propyl-2-furanpropanoic acid],3-Carboxy-4-methyl-5-propyl-2-furanpropanoic acid,Fatty Acyls,0.12117965641587088,log2fc,0.1577332575009579,0.2622315405953425,benjamini_hochberg,within_study_all_266_paired_tested_features_scan_lane_bh,provided,not_selected,ST004303,ST004303_human_plasma_paired_ttest,ST004303_4P_vs_1P_paired_arms_pooled,not_reported,
DG 16:0_24:6,DG 16:0_24:6,Glycerolipids,-0.1920584525318975,log2fc,0.1610799042787716,0.2644892255441559,benjamini_hochberg,within_study_all_266_paired_tested_features_scan_lane_bh,provided,not_selected,ST004303,ST004303_human_plasma_paired_ttest,ST004303_4P_vs_1P_paired_arms_pooled,not_reported,
Mesaconic acid,Mesaconic acid,Fatty Acyls,-0.09498884766810328,log2fc,0.16041649991177157,0.2644892255441559,benjamini_hochberg,within_study_all_266_paired_tested_features_scan_lane_bh,provided,not_selected,ST004303,ST004303_human_plasma_paired_ttest,ST004303_4P_vs_1P_paired_arms_pooled,not_reported,
N-Acetyl-L-carnosine [refmet: N-Acetylcarnosine],N-Acetylcarnosine,Organic acids,0.06304779813156133,log2fc,0.1755562338038595,0.2864905410541511,benjamini_hochberg,within_study_all_266_paired_tested_features_scan_lane_bh,provided,not_selected,ST004303,ST004303_human_plasma_paired_ttest,ST004303_4P_vs_1P_paired_arms_pooled,not_reported,
trans-Aconitic acid,trans-Aconitic acid,Organic acids,-0.09987082578029989,log2fc,0.18419740216882372,0.29773865437973224,benjamini_hochberg,within_study_all_266_paired_tested_features_scan_lane_bh,provided,not_selected,ST004303,ST004303_human_plasma_paired_ttest,ST004303_4P_vs_1P_paired_arms_pooled,not_reported,
SM d36:2 [refmet: SM 36:2;O2],SM 36:2;O2,Sphingolipids,0.03935973644751294,log2fc,0.1846875111753978,0.29773865437973224,benjamini_hochberg,within_study_all_266_paired_tested_features_scan_lane_bh,provided,not_selected,ST004303,ST004303_human_plasma_paired_ttest,ST004303_4P_vs_1P_paired_arms_pooled,not_reported,
LPE 18:2,LPE 18:2,Glycerophospholipids,-0.11956367987223597,log2fc,0.19332710173011625,0.3097892112060899,benjamini_hochberg,within_study_all_266_paired_tested_features_scan_lane_bh,provided,not_selected,ST004303,ST004303_human_plasma_paired_ttest,ST004303_4P_vs_1P_paired_arms_pooled,not_reported,
HOMOCITRULLINE,Homocitrulline,Organic acids,-0.113265844467961,log2fc,0.21317506284578694,0.339328959706156,benjamini_hochberg,within_study_all_266_paired_tested_features_scan_lane_bh,provided,not_selected,ST004303,ST004303_human_plasma_paired_ttest,ST004303_4P_vs_1P_paired_arms_pooled,not_reported,
Ethylenediaminetetraacetic acid (EDTA),Ethylenediaminetetraacetic acid (EDTA),unclassified_no_refmet_match,-0.09100195863100369,log2fc,0.21431302718283538,0.339328959706156,benjamini_hochberg,within_study_all_266_paired_tested_features_scan_lane_bh,provided,not_selected,ST004303,ST004303_human_plasma_paired_ttest,ST004303_4P_vs_1P_paired_arms_pooled,not_reported,
Piperidine,Piperidine,Alkaloids,0.16457736215317864,log2fc,0.21755161369474235,0.34241851622959446,benjamini_hochberg,within_study_all_266_paired_tested_features_scan_lane_bh,provided,not_selected,ST004303,ST004303_human_plasma_paired_ttest,ST004303_4P_vs_1P_paired_arms_pooled,not_reported,
10-HYDROXYDECANOIC ACID,10-Hydroxydecanoic acid,Fatty Acyls,-0.26361670154023287,log2fc,0.22131008173947156,0.3462851867217614,benjamini_hochberg,within_study_all_266_paired_tested_features_scan_lane_bh,provided,not_selected,ST004303,ST004303_human_plasma_paired_ttest,ST004303_4P_vs_1P_paired_arms_pooled,not_reported,
"5,5-Dimethylhydantoin","5,5-Dimethylhydantoin",Organoheterocyclic compounds,0.03618408484692618,log2fc,0.23920609970254078,0.37209837731506346,benjamini_hochberg,within_study_all_266_paired_tested_features_scan_lane_bh,provided,not_selected,ST004303,ST004303_human_plasma_paired_ttest,ST004303_4P_vs_1P_paired_arms_pooled,not_reported,
FAHFA 27:2 [refmet: FAHFA 27:2;O],FAHFA 27:2;O,Fatty Acyls,-0.17455145369073688,log2fc,0.24320811081186305,0.37511047959793964,benjamini_hochberg,within_study_all_266_paired_tested_features_scan_lane_bh,provided,not_selected,ST004303,ST004303_human_plasma_paired_ttest,ST004303_4P_vs_1P_paired_arms_pooled,not_reported,
SN-GLYCERO-3-PHOSPHOCHOLINE,sn-Glycero-3-phosphocholine,Organic acids,-0.16862857779570256,log2fc,0.2439628307159532,0.37511047959793964,benjamini_hochberg,within_study_all_266_paired_tested_features_scan_lane_bh,provided,not_selected,ST004303,ST004303_human_plasma_paired_ttest,ST004303_4P_vs_1P_paired_arms_pooled,not_reported,
Linoleic Acid,Linoleic acid,Fatty Acyls,-0.04354703819147332,log2fc,0.2456365377099935,0.37551332776355323,benjamini_hochberg,within_study_all_266_paired_tested_features_scan_lane_bh,provided,not_selected,ST004303,ST004303_human_plasma_paired_ttest,ST004303_4P_vs_1P_paired_arms_pooled,not_reported,
DL-threo-beta-Methylaspartic acid,DL-threo-beta-Methylaspartic acid,unclassified_no_refmet_match,-0.15903488325340306,log2fc,0.2496176407791859,0.3755535203575447,benjamini_hochberg,within_study_all_266_paired_tested_features_scan_lane_bh,provided,not_selected,ST004303,ST004303_human_plasma_paired_ttest,ST004303_4P_vs_1P_paired_arms_pooled,not_reported,
"(2R)-2,3-Dihydroxypropanoic acid [refmet: Glyceric acid]",Glyceric acid,Carbohydrates,-0.1559770067486259,log2fc,0.25131025046482314,0.3755535203575447,benjamini_hochberg,within_study_all_266_paired_tested_features_scan_lane_bh,provided,not_selected,ST004303,ST004303_human_plasma_paired_ttest,ST004303_4P_vs_1P_paired_arms_pooled,not_reported,
1-Stearoylglycerol [refmet: MG 18:0/0:0/0:0],MG 18:0/0:0/0:0,Glycerolipids,0.09245453501716988,log2fc,0.2509875874752687,0.3755535203575447,benjamini_hochberg,within_study_all_266_paired_tested_features_scan_lane_bh,provided,not_selected,ST004303,ST004303_human_plasma_paired_ttest,ST004303_4P_vs_1P_paired_arms_pooled,not_reported,
3-Methylpyrazole,3-Methylpyrazole,unclassified_no_refmet_match,0.04494545654716868,log2fc,0.25063221188771473,0.3755535203575447,benjamini_hochberg,within_study_all_266_paired_tested_features_scan_lane_bh,provided,not_selected,ST004303,ST004303_human_plasma_paired_ttest,ST004303_4P_vs_1P_paired_arms_pooled,not_reported,
4-Methoxyphenol sulfate,4-Methoxyphenol sulfate,Organic acids,-0.15723359055893407,log2fc,0.25389070711070855,0.3772901010695446,benjamini_hochberg,within_study_all_266_paired_tested_features_scan_lane_bh,provided,not_selected,ST004303,ST004303_human_plasma_paired_ttest,ST004303_4P_vs_1P_paired_arms_pooled,not_reported,
Citric acid,Citric acid,Organic acids,0.17403343287112685,log2fc,0.25751041302864014,0.38054316592010157,benjamini_hochberg,within_study_all_266_paired_tested_features_scan_lane_bh,provided,not_selected,ST004303,ST004303_human_plasma_paired_ttest,ST004303_4P_vs_1P_paired_arms_pooled,not_reported,
D-Alanyl-D-alanine,D-Alanyl-D-Alanine,Organic acids,-0.23285619685289174,log2fc,0.2592993360796254,0.38106974252585835,benjamini_hochberg,within_study_all_266_paired_tested_features_scan_lane_bh,provided,not_selected,ST004303,ST004303_human_plasma_paired_ttest,ST004303_4P_vs_1P_paired_arms_pooled,not_reported,
Azelaic acid,Azelaic acid,Fatty Acyls,0.27761420234453454,log2fc,0.2619176817200245,0.38112498853261645,benjamini_hochberg,within_study_all_266_paired_tested_features_scan_lane_bh,provided,not_selected,ST004303,ST004303_human_plasma_paired_ttest,ST004303_4P_vs_1P_paired_arms_pooled,not_reported,
DL-Glutamine [refmet: Glutamine],Glutamine,Organic acids,0.03692912802464071,log2fc,0.26220252970477,0.38112498853261645,benjamini_hochberg,within_study_all_266_paired_tested_features_scan_lane_bh,provided,not_selected,ST004303,ST004303_human_plasma_paired_ttest,ST004303_4P_vs_1P_paired_arms_pooled,not_reported,
Urea,Urea,Organic nitrogen compounds,0.032026380630891686,log2fc,0.28044733112968906,0.4054292939157461,benjamini_hochberg,within_study_all_266_paired_tested_features_scan_lane_bh,provided,not_selected,ST004303,ST004303_human_plasma_paired_ttest,ST004303_4P_vs_1P_paired_arms_pooled,not_reported,
Oleamide,Oleamide,Fatty Acyls,-0.055519831622202906,log2fc,0.29255244975232253,0.42064298180604215,benjamini_hochberg,within_study_all_266_paired_tested_features_scan_lane_bh,provided,not_selected,ST004303,ST004303_human_plasma_paired_ttest,ST004303_4P_vs_1P_paired_arms_pooled,not_reported,
Pseudouridine,Pseudouridine,Nucleic acids,0.05892909857473271,log2fc,0.2999100204054847,0.428903577569134,benjamini_hochberg,within_study_all_266_paired_tested_features_scan_lane_bh,provided,not_selected,ST004303,ST004303_human_plasma_paired_ttest,ST004303_4P_vs_1P_paired_arms_pooled,not_reported,
S-Methyl-L-cysteine-S-oxide [refmet: S-Methylcysteine S-oxide],S-Methylcysteine S-oxide,Organic acids,-0.11721921805082795,log2fc,0.31164636015740615,0.44330444813834247,benjamini_hochberg,within_study_all_266_paired_tested_features_scan_lane_bh,provided,not_selected,ST004303,ST004303_human_plasma_paired_ttest,ST004303_4P_vs_1P_paired_arms_pooled,not_reported,
FA 23:0 [refmet: Tricosylic acid],Tricosylic acid,Fatty Acyls,-0.045169227721984465,log2fc,0.3218548851959706,0.4553904226708946,benjamini_hochberg,within_study_all_266_paired_tested_features_scan_lane_bh,provided,not_selected,ST004303,ST004303_human_plasma_paired_ttest,ST004303_4P_vs_1P_paired_arms_pooled,not_reported,
β-Muricholic acid [refmet: beta-Muricholic acid],beta-Muricholic acid,Sterol Lipids,-0.3502659407002317,log2fc,0.3390027044657282,0.4672265253258223,benjamini_hochberg,within_study_all_266_paired_tested_features_scan_lane_bh,provided,not_selected,ST004303,ST004303_human_plasma_paired_ttest,ST004303_4P_vs_1P_paired_arms_pooled,not_reported,
P-TOLUENESULFONIC ACID [refmet: Toluene-4-sulfonic acid],Toluene-4-sulfonic acid,Benzenoids,-0.3369909515909987,log2fc,0.3332443498596623,0.4672265253258223,benjamini_hochberg,within_study_all_266_paired_tested_features_scan_lane_bh,provided,not_selected,ST004303,ST004303_human_plasma_paired_ttest,ST004303_4P_vs_1P_paired_arms_pooled,not_reported,
CHOLIC ACID,Cholic acid,Sterol Lipids,-0.27567321148189805,log2fc,0.3375600566558584,0.4672265253258223,benjamini_hochberg,within_study_all_266_paired_tested_features_scan_lane_bh,provided,not_selected,ST004303,ST004303_human_plasma_paired_ttest,ST004303_4P_vs_1P_paired_arms_pooled,not_reported,
MGH3_methylglyoxal-derived hydroimidazolone 3,MGH3_methylglyoxal-derived hydroimidazolone 3,unclassified_no_refmet_match,-0.14157750967945779,log2fc,0.33408383806906006,0.4672265253258223,benjamini_hochberg,within_study_all_266_paired_tested_features_scan_lane_bh,provided,not_selected,ST004303,ST004303_human_plasma_paired_ttest,ST004303_4P_vs_1P_paired_arms_pooled,not_reported,
Trifluoroacetic acid,Trifluoroacetic acid,Organic acids,0.044169227587275935,log2fc,0.3366477268573591,0.4672265253258223,benjamini_hochberg,within_study_all_266_paired_tested_features_scan_lane_bh,provided,not_selected,ST004303,ST004303_human_plasma_paired_ttest,ST004303_4P_vs_1P_paired_arms_pooled,not_reported,
lenticin,Lenticin,Alkaloids,0.06703394231938581,log2fc,0.3446155790987001,0.472514144537393,benjamini_hochberg,within_study_all_266_paired_tested_features_scan_lane_bh,provided,not_selected,ST004303,ST004303_human_plasma_paired_ttest,ST004303_4P_vs_1P_paired_arms_pooled,not_reported,
Acetyl-β-methylcholine [refmet: Methacholine],Methacholine,Organic nitrogen compounds,0.02557218557440272,log2fc,0.347672348298162,0.4742607417810826,benjamini_hochberg,within_study_all_266_paired_tested_features_scan_lane_bh,provided,not_selected,ST004303,ST004303_human_plasma_paired_ttest,ST004303_4P_vs_1P_paired_arms_pooled,not_reported,
Ornithine,Ornithine,Organic acids,-0.1292855098438032,log2fc,0.35621651819333755,0.4834367032623867,benjamini_hochberg,within_study_all_266_paired_tested_features_scan_lane_bh,provided,not_selected,ST004303,ST004303_human_plasma_paired_ttest,ST004303_4P_vs_1P_paired_arms_pooled,not_reported,
L-Carnitine [refmet: Carnitine],Carnitine,Organic nitrogen compounds,0.061550016981305224,log2fc,0.38163927201137926,0.5153098799747557,benjamini_hochberg,within_study_all_266_paired_tested_features_scan_lane_bh,provided,not_selected,ST004303,ST004303_human_plasma_paired_ttest,ST004303_4P_vs_1P_paired_arms_pooled,not_reported,
Laurolactam [refmet: Azacyclotridecan-2-one],Azacyclotridecan-2-one,Polyketides,0.2652845338972304,log2fc,0.38565174976001104,0.5180978052331462,benjamini_hochberg,within_study_all_266_paired_tested_features_scan_lane_bh,provided,not_selected,ST004303,ST004303_human_plasma_paired_ttest,ST004303_4P_vs_1P_paired_arms_pooled,not_reported,
Biliverdin,Biliverdin,Organoheterocyclic compounds,-0.08439846570108238,log2fc,0.4189247450577349,0.5599697597254145,benjamini_hochberg,within_study_all_266_paired_tested_features_scan_lane_bh,provided,not_selected,ST004303,ST004303_human_plasma_paired_ttest,ST004303_4P_vs_1P_paired_arms_pooled,not_reported,
"2,2'-Methylenebis(4-methyl-6-tert-butylphenol) [refmet: 2,2'-Methylenebis(6-tert-butyl-p-cresol)]","2,2'-Methylenebis(6-tert-butyl-p-cresol)",Benzenoids,-0.09988742871943064,log2fc,0.4211657440771092,0.5601504396225553,benjamini_hochberg,within_study_all_266_paired_tested_features_scan_lane_bh,provided,not_selected,ST004303,ST004303_human_plasma_paired_ttest,ST004303_4P_vs_1P_paired_arms_pooled,not_reported,
N-α-L-Acetyl-arginine,N-α-L-Acetyl-arginine,unclassified_no_refmet_match,-0.03399794869356978,log2fc,0.4244820803104343,0.561752404788933,benjamini_hochberg,within_study_all_266_paired_tested_features_scan_lane_bh,provided,not_selected,ST004303,ST004303_human_plasma_paired_ttest,ST004303_4P_vs_1P_paired_arms_pooled,not_reported,
5-Aminolevulinic acid [refmet: 5-Amino-levulinic acid],5-Amino-levulinic acid,Fatty Acyls,0.14127467356923126,log2fc,0.42739376403230944,0.5628056496663085,benjamini_hochberg,within_study_all_266_paired_tested_features_scan_lane_bh,provided,not_selected,ST004303,ST004303_human_plasma_paired_ttest,ST004303_4P_vs_1P_paired_arms_pooled,not_reported,
HOMOARGININE,Homoarginine,Organic acids,0.03371882678331959,log2fc,0.44777487062862936,0.5867394856513074,benjamini_hochberg,within_study_all_266_paired_tested_features_scan_lane_bh,provided,not_selected,ST004303,ST004303_human_plasma_paired_ttest,ST004303_4P_vs_1P_paired_arms_pooled,not_reported,
FA 16:2 [refmet: Hexadecadienoic acid],Hexadecadienoic acid,Fatty Acyls,-0.04830477514495351,log2fc,0.45078579649683986,0.5877893228831343,benjamini_hochberg,within_study_all_266_paired_tested_features_scan_lane_bh,provided,not_selected,ST004303,ST004303_human_plasma_paired_ttest,ST004303_4P_vs_1P_paired_arms_pooled,not_reported,
P-CRESOL SULFATE,p-Cresol sulfate,Organic acids,-0.10346127441658949,log2fc,0.4616133798916535,0.5989715075667309,benjamini_hochberg,within_study_all_266_paired_tested_features_scan_lane_bh,provided,not_selected,ST004303,ST004303_human_plasma_paired_ttest,ST004303_4P_vs_1P_paired_arms_pooled,not_reported,
Bilirubin,Bilirubin,Organoheterocyclic compounds,-0.12622754898780922,log2fc,0.46601146829545487,0.5991019056309095,benjamini_hochberg,within_study_all_266_paired_tested_features_scan_lane_bh,provided,not_selected,ST004303,ST004303_human_plasma_paired_ttest,ST004303_4P_vs_1P_paired_arms_pooled,not_reported,
Vanillic acid,Vanillic acid,Benzenoids,-0.08544481221754552,log2fc,0.46621840024661,0.5991019056309095,benjamini_hochberg,within_study_all_266_paired_tested_features_scan_lane_bh,provided,not_selected,ST004303,ST004303_human_plasma_paired_ttest,ST004303_4P_vs_1P_paired_arms_pooled,not_reported,
L-Ergothioneine [refmet: Ergothioneine],Ergothioneine,Organic acids,-0.1601233398853207,log2fc,0.47717947331453864,0.6044273328650822,benjamini_hochberg,within_study_all_266_paired_tested_features_scan_lane_bh,provided,not_selected,ST004303,ST004303_human_plasma_paired_ttest,ST004303_4P_vs_1P_paired_arms_pooled,not_reported,
trans-3-Indoleacrylic acid,trans-3-Indoleacrylic acid,Alkaloids,0.05753669592095973,log2fc,0.47594955177929904,0.6044273328650822,benjamini_hochberg,within_study_all_266_paired_tested_features_scan_lane_bh,provided,not_selected,ST004303,ST004303_human_plasma_paired_ttest,ST004303_4P_vs_1P_paired_arms_pooled,not_reported,
Acetylcholine,Acetylcholine,Organic nitrogen compounds,-0.020126150075723808,log2fc,0.47575615883686795,0.6044273328650822,benjamini_hochberg,within_study_all_266_paired_tested_features_scan_lane_bh,provided,not_selected,ST004303,ST004303_human_plasma_paired_ttest,ST004303_4P_vs_1P_paired_arms_pooled,not_reported,
Homostachydrine [refmet: (S)-Homostachydrine],(S)-Homostachydrine,Organic acids,-0.025740912288358647,log2fc,0.48771836100057886,0.6148487394604455,benjamini_hochberg,within_study_all_266_paired_tested_features_scan_lane_bh,provided,not_selected,ST004303,ST004303_human_plasma_paired_ttest,ST004303_4P_vs_1P_paired_arms_pooled,not_reported,
Nonanoic acid [refmet: Pelargonic acid],Pelargonic acid,Fatty Acyls,0.10519462441959754,log2fc,0.49917781296360575,0.6263268785298072,benjamini_hochberg,within_study_all_266_paired_tested_features_scan_lane_bh,provided,not_selected,ST004303,ST004303_human_plasma_paired_ttest,ST004303_4P_vs_1P_paired_arms_pooled,not_reported,
"1-(4-fluorobenzyl)-4,5-dihydro-1H-1,2,3,4-tetraazole-5-thione","1-(4-fluorobenzyl)-4,5-dihydro-1H-1,2,3,4-tetraazole-5-thione",unclassified_no_refmet_match,-0.28614468157730705,log2fc,0.5215945032582435,0.6453215714729896,benjamini_hochberg,within_study_all_266_paired_tested_features_scan_lane_bh,provided,not_selected,ST004303,ST004303_human_plasma_paired_ttest,ST004303_4P_vs_1P_paired_arms_pooled,not_reported,
Citraconic acid,Citraconic acid,Fatty Acyls,0.09080267180071588,log2fc,0.5202997510874684,0.6453215714729896,benjamini_hochberg,within_study_all_266_paired_tested_features_scan_lane_bh,provided,not_selected,ST004303,ST004303_human_plasma_paired_ttest,ST004303_4P_vs_1P_paired_arms_pooled,not_reported,
LPC 20:3-SN1 [refmet: LPC 20:3/0:0],LPC 20:3/0:0,Glycerophospholipids,-0.0422969091077424,log2fc,0.5210632504876211,0.6453215714729896,benjamini_hochberg,within_study_all_266_paired_tested_features_scan_lane_bh,provided,not_selected,ST004303,ST004303_human_plasma_paired_ttest,ST004303_4P_vs_1P_paired_arms_pooled,not_reported,
D(+)-Phenyllactic acid [refmet: L-3-Phenyllactic acid],L-3-Phenyllactic acid,Organic acids,-0.08940644282302096,log2fc,0.5378512219066774,0.6623538195702602,benjamini_hochberg,within_study_all_266_paired_tested_features_scan_lane_bh,provided,not_selected,ST004303,ST004303_human_plasma_paired_ttest,ST004303_4P_vs_1P_paired_arms_pooled,not_reported,
7-Methylguanine,7-Methylguanine,Nucleic acids,0.03378040066442062,log2fc,0.5625481589167688,0.689575162543136,benjamini_hochberg,within_study_all_266_paired_tested_features_scan_lane_bh,provided,not_selected,ST004303,ST004303_human_plasma_paired_ttest,ST004303_4P_vs_1P_paired_arms_pooled,not_reported,
PHOSPHOCHOLINE [refmet: Choline phosphate],Choline phosphate,Organic nitrogen compounds,-0.10877761102144583,log2fc,0.5666862799190082,0.6907851589454911,benjamini_hochberg,within_study_all_266_paired_tested_features_scan_lane_bh,provided,not_selected,ST004303,ST004303_human_plasma_paired_ttest,ST004303_4P_vs_1P_paired_arms_pooled,not_reported,
PE O-18:1_20:4 [refmet: PE O-18:1/20:4],PE O-18:1/20:4,Glycerophospholipids,-0.0778253293235053,log2fc,0.5687291346205359,0.6907851589454911,benjamini_hochberg,within_study_all_266_paired_tested_features_scan_lane_bh,provided,not_selected,ST004303,ST004303_human_plasma_paired_ttest,ST004303_4P_vs_1P_paired_arms_pooled,not_reported,
Phenol sulfate [refmet: Phenyl hydrogen sulfate],Phenyl hydrogen sulfate,Benzenoids,-0.04836751207656788,log2fc,0.5721557732312397,0.6917883439977716,benjamini_hochberg,within_study_all_266_paired_tested_features_scan_lane_bh,provided,not_selected,ST004303,ST004303_human_plasma_paired_ttest,ST004303_4P_vs_1P_paired_arms_pooled,not_reported,
10-Propoxydecanoic acid,10-Propoxydecanoic acid,unclassified_no_refmet_match,-0.17925548727447263,log2fc,0.599593464128488,0.7120172386525796,benjamini_hochberg,within_study_all_266_paired_tested_features_scan_lane_bh,provided,not_selected,ST004303,ST004303_human_plasma_paired_ttest,ST004303_4P_vs_1P_paired_arms_pooled,not_reported,
1-Methyluric acid,1-Methyluric acid,Nucleic acids,-0.0609513989749942,log2fc,0.5968227325501619,0.7120172386525796,benjamini_hochberg,within_study_all_266_paired_tested_features_scan_lane_bh,provided,not_selected,ST004303,ST004303_human_plasma_paired_ttest,ST004303_4P_vs_1P_paired_arms_pooled,not_reported,
Gentisic acid,Gentisic acid,Benzenoids,0.05007722899343448,log2fc,0.5958810990653298,0.7120172386525796,benjamini_hochberg,within_study_all_266_paired_tested_features_scan_lane_bh,provided,not_selected,ST004303,ST004303_human_plasma_paired_ttest,ST004303_4P_vs_1P_paired_arms_pooled,not_reported,
"4,4'-dimethoxy[1,1'-biphenyl]-2-carbonitrile","4,4'-dimethoxy[1,1'-biphenyl]-2-carbonitrile",unclassified_no_refmet_match,-0.023270818900038803,log2fc,0.5994661354809441,0.7120172386525796,benjamini_hochberg,within_study_all_266_paired_tested_features_scan_lane_bh,provided,not_selected,ST004303,ST004303_human_plasma_paired_ttest,ST004303_4P_vs_1P_paired_arms_pooled,not_reported,
"1-(phenylsulfonyl)-1,2,3,4,6,10b-hexahydropyrimido[2,1-a]isoindol-6-one","1-(phenylsulfonyl)-1,2,3,4,6,10b-hexahydropyrimido[2,1-a]isoindol-6-one",unclassified_no_refmet_match,-0.22810307357040385,log2fc,0.6038341375105892,0.7138661359014077,benjamini_hochberg,within_study_all_266_paired_tested_features_scan_lane_bh,provided,not_selected,ST004303,ST004303_human_plasma_paired_ttest,ST004303_4P_vs_1P_paired_arms_pooled,not_reported,
L-Pyroglutamic acid [refmet: Pyroglutamic acid],Pyroglutamic acid,Organic acids,0.032705386381605715,log2fc,0.6387184016176212,0.7517659063287045,benjamini_hochberg,within_study_all_266_paired_tested_features_scan_lane_bh,provided,not_selected,ST004303,ST004303_human_plasma_paired_ttest,ST004303_4P_vs_1P_paired_arms_pooled,not_reported,
DL-α-Aminocaprylic acid [refmet: 2-Aminocaprylic acid],2-Aminocaprylic acid,Fatty Acyls,-0.07849155215435866,log2fc,0.6445129624980699,0.755244264425051,benjamini_hochberg,within_study_all_266_paired_tested_features_scan_lane_bh,provided,not_selected,ST004303,ST004303_human_plasma_paired_ttest,ST004303_4P_vs_1P_paired_arms_pooled,not_reported,
PC 38:3,PC 38:3,Glycerophospholipids,0.027460056595287118,log2fc,0.6759556681620953,0.7886149461891112,benjamini_hochberg,within_study_all_266_paired_tested_features_scan_lane_bh,provided,not_selected,ST004303,ST004303_human_plasma_paired_ttest,ST004303_4P_vs_1P_paired_arms_pooled,not_reported,
Ortophosphate,Ortophosphate,unclassified_no_refmet_match,0.04860687991153306,log2fc,0.6905910096108777,0.8021712164039017,benjamini_hochberg,within_study_all_266_paired_tested_features_scan_lane_bh,provided,not_selected,ST004303,ST004303_human_plasma_paired_ttest,ST004303_4P_vs_1P_paired_arms_pooled,not_reported,
L-Cystine [refmet: Cystine],Cystine,Organic acids,-0.15225507310760752,log2fc,0.7050344450360089,0.8082981684447852,benjamini_hochberg,within_study_all_266_paired_tested_features_scan_lane_bh,provided,not_selected,ST004303,ST004303_human_plasma_paired_ttest,ST004303_4P_vs_1P_paired_arms_pooled,not_reported,
Isocitric acid,Isocitric acid,Organic acids,0.08527000668649097,log2fc,0.7051370741480398,0.8082981684447852,benjamini_hochberg,within_study_all_266_paired_tested_features_scan_lane_bh,provided,not_selected,ST004303,ST004303_human_plasma_paired_ttest,ST004303_4P_vs_1P_paired_arms_pooled,not_reported,
L-Glutamic acid [refmet: Glutamic acid],Glutamic acid,Organic acids,-0.04143982756402533,log2fc,0.7013414824670412,0.8082981684447852,benjamini_hochberg,within_study_all_266_paired_tested_features_scan_lane_bh,provided,not_selected,ST004303,ST004303_human_plasma_paired_ttest,ST004303_4P_vs_1P_paired_arms_pooled,not_reported,
4-QUINOLINECARBOXYLIC ACID,4-Quinolinecarboxylic acid,Alkaloids,0.03927156139321921,log2fc,0.7080205761189283,0.8082981684447852,benjamini_hochberg,within_study_all_266_paired_tested_features_scan_lane_bh,provided,not_selected,ST004303,ST004303_human_plasma_paired_ttest,ST004303_4P_vs_1P_paired_arms_pooled,not_reported,
NP-016582,NP-016582,unclassified_no_refmet_match,-0.017520294037377898,log2fc,0.7121374167935349,0.8095237302011978,benjamini_hochberg,within_study_all_266_paired_tested_features_scan_lane_bh,provided,not_selected,ST004303,ST004303_human_plasma_paired_ttest,ST004303_4P_vs_1P_paired_arms_pooled,not_reported,
Imidazolelactic acid,Imidazolelactic acid,Alkaloids,-0.01505798147514806,log2fc,0.7179993423213773,0.812714149180793,benjamini_hochberg,within_study_all_266_paired_tested_features_scan_lane_bh,provided,not_selected,ST004303,ST004303_human_plasma_paired_ttest,ST004303_4P_vs_1P_paired_arms_pooled,not_reported,
D-(+)-Pipecolinic acid [refmet: Pipecolic acid],Pipecolic acid,Organic acids,0.007701820248889727,log2fc,0.7451140152835417,0.839831898582297,benjamini_hochberg,within_study_all_266_paired_tested_features_scan_lane_bh,provided,not_selected,ST004303,ST004303_human_plasma_paired_ttest,ST004303_4P_vs_1P_paired_arms_pooled,not_reported,
1-Aminocyclohexanecarboxylic acid [refmet: 1-Azaniumylcyclohexane-1-carboxylate],1-Azaniumylcyclohexane-1-carboxylate,Organic acids,0.028114059010534327,log2fc,0.7502217963556665,0.8420210878928578,benjamini_hochberg,within_study_all_266_paired_tested_features_scan_lane_bh,provided,not_selected,ST004303,ST004303_human_plasma_paired_ttest,ST004303_4P_vs_1P_paired_arms_pooled,not_reported,
Nicotinamide [refmet: Niacinamide],Niacinamide,Alkaloids,0.06758740103846793,log2fc,0.7680983579366277,0.8573543668001758,benjamini_hochberg,within_study_all_266_paired_tested_features_scan_lane_bh,provided,not_selected,ST004303,ST004303_human_plasma_paired_ttest,ST004303_4P_vs_1P_paired_arms_pooled,not_reported,
2-Oxoglutaric acid,2-Oxoglutaric acid,Organic acids,0.016431931389491103,log2fc,0.7703296754332407,0.8573543668001758,benjamini_hochberg,within_study_all_266_paired_tested_features_scan_lane_bh,provided,not_selected,ST004303,ST004303_human_plasma_paired_ttest,ST004303_4P_vs_1P_paired_arms_pooled,not_reported,
Methyl isonicotinate,Methyl isonicotinate,unclassified_no_refmet_match,0.027819463778978815,log2fc,0.7781697073421572,0.8624714256375576,benjamini_hochberg,within_study_all_266_paired_tested_features_scan_lane_bh,provided,not_selected,ST004303,ST004303_human_plasma_paired_ttest,ST004303_4P_vs_1P_paired_arms_pooled,not_reported,
FA 26:1 [refmet: Hexacosenoic acid],Hexacosenoic acid,Fatty Acyls,0.028935409134824584,log2fc,0.7869934277182032,0.8686317500956102,benjamini_hochberg,within_study_all_266_paired_tested_features_scan_lane_bh,provided,not_selected,ST004303,ST004303_human_plasma_paired_ttest,ST004303_4P_vs_1P_paired_arms_pooled,not_reported,
Palmitoyl sphingomyelin [refmet: SM 18:1;O2/16:0],SM 18:1;O2/16:0,Sphingolipids,-0.0119185184312177,log2fc,0.806391480388353,0.8827442963722653,benjamini_hochberg,within_study_all_266_paired_tested_features_scan_lane_bh,provided,not_selected,ST004303,ST004303_human_plasma_paired_ttest,ST004303_4P_vs_1P_paired_arms_pooled,not_reported,
Palmitoleic acid,Palmitoleic acid,Fatty Acyls,0.009855897607828948,log2fc,0.8064167820242873,0.8827442963722653,benjamini_hochberg,within_study_all_266_paired_tested_features_scan_lane_bh,provided,not_selected,ST004303,ST004303_human_plasma_paired_ttest,ST004303_4P_vs_1P_paired_arms_pooled,not_reported,
γ-Linolenic acid [refmet: gamma-Linolenic acid],gamma-Linolenic acid,Fatty Acyls,-0.008488249920665792,log2fc,0.8206858398090435,0.8946821040541213,benjamini_hochberg,within_study_all_266_paired_tested_features_scan_lane_bh,provided,not_selected,ST004303,ST004303_human_plasma_paired_ttest,ST004303_4P_vs_1P_paired_arms_pooled,not_reported,
N-Methyl-2-pyrrolidone [refmet: N-Methylpyrrolidin-2-one],N-Methylpyrrolidin-2-one,Alkaloids,0.028699167367226563,log2fc,0.8398972024673186,0.9118883912502316,benjamini_hochberg,within_study_all_266_paired_tested_features_scan_lane_bh,provided,not_selected,ST004303,ST004303_human_plasma_paired_ttest,ST004303_4P_vs_1P_paired_arms_pooled,not_reported,
ST 28:1;O;S,ST 28:1;O;S,Sterol Lipids,0.012628750627443596,log2fc,0.8461132486436447,0.9149029436553231,benjamini_hochberg,within_study_all_266_paired_tested_features_scan_lane_bh,provided,not_selected,ST004303,ST004303_human_plasma_paired_ttest,ST004303_4P_vs_1P_paired_arms_pooled,not_reported,
Oleoyl ethanolamide [refmet: Oleoyl-EA],Oleoyl-EA,Fatty Acyls,-0.009293978719201328,log2fc,0.8583591235461406,0.9243867484343052,benjamini_hochberg,within_study_all_266_paired_tested_features_scan_lane_bh,provided,not_selected,ST004303,ST004303_human_plasma_paired_ttest,ST004303_4P_vs_1P_paired_arms_pooled,not_reported,
Succinic acid,Succinic acid,Organic acids,0.013493628990519039,log2fc,0.8624168277215418,0.9250115974755247,benjamini_hochberg,within_study_all_266_paired_tested_features_scan_lane_bh,provided,not_selected,ST004303,ST004303_human_plasma_paired_ttest,ST004303_4P_vs_1P_paired_arms_pooled,not_reported,
2-Aminoadipic acid [refmet: alpha-Aminoadipic acid],alpha-Aminoadipic acid,Organic acids,-0.016699936357440867,log2fc,0.8724999076515505,0.9296926032756336,benjamini_hochberg,within_study_all_266_paired_tested_features_scan_lane_bh,provided,not_selected,ST004303,ST004303_human_plasma_paired_ttest,ST004303_4P_vs_1P_paired_arms_pooled,not_reported,
ST 29:1;O;S,ST 29:1;O;S,Sterol Lipids,-0.008362899373673901,log2fc,0.8737712436801067,0.9296926032756336,benjamini_hochberg,within_study_all_266_paired_tested_features_scan_lane_bh,provided,not_selected,ST004303,ST004303_human_plasma_paired_ttest,ST004303_4P_vs_1P_paired_arms_pooled,not_reported,
L-(+)-Citrulline [refmet: Citrulline],Citrulline,Organic acids,-0.010920361976354686,log2fc,0.884074116797775,0.9369072313474428,benjamini_hochberg,within_study_all_266_paired_tested_features_scan_lane_bh,provided,not_selected,ST004303,ST004303_human_plasma_paired_ttest,ST004303_4P_vs_1P_paired_arms_pooled,not_reported,
Ecgonine,Ecgonine,Alkaloids,-0.003382844673453178,log2fc,0.8929252866266825,0.9425322469948315,benjamini_hochberg,within_study_all_266_paired_tested_features_scan_lane_bh,provided,not_selected,ST004303,ST004303_human_plasma_paired_ttest,ST004303_4P_vs_1P_paired_arms_pooled,not_reported,
3-Hydroxyvaleric acid,3-Hydroxyvaleric acid,Fatty Acyls,-0.005456166916409967,log2fc,0.9069596254754572,0.9535622939781486,benjamini_hochberg,within_study_all_266_paired_tested_features_scan_lane_bh,provided,not_selected,ST004303,ST004303_human_plasma_paired_ttest,ST004303_4P_vs_1P_paired_arms_pooled,not_reported,
FA 9:0+1O [refmet: Pelargonic acid],Pelargonic acid,Fatty Acyls,-0.011171689034491214,log2fc,0.9126320815983263,0.9557485578943102,benjamini_hochberg,within_study_all_266_paired_tested_features_scan_lane_bh,provided,not_selected,ST004303,ST004303_human_plasma_paired_ttest,ST004303_4P_vs_1P_paired_arms_pooled,not_reported,
Erucamide [refmet: 13Z-Docosenamide],13Z-Docosenamide,Fatty Acyls,-0.0200180818906671,log2fc,0.9501703813898178,0.9691918094017079,benjamini_hochberg,within_study_all_266_paired_tested_features_scan_lane_bh,provided,not_selected,ST004303,ST004303_human_plasma_paired_ttest,ST004303_4P_vs_1P_paired_arms_pooled,not_reported,
5-[4-(phenylsulfonyl)phenyl]-1H-pyrazole,5-[4-(phenylsulfonyl)phenyl]-1H-pyrazole,unclassified_no_refmet_match,-0.01922036010044493,log2fc,0.9555960109358634,0.9691918094017079,benjamini_hochberg,within_study_all_266_paired_tested_features_scan_lane_bh,provided,not_selected,ST004303,ST004303_human_plasma_paired_ttest,ST004303_4P_vs_1P_paired_arms_pooled,not_reported,
Kynurenic acid,Kynurenic acid,Alkaloids,-0.0100722012891653,log2fc,0.9318841519006144,0.9691918094017079,benjamini_hochberg,within_study_all_266_paired_tested_features_scan_lane_bh,provided,not_selected,ST004303,ST004303_human_plasma_paired_ttest,ST004303_4P_vs_1P_paired_arms_pooled,not_reported,
5-Nitro-o-toluidine,5-Nitro-o-toluidine,Benzenoids,0.006295699670221734,log2fc,0.9454138929257119,0.9691918094017079,benjamini_hochberg,within_study_all_266_paired_tested_features_scan_lane_bh,provided,not_selected,ST004303,ST004303_human_plasma_paired_ttest,ST004303_4P_vs_1P_paired_arms_pooled,not_reported,
4-Pyridoxic acid,4-Pyridoxic acid,Alkaloids,0.005787129124119909,log2fc,0.9486801654212295,0.9691918094017079,benjamini_hochberg,within_study_all_266_paired_tested_features_scan_lane_bh,provided,not_selected,ST004303,ST004303_human_plasma_paired_ttest,ST004303_4P_vs_1P_paired_arms_pooled,not_reported,
Taurine,Taurine,Organic acids,0.005718188447253574,log2fc,0.9346620399657919,0.9691918094017079,benjamini_hochberg,within_study_all_266_paired_tested_features_scan_lane_bh,provided,not_selected,ST004303,ST004303_human_plasma_paired_ttest,ST004303_4P_vs_1P_paired_arms_pooled,not_reported,
Proline,Proline,Organic acids,-0.004647006945461198,log2fc,0.9494413223261936,0.9691918094017079,benjamini_hochberg,within_study_all_266_paired_tested_features_scan_lane_bh,provided,not_selected,ST004303,ST004303_human_plasma_paired_ttest,ST004303_4P_vs_1P_paired_arms_pooled,not_reported,
LPC 20:4-SN1 [refmet: LPC 20:4/0:0],LPC 20:4/0:0,Glycerophospholipids,-0.003347941543948258,log2fc,0.9582610747092074,0.9691918094017079,benjamini_hochberg,within_study_all_266_paired_tested_features_scan_lane_bh,provided,not_selected,ST004303,ST004303_human_plasma_paired_ttest,ST004303_4P_vs_1P_paired_arms_pooled,not_reported,
Methylimidazoleacetic acid,Methylimidazoleacetic acid,Alkaloids,0.002788854236761258,log2fc,0.9541617176832742,0.9691918094017079,benjamini_hochberg,within_study_all_266_paired_tested_features_scan_lane_bh,provided,not_selected,ST004303,ST004303_human_plasma_paired_ttest,ST004303_4P_vs_1P_paired_arms_pooled,not_reported,
2-Ethylhexanoic acid [refmet: alpha-Ethylcaproic acid],alpha-Ethylcaproic acid,Fatty Acyls,0.007641598517654184,log2fc,0.9693048503144381,0.9730132716378898,benjamini_hochberg,within_study_all_266_paired_tested_features_scan_lane_bh,provided,not_selected,ST004303,ST004303_human_plasma_paired_ttest,ST004303_4P_vs_1P_paired_arms_pooled,not_reported,
4-Oxoproline [refmet: 4-Oxo-proline],4-Oxo-proline,Organic acids,-0.0014894752043356394,log2fc,0.969355327007672,0.9730132716378898,benjamini_hochberg,within_study_all_266_paired_tested_features_scan_lane_bh,provided,not_selected,ST004303,ST004303_human_plasma_paired_ttest,ST004303_4P_vs_1P_paired_arms_pooled,not_reported,
L-Cysteine-S-sulfate [refmet: Cysteine-S-sulfate],Cysteine-S-sulfate,Organic acids,0.007741747017081161,log2fc,0.9771633510073424,0.9771633510073424,benjamini_hochberg,within_study_all_266_paired_tested_features_scan_lane_bh,provided,not_selected,ST004303,ST004303_human_plasma_paired_ttest,ST004303_4P_vs_1P_paired_arms_pooled,not_reported,
