"study_id","source","contrast","feature_id","accepted_canonical_name","log2_fold_change","p_value","fdr","fdr_method","fdr_family_n","synthetic_seed"
"MOTRPAC-HUMAN-ACUTE","MoTrPAC","post-exercise / pre-exercise","Leucine","Leucine",1.2154652344096,0.000138265268296376,0.00250107279211378,"Benjamini-Hochberg",96,20260729
"MOTRPAC-HUMAN-ACUTE","MoTrPAC","post-exercise / pre-exercise","Lactate","Lactate",1.64059146419226,2.076575703069e-05,0.00199351267494624,"Benjamini-Hochberg",96,20260729
"MOTRPAC-HUMAN-ACUTE","MoTrPAC","post-exercise / pre-exercise","Citrate","Citrate",-0.915338142516069,0.000674085783613341,0.00404451470168005,"Benjamini-Hochberg",96,20260729
"MOTRPAC-HUMAN-ACUTE","MoTrPAC","post-exercise / pre-exercise","Succinate","Succinate",0.665191545630646,0.00630880069611394,0.0121128973365388,"Benjamini-Hochberg",96,20260729
"MOTRPAC-HUMAN-ACUTE","MoTrPAC","post-exercise / pre-exercise","Pyruvate","Pyruvate",1.08892443264821,0.00018236989109163,0.00250107279211378,"Benjamini-Hochberg",96,20260729
"MOTRPAC-HUMAN-ACUTE","MoTrPAC","post-exercise / pre-exercise","Kynurenine","Kynurenine",-0.610644640456771,0.00344933868011963,0.00828592942565368,"Benjamini-Hochberg",96,20260729
"MOTRPAC-HUMAN-ACUTE","MoTrPAC","post-exercise / pre-exercise","Tryptophan","Tryptophan",-0.586873918978758,0.00819899777859389,0.0148510148442455,"Benjamini-Hochberg",96,20260729
"MOTRPAC-HUMAN-ACUTE","MoTrPAC","post-exercise / pre-exercise","CAR 2:0","CAR 2:0",0.921081246407642,0.00145464314521352,0.00550751284385309,"Benjamini-Hochberg",96,20260729
"MOTRPAC-HUMAN-ACUTE","MoTrPAC","post-exercise / pre-exercise","CAR 4:0;OH","CAR 4:0;OH",0.925339194160847,0.000633786701954479,0.00404451470168005,"Benjamini-Hochberg",96,20260729
"MOTRPAC-HUMAN-ACUTE","MoTrPAC","post-exercise / pre-exercise","Alanine","Alanine",0.463933888224098,0.00166492301312968,0.00570830747358748,"Benjamini-Hochberg",96,20260729
"MOTRPAC-HUMAN-ACUTE","MoTrPAC","post-exercise / pre-exercise","Glutamine","Glutamine",-0.385766509831019,0.0234070108619882,0.0325662759818966,"Benjamini-Hochberg",96,20260729
"MOTRPAC-HUMAN-ACUTE","MoTrPAC","post-exercise / pre-exercise","Malate","Malate",0.729035806874213,0.00345247059402237,0.00828592942565368,"Benjamini-Hochberg",96,20260729
"MOTRPAC-HUMAN-ACUTE","MoTrPAC","post-exercise / pre-exercise","MOTRPAC-HUMAN-ACUTE_feature_001",NA,-0.582101212651386,0.0101587865156197,0.0165295509406693,"Benjamini-Hochberg",96,20260729
"MOTRPAC-HUMAN-ACUTE","MoTrPAC","post-exercise / pre-exercise","MOTRPAC-HUMAN-ACUTE_feature_002",NA,0.441334223823826,0.00918396262371492,0.0160301893068479,"Benjamini-Hochberg",96,20260729
"MOTRPAC-HUMAN-ACUTE","MoTrPAC","post-exercise / pre-exercise","MOTRPAC-HUMAN-ACUTE_feature_003",NA,-0.193677862840452,0.0858827370542298,0.0936902586046143,"Benjamini-Hochberg",96,20260729
"MOTRPAC-HUMAN-ACUTE","MoTrPAC","post-exercise / pre-exercise","MOTRPAC-HUMAN-ACUTE_feature_004",NA,-0.734252623653844,0.000395245546956905,0.00291873634675869,"Benjamini-Hochberg",96,20260729
"MOTRPAC-HUMAN-ACUTE","MoTrPAC","post-exercise / pre-exercise","MOTRPAC-HUMAN-ACUTE_feature_005",NA,0.376695376571917,0.00328262302507169,0.00828592942565368,"Benjamini-Hochberg",96,20260729
"MOTRPAC-HUMAN-ACUTE","MoTrPAC","post-exercise / pre-exercise","MOTRPAC-HUMAN-ACUTE_feature_006",NA,-0.501403035596488,0.00326755320392848,0.00828592942565368,"Benjamini-Hochberg",96,20260729
"MOTRPAC-HUMAN-ACUTE","MoTrPAC","post-exercise / pre-exercise","MOTRPAC-HUMAN-ACUTE_feature_007",NA,0.900888598700829,0.000353422621470284,0.00290068432274935,"Benjamini-Hochberg",96,20260729
"MOTRPAC-HUMAN-ACUTE","MoTrPAC","post-exercise / pre-exercise","MOTRPAC-HUMAN-ACUTE_feature_008",NA,-0.00897693746777713,0.0282264732437571,0.037323121892352,"Benjamini-Hochberg",96,20260729
"MOTRPAC-HUMAN-ACUTE","MoTrPAC","post-exercise / pre-exercise","MOTRPAC-HUMAN-ACUTE_feature_009",NA,0.925228234578437,0.000793345609103622,0.00448006932199693,"Benjamini-Hochberg",96,20260729
"MOTRPAC-HUMAN-ACUTE","MoTrPAC","post-exercise / pre-exercise","MOTRPAC-HUMAN-ACUTE_feature_010",NA,-0.0765812088293823,0.220389697412532,0.225078839910671,"Benjamini-Hochberg",96,20260729
"MOTRPAC-HUMAN-ACUTE","MoTrPAC","post-exercise / pre-exercise","MOTRPAC-HUMAN-ACUTE_feature_011",NA,-0.0453032793023202,0.254162971011525,0.256838370706383,"Benjamini-Hochberg",96,20260729
"MOTRPAC-HUMAN-ACUTE","MoTrPAC","post-exercise / pre-exercise","MOTRPAC-HUMAN-ACUTE_feature_012",NA,-0.252406127043091,0.011495089752532,0.0180906330531652,"Benjamini-Hochberg",96,20260729
"MOTRPAC-HUMAN-ACUTE","MoTrPAC","post-exercise / pre-exercise","MOTRPAC-HUMAN-ACUTE_feature_013",NA,-0.140721516350606,0.132839390989533,0.143287432977474,"Benjamini-Hochberg",96,20260729
"MOTRPAC-HUMAN-ACUTE","MoTrPAC","post-exercise / pre-exercise","MOTRPAC-HUMAN-ACUTE_feature_014",NA,-0.647627220550588,0.00032171166506736,0.00290068432274935,"Benjamini-Hochberg",96,20260729
"MOTRPAC-HUMAN-ACUTE","MoTrPAC","post-exercise / pre-exercise","MOTRPAC-HUMAN-ACUTE_feature_015",NA,-0.0833039645551909,0.19095987629506,0.197119872304579,"Benjamini-Hochberg",96,20260729
"MOTRPAC-HUMAN-ACUTE","MoTrPAC","post-exercise / pre-exercise","MOTRPAC-HUMAN-ACUTE_feature_016",NA,0.889504733798925,0.00101144801412903,0.00511047417665193,"Benjamini-Hochberg",96,20260729
"MOTRPAC-HUMAN-ACUTE","MoTrPAC","post-exercise / pre-exercise","MOTRPAC-HUMAN-ACUTE_feature_017",NA,-0.408660196993291,0.000925067849976533,0.00493369519987484,"Benjamini-Hochberg",96,20260729
"MOTRPAC-HUMAN-ACUTE","MoTrPAC","post-exercise / pre-exercise","MOTRPAC-HUMAN-ACUTE_feature_018",NA,0.421810162716138,0.0123475653314819,0.0190517709759011,"Benjamini-Hochberg",96,20260729
"MOTRPAC-HUMAN-ACUTE","MoTrPAC","post-exercise / pre-exercise","MOTRPAC-HUMAN-ACUTE_feature_019",NA,0.188853941691402,0.0802582725418407,0.091723740047818,"Benjamini-Hochberg",96,20260729
"MOTRPAC-HUMAN-ACUTE","MoTrPAC","post-exercise / pre-exercise","MOTRPAC-HUMAN-ACUTE_feature_020",NA,0.767568817506887,0.00291483823397543,0.0079949848703326,"Benjamini-Hochberg",96,20260729
"MOTRPAC-HUMAN-ACUTE","MoTrPAC","post-exercise / pre-exercise","MOTRPAC-HUMAN-ACUTE_feature_021",NA,0.741669419581889,0.00372039360794757,0.00842915419753145,"Benjamini-Hochberg",96,20260729
"MOTRPAC-HUMAN-ACUTE","MoTrPAC","post-exercise / pre-exercise","MOTRPAC-HUMAN-ACUTE_feature_022",NA,-0.131062892951317,0.0815260677001942,0.0920764999908075,"Benjamini-Hochberg",96,20260729
"MOTRPAC-HUMAN-ACUTE","MoTrPAC","post-exercise / pre-exercise","MOTRPAC-HUMAN-ACUTE_feature_023",NA,-1.20870076498028,9.58264156325228e-05,0.00250107279211378,"Benjamini-Hochberg",96,20260729
"MOTRPAC-HUMAN-ACUTE","MoTrPAC","post-exercise / pre-exercise","MOTRPAC-HUMAN-ACUTE_feature_024",NA,-0.344111027074313,0.028381123938976,0.037323121892352,"Benjamini-Hochberg",96,20260729
"MOTRPAC-HUMAN-ACUTE","MoTrPAC","post-exercise / pre-exercise","MOTRPAC-HUMAN-ACUTE_feature_025",NA,0.261642229592041,0.00377555865097763,0.00842915419753145,"Benjamini-Hochberg",96,20260729
"MOTRPAC-HUMAN-ACUTE","MoTrPAC","post-exercise / pre-exercise","MOTRPAC-HUMAN-ACUTE_feature_026",NA,-0.384636977307478,0.0089647623730754,0.0159373553299118,"Benjamini-Hochberg",96,20260729
"MOTRPAC-HUMAN-ACUTE","MoTrPAC","post-exercise / pre-exercise","MOTRPAC-HUMAN-ACUTE_feature_027",NA,0.411958858291866,0.00976774649217445,0.0164509414605043,"Benjamini-Hochberg",96,20260729
"MOTRPAC-HUMAN-ACUTE","MoTrPAC","post-exercise / pre-exercise","MOTRPAC-HUMAN-ACUTE_feature_028",NA,-0.0997808372319304,0.0100030700849612,0.0165295509406693,"Benjamini-Hochberg",96,20260729
"MOTRPAC-HUMAN-ACUTE","MoTrPAC","post-exercise / pre-exercise","MOTRPAC-HUMAN-ACUTE_feature_029",NA,-0.42552958509119,0.0182609109923264,0.0268856373505475,"Benjamini-Hochberg",96,20260729
"MOTRPAC-HUMAN-ACUTE","MoTrPAC","post-exercise / pre-exercise","MOTRPAC-HUMAN-ACUTE_feature_030",NA,0.0941708593214092,0.16002367609301,0.170691921165877,"Benjamini-Hochberg",96,20260729
"MOTRPAC-HUMAN-ACUTE","MoTrPAC","post-exercise / pre-exercise","MOTRPAC-HUMAN-ACUTE_feature_031",NA,0.0182927188630864,0.175015049803834,0.184631261331518,"Benjamini-Hochberg",96,20260729
"MOTRPAC-HUMAN-ACUTE","MoTrPAC","post-exercise / pre-exercise","MOTRPAC-HUMAN-ACUTE_feature_032",NA,0.616712034182298,0.00567120881678509,0.011110939722681,"Benjamini-Hochberg",96,20260729
"MOTRPAC-HUMAN-ACUTE","MoTrPAC","post-exercise / pre-exercise","MOTRPAC-HUMAN-ACUTE_feature_033",NA,-1.17417994743591,0.00014507916925203,0.00250107279211378,"Benjamini-Hochberg",96,20260729
"MOTRPAC-HUMAN-ACUTE","MoTrPAC","post-exercise / pre-exercise","MOTRPAC-HUMAN-ACUTE_feature_034",NA,0.456174683137262,0.00549908805970581,0.0109981761194116,"Benjamini-Hochberg",96,20260729
"MOTRPAC-HUMAN-ACUTE","MoTrPAC","post-exercise / pre-exercise","MOTRPAC-HUMAN-ACUTE_feature_035",NA,-0.278417586400818,0.0111490494138826,0.0178384790622122,"Benjamini-Hochberg",96,20260729
"MOTRPAC-HUMAN-ACUTE","MoTrPAC","post-exercise / pre-exercise","MOTRPAC-HUMAN-ACUTE_feature_036",NA,0.465376716294487,0.0125027247029351,0.0190517709759011,"Benjamini-Hochberg",96,20260729
"MOTRPAC-HUMAN-ACUTE","MoTrPAC","post-exercise / pre-exercise","MOTRPAC-HUMAN-ACUTE_feature_037",NA,4.39243351529332e-05,0.0748743444351314,0.0866016513948508,"Benjamini-Hochberg",96,20260729
"MOTRPAC-HUMAN-ACUTE","MoTrPAC","post-exercise / pre-exercise","MOTRPAC-HUMAN-ACUTE_feature_038",NA,-0.876358282201492,0.0016458651003335,0.00570830747358748,"Benjamini-Hochberg",96,20260729
"MOTRPAC-HUMAN-ACUTE","MoTrPAC","post-exercise / pre-exercise","MOTRPAC-HUMAN-ACUTE_feature_039",NA,0.207297098022809,0.0360933697063969,0.0438602973647355,"Benjamini-Hochberg",96,20260729
"MOTRPAC-HUMAN-ACUTE","MoTrPAC","post-exercise / pre-exercise","MOTRPAC-HUMAN-ACUTE_feature_040",NA,-0.721425264454842,0.00500176580909712,0.010438467775507,"Benjamini-Hochberg",96,20260729
"MOTRPAC-HUMAN-ACUTE","MoTrPAC","post-exercise / pre-exercise","MOTRPAC-HUMAN-ACUTE_feature_041",NA,-0.816282542233898,0.000270782045925894,0.00290068432274935,"Benjamini-Hochberg",96,20260729
"MOTRPAC-HUMAN-ACUTE","MoTrPAC","post-exercise / pre-exercise","MOTRPAC-HUMAN-ACUTE_feature_042",NA,-0.30562270437661,0.0417221878172332,0.048845488176273,"Benjamini-Hochberg",96,20260729
"MOTRPAC-HUMAN-ACUTE","MoTrPAC","post-exercise / pre-exercise","MOTRPAC-HUMAN-ACUTE_feature_043",NA,-0.167708917463486,0.0836073390387481,0.0932157572004952,"Benjamini-Hochberg",96,20260729
"MOTRPAC-HUMAN-ACUTE","MoTrPAC","post-exercise / pre-exercise","MOTRPAC-HUMAN-ACUTE_feature_044",NA,-0.803123717693719,0.00120541646901572,0.00550751284385309,"Benjamini-Hochberg",96,20260729
"MOTRPAC-HUMAN-ACUTE","MoTrPAC","post-exercise / pre-exercise","MOTRPAC-HUMAN-ACUTE_feature_045",NA,0.210243093369764,0.0388970421249333,0.046100198073995,"Benjamini-Hochberg",96,20260729
"MOTRPAC-HUMAN-ACUTE","MoTrPAC","post-exercise / pre-exercise","MOTRPAC-HUMAN-ACUTE_feature_046",NA,-0.0213042984818313,0.304675268584539,0.304675268584539,"Benjamini-Hochberg",96,20260729
"MOTRPAC-HUMAN-ACUTE","MoTrPAC","post-exercise / pre-exercise","MOTRPAC-HUMAN-ACUTE_feature_047",NA,0.491060705701613,0.0138641996146528,0.0207962994219791,"Benjamini-Hochberg",96,20260729
"MOTRPAC-HUMAN-ACUTE","MoTrPAC","post-exercise / pre-exercise","MOTRPAC-HUMAN-ACUTE_feature_048",NA,0.125878784249649,0.000362585540343669,0.00290068432274935,"Benjamini-Hochberg",96,20260729
"MOTRPAC-HUMAN-ACUTE","MoTrPAC","post-exercise / pre-exercise","MOTRPAC-HUMAN-ACUTE_feature_049",NA,-0.27333154587923,0.0220294050118054,0.0311003364872547,"Benjamini-Hochberg",96,20260729
"MOTRPAC-HUMAN-ACUTE","MoTrPAC","post-exercise / pre-exercise","MOTRPAC-HUMAN-ACUTE_feature_050",NA,0.672056772574039,0.00225346973762763,0.00655554832764401,"Benjamini-Hochberg",96,20260729
"MOTRPAC-HUMAN-ACUTE","MoTrPAC","post-exercise / pre-exercise","MOTRPAC-HUMAN-ACUTE_feature_051",NA,-0.327468352073203,0.0307427215884189,0.0398441111066163,"Benjamini-Hochberg",96,20260729
"MOTRPAC-HUMAN-ACUTE","MoTrPAC","post-exercise / pre-exercise","MOTRPAC-HUMAN-ACUTE_feature_052",NA,-0.341561047347475,0.0243843910444138,0.0334414505751961,"Benjamini-Hochberg",96,20260729
"MOTRPAC-HUMAN-ACUTE","MoTrPAC","post-exercise / pre-exercise","MOTRPAC-HUMAN-ACUTE_feature_053",NA,0.935953972117512,0.00139394756231261,0.00550751284385309,"Benjamini-Hochberg",96,20260729
"MOTRPAC-HUMAN-ACUTE","MoTrPAC","post-exercise / pre-exercise","MOTRPAC-HUMAN-ACUTE_feature_054",NA,0.430389516693616,0.000335704328098571,0.00290068432274935,"Benjamini-Hochberg",96,20260729
"MOTRPAC-HUMAN-ACUTE","MoTrPAC","post-exercise / pre-exercise","MOTRPAC-HUMAN-ACUTE_feature_055",NA,-0.930291543784485,0.00144176075731684,0.00550751284385309,"Benjamini-Hochberg",96,20260729
"MOTRPAC-HUMAN-ACUTE","MoTrPAC","post-exercise / pre-exercise","MOTRPAC-HUMAN-ACUTE_feature_056",NA,-0.76636420909128,0.00233908622807373,0.00660447876161995,"Benjamini-Hochberg",96,20260729
"MOTRPAC-HUMAN-ACUTE","MoTrPAC","post-exercise / pre-exercise","MOTRPAC-HUMAN-ACUTE_feature_057",NA,-0.448971735046099,0.00466780803453968,0.00995799047368465,"Benjamini-Hochberg",96,20260729
"MOTRPAC-HUMAN-ACUTE","MoTrPAC","post-exercise / pre-exercise","MOTRPAC-HUMAN-ACUTE_feature_058",NA,-0.348732941852319,0.025081273567543,0.0339127079223117,"Benjamini-Hochberg",96,20260729
"MOTRPAC-HUMAN-ACUTE","MoTrPAC","post-exercise / pre-exercise","MOTRPAC-HUMAN-ACUTE_feature_059",NA,0.27108696825215,0.0371195134884055,0.0445434161860866,"Benjamini-Hochberg",96,20260729
"MOTRPAC-HUMAN-ACUTE","MoTrPAC","post-exercise / pre-exercise","MOTRPAC-HUMAN-ACUTE_feature_060",NA,-0.678112341721888,0.0052700114827158,0.0107642787732067,"Benjamini-Hochberg",96,20260729
"MOTRPAC-HUMAN-ACUTE","MoTrPAC","post-exercise / pre-exercise","MOTRPAC-HUMAN-ACUTE_feature_061",NA,0.900552829549637,0.00174368804801414,0.0057722087106675,"Benjamini-Hochberg",96,20260729
"MOTRPAC-HUMAN-ACUTE","MoTrPAC","post-exercise / pre-exercise","MOTRPAC-HUMAN-ACUTE_feature_062",NA,-0.805896081227784,0.000667160998640023,0.00404451470168005,"Benjamini-Hochberg",96,20260729
"MOTRPAC-HUMAN-ACUTE","MoTrPAC","post-exercise / pre-exercise","MOTRPAC-HUMAN-ACUTE_feature_063",NA,0.447743631709648,0.00954750582612799,0.0163671528447908,"Benjamini-Hochberg",96,20260729
"MOTRPAC-HUMAN-ACUTE","MoTrPAC","post-exercise / pre-exercise","MOTRPAC-HUMAN-ACUTE_feature_064",NA,0.178145897100166,0.0354954798057787,0.0438602973647355,"Benjamini-Hochberg",96,20260729
"MOTRPAC-HUMAN-ACUTE","MoTrPAC","post-exercise / pre-exercise","MOTRPAC-HUMAN-ACUTE_feature_065",NA,-0.439128886134442,0.00206144946233037,0.00618434838699111,"Benjamini-Hochberg",96,20260729
"MOTRPAC-HUMAN-ACUTE","MoTrPAC","post-exercise / pre-exercise","MOTRPAC-HUMAN-ACUTE_feature_066",NA,-0.720813657943159,0.00202513730812625,0.00618434838699111,"Benjamini-Hochberg",96,20260729
"MOTRPAC-HUMAN-ACUTE","MoTrPAC","post-exercise / pre-exercise","MOTRPAC-HUMAN-ACUTE_feature_067",NA,0.305024337807379,0.00807547460827243,0.0148510148442455,"Benjamini-Hochberg",96,20260729
"MOTRPAC-HUMAN-ACUTE","MoTrPAC","post-exercise / pre-exercise","MOTRPAC-HUMAN-ACUTE_feature_068",NA,0.353784620972153,0.0318639489935015,0.0402491987286335,"Benjamini-Hochberg",96,20260729
"MOTRPAC-HUMAN-ACUTE","MoTrPAC","post-exercise / pre-exercise","MOTRPAC-HUMAN-ACUTE_feature_069",NA,0.0639317615755087,0.0844767799629488,0.0932157572004952,"Benjamini-Hochberg",96,20260729
"MOTRPAC-HUMAN-ACUTE","MoTrPAC","post-exercise / pre-exercise","MOTRPAC-HUMAN-ACUTE_feature_070",NA,-0.0829663512645267,0.031128211802044,0.0398441111066163,"Benjamini-Hochberg",96,20260729
"MOTRPAC-HUMAN-ACUTE","MoTrPAC","post-exercise / pre-exercise","MOTRPAC-HUMAN-ACUTE_feature_071",NA,0.0360998226642343,0.182816517043777,0.190765061263071,"Benjamini-Hochberg",96,20260729
"MOTRPAC-HUMAN-ACUTE","MoTrPAC","post-exercise / pre-exercise","MOTRPAC-HUMAN-ACUTE_feature_072",NA,0.764207056582353,0.0037561220538474,0.00842915419753145,"Benjamini-Hochberg",96,20260729
"MOTRPAC-HUMAN-ACUTE","MoTrPAC","post-exercise / pre-exercise","MOTRPAC-HUMAN-ACUTE_feature_073",NA,-0.366903735210128,0.0357396294550521,0.0438602973647355,"Benjamini-Hochberg",96,20260729
"MOTRPAC-HUMAN-ACUTE","MoTrPAC","post-exercise / pre-exercise","MOTRPAC-HUMAN-ACUTE_feature_074",NA,0.374253704353781,0.00762200074399332,0.0143472955181051,"Benjamini-Hochberg",96,20260729
"MOTRPAC-HUMAN-ACUTE","MoTrPAC","post-exercise / pre-exercise","MOTRPAC-HUMAN-ACUTE_feature_075",NA,0.152842486851523,0.0184838756785014,0.0268856373505475,"Benjamini-Hochberg",96,20260729
"MOTRPAC-HUMAN-ACUTE","MoTrPAC","post-exercise / pre-exercise","MOTRPAC-HUMAN-ACUTE_feature_076",NA,-0.229960493866544,0.00414080190173751,0.00903447687651821,"Benjamini-Hochberg",96,20260729
"MOTRPAC-HUMAN-ACUTE","MoTrPAC","post-exercise / pre-exercise","MOTRPAC-HUMAN-ACUTE_feature_077",NA,-0.529381009724397,0.00339959931586102,0.00828592942565368,"Benjamini-Hochberg",96,20260729
"MOTRPAC-HUMAN-ACUTE","MoTrPAC","post-exercise / pre-exercise","MOTRPAC-HUMAN-ACUTE_feature_078",NA,0.266316391142732,0.020158474496634,0.028883784353386,"Benjamini-Hochberg",96,20260729
"MOTRPAC-HUMAN-ACUTE","MoTrPAC","post-exercise / pre-exercise","MOTRPAC-HUMAN-ACUTE_feature_079",NA,-0.666351969195586,0.00201009932586917,0.00618434838699111,"Benjamini-Hochberg",96,20260729
"MOTRPAC-HUMAN-ACUTE","MoTrPAC","post-exercise / pre-exercise","MOTRPAC-HUMAN-ACUTE_feature_080",NA,1.20625254030536,8.94553337645959e-05,0.00250107279211378,"Benjamini-Hochberg",96,20260729
"MOTRPAC-HUMAN-ACUTE","MoTrPAC","post-exercise / pre-exercise","MOTRPAC-HUMAN-ACUTE_feature_081",NA,-0.879731668203223,0.00141491615574377,0.00550751284385309,"Benjamini-Hochberg",96,20260729
"MOTRPAC-HUMAN-ACUTE","MoTrPAC","post-exercise / pre-exercise","MOTRPAC-HUMAN-ACUTE_feature_082",NA,-0.761945416904665,0.000166622007648141,0.00250107279211378,"Benjamini-Hochberg",96,20260729
"MOTRPAC-HUMAN-ACUTE","MoTrPAC","post-exercise / pre-exercise","MOTRPAC-HUMAN-ACUTE_feature_083",NA,0.9303308815869,0.00133532428755717,0.00550751284385309,"Benjamini-Hochberg",96,20260729
"MOTRPAC-HUMAN-ACUTE","MoTrPAC","post-exercise / pre-exercise","MOTRPAC-HUMAN-ACUTE_feature_084",NA,-0.7367073129331,0.00149161806187688,0.00550751284385309,"Benjamini-Hochberg",96,20260729
"MOTRPAC-HUMAN-TRAINING","MoTrPAC","week 8 / baseline","Leucine","Leucine",0.473650639764099,0.00126598654646619,0.00450128549854645,"Benjamini-Hochberg",96,20260729
"MOTRPAC-HUMAN-TRAINING","MoTrPAC","week 8 / baseline","Lactate","Lactate",0.510914426502046,0.000374315601823795,0.00189127883026759,"Benjamini-Hochberg",96,20260729
"MOTRPAC-HUMAN-TRAINING","MoTrPAC","week 8 / baseline","Citrate","Citrate",0.421441858214344,0.00745657357743386,0.0140359032045814,"Benjamini-Hochberg",96,20260729
"MOTRPAC-HUMAN-TRAINING","MoTrPAC","week 8 / baseline","Succinate","Succinate",1.22841801598066,7.22247942097262e-05,0.000866697530516714,"Benjamini-Hochberg",96,20260729
"MOTRPAC-HUMAN-TRAINING","MoTrPAC","week 8 / baseline","Pyruvate","Pyruvate",0.390188466968816,0.020787273949738,0.0289214246257224,"Benjamini-Hochberg",96,20260729
"MOTRPAC-HUMAN-TRAINING","MoTrPAC","week 8 / baseline","Kynurenine","Kynurenine",-0.763628766093111,0.000366806066613469,0.00189127883026759,"Benjamini-Hochberg",96,20260729
"MOTRPAC-HUMAN-TRAINING","MoTrPAC","week 8 / baseline","Tryptophan","Tryptophan",0.367188177835171,0.00676309415490902,0.013058310260664,"Benjamini-Hochberg",96,20260729
"MOTRPAC-HUMAN-TRAINING","MoTrPAC","week 8 / baseline","CAR 2:0","CAR 2:0",0.75044646982538,0.000885689097283539,0.00354275638913416,"Benjamini-Hochberg",96,20260729
"MOTRPAC-HUMAN-TRAINING","MoTrPAC","week 8 / baseline","CAR 4:0;OH","CAR 4:0;OH",0.958432319439414,0.000347603933856978,0.00189127883026759,"Benjamini-Hochberg",96,20260729
"MOTRPAC-HUMAN-TRAINING","MoTrPAC","week 8 / baseline","Alanine","Alanine",0.428197927272937,0.0221930075340639,0.0304361246181448,"Benjamini-Hochberg",96,20260729
"MOTRPAC-HUMAN-TRAINING","MoTrPAC","week 8 / baseline","Glutamine","Glutamine",0.646684153158387,0.00769776445579951,0.0142112574568606,"Benjamini-Hochberg",96,20260729
"MOTRPAC-HUMAN-TRAINING","MoTrPAC","week 8 / baseline","Malate","Malate",0.765151843739648,0.00112111910281447,0.00430509735480758,"Benjamini-Hochberg",96,20260729
"MOTRPAC-HUMAN-TRAINING","MoTrPAC","week 8 / baseline","MOTRPAC-HUMAN-TRAINING_feature_001",NA,-0.140417876698847,0.0113348395943563,0.0194311535903251,"Benjamini-Hochberg",96,20260729
"MOTRPAC-HUMAN-TRAINING","MoTrPAC","week 8 / baseline","MOTRPAC-HUMAN-TRAINING_feature_002",NA,0.602402891453063,0.00408246982596393,0.00933135960220326,"Benjamini-Hochberg",96,20260729
"MOTRPAC-HUMAN-TRAINING","MoTrPAC","week 8 / baseline","MOTRPAC-HUMAN-TRAINING_feature_003",NA,0.605020138211935,0.00619832097084102,0.013058310260664,"Benjamini-Hochberg",96,20260729
"MOTRPAC-HUMAN-TRAINING","MoTrPAC","week 8 / baseline","MOTRPAC-HUMAN-TRAINING_feature_004",NA,-0.581120255954672,0.00995369787703839,0.0176954628925127,"Benjamini-Hochberg",96,20260729
"MOTRPAC-HUMAN-TRAINING","MoTrPAC","week 8 / baseline","MOTRPAC-HUMAN-TRAINING_feature_005",NA,-0.667573102263529,0.00391473765432162,0.00916621499548476,"Benjamini-Hochberg",96,20260729
"MOTRPAC-HUMAN-TRAINING","MoTrPAC","week 8 / baseline","MOTRPAC-HUMAN-TRAINING_feature_006",NA,0.933947282870724,0.00081876731197121,0.00341746356301027,"Benjamini-Hochberg",96,20260729
"MOTRPAC-HUMAN-TRAINING","MoTrPAC","week 8 / baseline","MOTRPAC-HUMAN-TRAINING_feature_007",NA,1.41969914065479,1.4700723384237e-05,0.000289353064134807,"Benjamini-Hochberg",96,20260729
"MOTRPAC-HUMAN-TRAINING","MoTrPAC","week 8 / baseline","MOTRPAC-HUMAN-TRAINING_feature_008",NA,-0.687882165350339,0.000144571713970334,0.00138788845411521,"Benjamini-Hochberg",96,20260729
"MOTRPAC-HUMAN-TRAINING","MoTrPAC","week 8 / baseline","MOTRPAC-HUMAN-TRAINING_feature_009",NA,-0.192423197234053,0.0697484512859636,0.080672907511476,"Benjamini-Hochberg",96,20260729
"MOTRPAC-HUMAN-TRAINING","MoTrPAC","week 8 / baseline","MOTRPAC-HUMAN-TRAINING_feature_010",NA,0.803514264159809,0.00178726472744709,0.00519931557075516,"Benjamini-Hochberg",96,20260729
"MOTRPAC-HUMAN-TRAINING","MoTrPAC","week 8 / baseline","MOTRPAC-HUMAN-TRAINING_feature_011",NA,-1.06329001378905,0.00020952278739959,0.00154846306173511,"Benjamini-Hochberg",96,20260729
"MOTRPAC-HUMAN-TRAINING","MoTrPAC","week 8 / baseline","MOTRPAC-HUMAN-TRAINING_feature_012",NA,0.104235500747409,0.000207888573807233,0.00154846306173511,"Benjamini-Hochberg",96,20260729
"MOTRPAC-HUMAN-TRAINING","MoTrPAC","week 8 / baseline","MOTRPAC-HUMAN-TRAINING_feature_013",NA,0.00814648078988129,0.0905037600926206,0.102216011398724,"Benjamini-Hochberg",96,20260729
"MOTRPAC-HUMAN-TRAINING","MoTrPAC","week 8 / baseline","MOTRPAC-HUMAN-TRAINING_feature_014",NA,0.822660498297456,0.00152706913850457,0.00494597341670621,"Benjamini-Hochberg",96,20260729
"MOTRPAC-HUMAN-TRAINING","MoTrPAC","week 8 / baseline","MOTRPAC-HUMAN-TRAINING_feature_015",NA,1.00089922966017,0.000468916794452622,0.00214361963178341,"Benjamini-Hochberg",96,20260729
"MOTRPAC-HUMAN-TRAINING","MoTrPAC","week 8 / baseline","MOTRPAC-HUMAN-TRAINING_feature_016",NA,0.0722045647439538,0.0900282449584812,0.102216011398724,"Benjamini-Hochberg",96,20260729
"MOTRPAC-HUMAN-TRAINING","MoTrPAC","week 8 / baseline","MOTRPAC-HUMAN-TRAINING_feature_017",NA,-0.193067379832551,0.00186924738614919,0.00527787497265653,"Benjamini-Hochberg",96,20260729
"MOTRPAC-HUMAN-TRAINING","MoTrPAC","week 8 / baseline","MOTRPAC-HUMAN-TRAINING_feature_018",NA,-0.857188309323891,0.00165018927914287,0.00507890000202232,"Benjamini-Hochberg",96,20260729
"MOTRPAC-HUMAN-TRAINING","MoTrPAC","week 8 / baseline","MOTRPAC-HUMAN-TRAINING_feature_019",NA,-0.177092815292454,0.0490342234339758,0.0595858917678694,"Benjamini-Hochberg",96,20260729
"MOTRPAC-HUMAN-TRAINING","MoTrPAC","week 8 / baseline","MOTRPAC-HUMAN-TRAINING_feature_020",NA,-0.0109146948680067,0.132630743435269,0.143062374941413,"Benjamini-Hochberg",96,20260729
"MOTRPAC-HUMAN-TRAINING","MoTrPAC","week 8 / baseline","MOTRPAC-HUMAN-TRAINING_feature_021",NA,0.405896240870592,0.0235695436099656,0.0318686786838971,"Benjamini-Hochberg",96,20260729
"MOTRPAC-HUMAN-TRAINING","MoTrPAC","week 8 / baseline","MOTRPAC-HUMAN-TRAINING_feature_022",NA,-0.0123717863715738,0.226907708729079,0.229296210926227,"Benjamini-Hochberg",96,20260729
"MOTRPAC-HUMAN-TRAINING","MoTrPAC","week 8 / baseline","MOTRPAC-HUMAN-TRAINING_feature_023",NA,-0.525682896279725,0.0104698720874074,0.0182746858252928,"Benjamini-Hochberg",96,20260729
"MOTRPAC-HUMAN-TRAINING","MoTrPAC","week 8 / baseline","MOTRPAC-HUMAN-TRAINING_feature_024",NA,1.05394338616054,1.3010960868991e-05,0.000289353064134807,"Benjamini-Hochberg",96,20260729
"MOTRPAC-HUMAN-TRAINING","MoTrPAC","week 8 / baseline","MOTRPAC-HUMAN-TRAINING_feature_025",NA,0.04510115610627,0.260208431803592,0.260208431803592,"Benjamini-Hochberg",96,20260729
"MOTRPAC-HUMAN-TRAINING","MoTrPAC","week 8 / baseline","MOTRPAC-HUMAN-TRAINING_feature_026",NA,0.866697512638491,0.000801259300804533,0.00341746356301027,"Benjamini-Hochberg",96,20260729
"MOTRPAC-HUMAN-TRAINING","MoTrPAC","week 8 / baseline","MOTRPAC-HUMAN-TRAINING_feature_027",NA,-0.015863222246163,0.0475051502755529,0.0584678772622189,"Benjamini-Hochberg",96,20260729
"MOTRPAC-HUMAN-TRAINING","MoTrPAC","week 8 / baseline","MOTRPAC-HUMAN-TRAINING_feature_028",NA,-0.18735578744421,0.0139186221794012,0.0212093290352781,"Benjamini-Hochberg",96,20260729
"MOTRPAC-HUMAN-TRAINING","MoTrPAC","week 8 / baseline","MOTRPAC-HUMAN-TRAINING_feature_029",NA,0.188869184959089,0.111158144210013,0.122657262576566,"Benjamini-Hochberg",96,20260729
"MOTRPAC-HUMAN-TRAINING","MoTrPAC","week 8 / baseline","MOTRPAC-HUMAN-TRAINING_feature_030",NA,1.61828044461453,1.34438791413498e-05,0.000289353064134807,"Benjamini-Hochberg",96,20260729
"MOTRPAC-HUMAN-TRAINING","MoTrPAC","week 8 / baseline","MOTRPAC-HUMAN-TRAINING_feature_031",NA,-0.160642120767096,0.0322758377738749,0.0413130723505599,"Benjamini-Hochberg",96,20260729
"MOTRPAC-HUMAN-TRAINING","MoTrPAC","week 8 / baseline","MOTRPAC-HUMAN-TRAINING_feature_032",NA,-0.0883161741551996,0.0563275857477898,0.0667586201455287,"Benjamini-Hochberg",96,20260729
"MOTRPAC-HUMAN-TRAINING","MoTrPAC","week 8 / baseline","MOTRPAC-HUMAN-TRAINING_feature_033",NA,0.0345678787482389,0.136769323622959,0.145887278531156,"Benjamini-Hochberg",96,20260729
"MOTRPAC-HUMAN-TRAINING","MoTrPAC","week 8 / baseline","MOTRPAC-HUMAN-TRAINING_feature_034",NA,0.0869005744569045,0.0136664079707509,0.0211608897611627,"Benjamini-Hochberg",96,20260729
"MOTRPAC-HUMAN-TRAINING","MoTrPAC","week 8 / baseline","MOTRPAC-HUMAN-TRAINING_feature_035",NA,-0.81897082477887,0.00116637767665391,0.00430662526764522,"Benjamini-Hochberg",96,20260729
"MOTRPAC-HUMAN-TRAINING","MoTrPAC","week 8 / baseline","MOTRPAC-HUMAN-TRAINING_feature_036",NA,0.189680138178357,0.0149357354718539,0.0220589323891996,"Benjamini-Hochberg",96,20260729
"MOTRPAC-HUMAN-TRAINING","MoTrPAC","week 8 / baseline","MOTRPAC-HUMAN-TRAINING_feature_037",NA,0.297604888160815,0.0589476773715169,0.069011914971532,"Benjamini-Hochberg",96,20260729
"MOTRPAC-HUMAN-TRAINING","MoTrPAC","week 8 / baseline","MOTRPAC-HUMAN-TRAINING_feature_038",NA,0.289113721762051,0.0416570217005754,0.0519360270552628,"Benjamini-Hochberg",96,20260729
"MOTRPAC-HUMAN-TRAINING","MoTrPAC","week 8 / baseline","MOTRPAC-HUMAN-TRAINING_feature_039",NA,0.578065726283415,0.00154561669272069,0.00494597341670621,"Benjamini-Hochberg",96,20260729
"MOTRPAC-HUMAN-TRAINING","MoTrPAC","week 8 / baseline","MOTRPAC-HUMAN-TRAINING_feature_040",NA,0.386359276873134,0.00274408791604107,0.0071197956740525,"Benjamini-Hochberg",96,20260729
"MOTRPAC-HUMAN-TRAINING","MoTrPAC","week 8 / baseline","MOTRPAC-HUMAN-TRAINING_feature_041",NA,-0.678552469771543,0.00169296666734077,0.00507890000202232,"Benjamini-Hochberg",96,20260729
"MOTRPAC-HUMAN-TRAINING","MoTrPAC","week 8 / baseline","MOTRPAC-HUMAN-TRAINING_feature_042",NA,0.534899602791232,0.00319895332083637,0.00808156628421819,"Benjamini-Hochberg",96,20260729
"MOTRPAC-HUMAN-TRAINING","MoTrPAC","week 8 / baseline","MOTRPAC-HUMAN-TRAINING_feature_043",NA,0.424818582700124,0.00248912925769991,0.00663767802053308,"Benjamini-Hochberg",96,20260729
"MOTRPAC-HUMAN-TRAINING","MoTrPAC","week 8 / baseline","MOTRPAC-HUMAN-TRAINING_feature_044",NA,-0.924320991801201,0.000306250211016673,0.00189127883026759,"Benjamini-Hochberg",96,20260729
"MOTRPAC-HUMAN-TRAINING","MoTrPAC","week 8 / baseline","MOTRPAC-HUMAN-TRAINING_feature_045",NA,-1.12064705582274,5.2346014021308e-05,0.000717888192292224,"Benjamini-Hochberg",96,20260729
"MOTRPAC-HUMAN-TRAINING","MoTrPAC","week 8 / baseline","MOTRPAC-HUMAN-TRAINING_feature_046",NA,-0.716149271467366,0.00223011396162867,0.00611688400903863,"Benjamini-Hochberg",96,20260729
"MOTRPAC-HUMAN-TRAINING","MoTrPAC","week 8 / baseline","MOTRPAC-HUMAN-TRAINING_feature_047",NA,-0.0307289436828763,0.156963483828941,0.165587851072289,"Benjamini-Hochberg",96,20260729
"MOTRPAC-HUMAN-TRAINING","MoTrPAC","week 8 / baseline","MOTRPAC-HUMAN-TRAINING_feature_048",NA,0.221657709347225,0.0290913635190228,0.0382571355866601,"Benjamini-Hochberg",96,20260729
"MOTRPAC-HUMAN-TRAINING","MoTrPAC","week 8 / baseline","MOTRPAC-HUMAN-TRAINING_feature_049",NA,0.447544244182495,0.0179243534484611,0.025304969574298,"Benjamini-Hochberg",96,20260729
"MOTRPAC-HUMAN-TRAINING","MoTrPAC","week 8 / baseline","MOTRPAC-HUMAN-TRAINING_feature_050",NA,0.0430055335513637,0.0033887955656633,0.0081391559864561,"Benjamini-Hochberg",96,20260729
"MOTRPAC-HUMAN-TRAINING","MoTrPAC","week 8 / baseline","MOTRPAC-HUMAN-TRAINING_feature_051",NA,0.777580756566884,0.00339131499435671,0.0081391559864561,"Benjamini-Hochberg",96,20260729
"MOTRPAC-HUMAN-TRAINING","MoTrPAC","week 8 / baseline","MOTRPAC-HUMAN-TRAINING_feature_052",NA,0.214090781233902,0.0387152204482634,0.0489034363557011,"Benjamini-Hochberg",96,20260729
"MOTRPAC-HUMAN-TRAINING","MoTrPAC","week 8 / baseline","MOTRPAC-HUMAN-TRAINING_feature_053",NA,0.262135893011225,0.0301227938898945,0.0390782191004037,"Benjamini-Hochberg",96,20260729
"MOTRPAC-HUMAN-TRAINING","MoTrPAC","week 8 / baseline","MOTRPAC-HUMAN-TRAINING_feature_054",NA,-0.517874525793852,0.012259561480882,0.020647682494117,"Benjamini-Hochberg",96,20260729
"MOTRPAC-HUMAN-TRAINING","MoTrPAC","week 8 / baseline","MOTRPAC-HUMAN-TRAINING_feature_055",NA,-0.798146639087198,1.50704720903545e-05,0.000289353064134807,"Benjamini-Hochberg",96,20260729
"MOTRPAC-HUMAN-TRAINING","MoTrPAC","week 8 / baseline","MOTRPAC-HUMAN-TRAINING_feature_056",NA,-0.592034022454019,0.00665674569618876,0.013058310260664,"Benjamini-Hochberg",96,20260729
"MOTRPAC-HUMAN-TRAINING","MoTrPAC","week 8 / baseline","MOTRPAC-HUMAN-TRAINING_feature_057",NA,-0.164883836863215,0.100120925086175,0.111762893119451,"Benjamini-Hochberg",96,20260729
"MOTRPAC-HUMAN-TRAINING","MoTrPAC","week 8 / baseline","MOTRPAC-HUMAN-TRAINING_feature_058",NA,-0.835796176227422,2.70029074133116e-06,0.000259227911167791,"Benjamini-Hochberg",96,20260729
"MOTRPAC-HUMAN-TRAINING","MoTrPAC","week 8 / baseline","MOTRPAC-HUMAN-TRAINING_feature_059",NA,-0.239876672757331,0.000434263243349805,0.00208446356807907,"Benjamini-Hochberg",96,20260729
"MOTRPAC-HUMAN-TRAINING","MoTrPAC","week 8 / baseline","MOTRPAC-HUMAN-TRAINING_feature_060",NA,-0.565461505168759,0.00977406885300206,0.0176954628925127,"Benjamini-Hochberg",96,20260729
"MOTRPAC-HUMAN-TRAINING","MoTrPAC","week 8 / baseline","MOTRPAC-HUMAN-TRAINING_feature_061",NA,0.527959371687399,0.0136159691195196,0.0211608897611627,"Benjamini-Hochberg",96,20260729
"MOTRPAC-HUMAN-TRAINING","MoTrPAC","week 8 / baseline","MOTRPAC-HUMAN-TRAINING_feature_062",NA,-0.847743566687187,0.00137987929011201,0.00473101470895546,"Benjamini-Hochberg",96,20260729
"MOTRPAC-HUMAN-TRAINING","MoTrPAC","week 8 / baseline","MOTRPAC-HUMAN-TRAINING_feature_063",NA,0.0726900259292941,0.126839243810505,0.138370084156915,"Benjamini-Hochberg",96,20260729
"MOTRPAC-HUMAN-TRAINING","MoTrPAC","week 8 / baseline","MOTRPAC-HUMAN-TRAINING_feature_064",NA,-0.851742779429857,0.00020968770627663,0.00154846306173511,"Benjamini-Hochberg",96,20260729
"MOTRPAC-HUMAN-TRAINING","MoTrPAC","week 8 / baseline","MOTRPAC-HUMAN-TRAINING_feature_065",NA,0.496182496242417,0.00666212746477447,0.013058310260664,"Benjamini-Hochberg",96,20260729
"MOTRPAC-HUMAN-TRAINING","MoTrPAC","week 8 / baseline","MOTRPAC-HUMAN-TRAINING_feature_066",NA,0.0971265131648599,0.188364421424204,0.193582781646923,"Benjamini-Hochberg",96,20260729
"MOTRPAC-HUMAN-TRAINING","MoTrPAC","week 8 / baseline","MOTRPAC-HUMAN-TRAINING_feature_067",NA,-0.437411186998603,0.00531236795388571,0.0115906209902961,"Benjamini-Hochberg",96,20260729
"MOTRPAC-HUMAN-TRAINING","MoTrPAC","week 8 / baseline","MOTRPAC-HUMAN-TRAINING_feature_068",NA,-0.0189510035633654,0.189549807029279,0.193582781646923,"Benjamini-Hochberg",96,20260729
"MOTRPAC-HUMAN-TRAINING","MoTrPAC","week 8 / baseline","MOTRPAC-HUMAN-TRAINING_feature_069",NA,0.302826791044862,0.0531802805900543,0.0638163367080651,"Benjamini-Hochberg",96,20260729
"MOTRPAC-HUMAN-TRAINING","MoTrPAC","week 8 / baseline","MOTRPAC-HUMAN-TRAINING_feature_070",NA,-0.508400445267034,0.0068012032607625,0.013058310260664,"Benjamini-Hochberg",96,20260729
"MOTRPAC-HUMAN-TRAINING","MoTrPAC","week 8 / baseline","MOTRPAC-HUMAN-TRAINING_feature_071",NA,0.279624201198716,0.0169473964744656,0.0242828367395328,"Benjamini-Hochberg",96,20260729
"MOTRPAC-HUMAN-TRAINING","MoTrPAC","week 8 / baseline","MOTRPAC-HUMAN-TRAINING_feature_072",NA,-0.663016316122305,0.00656695245038808,0.013058310260664,"Benjamini-Hochberg",96,20260729
"MOTRPAC-HUMAN-TRAINING","MoTrPAC","week 8 / baseline","MOTRPAC-HUMAN-TRAINING_feature_073",NA,-0.749613601530097,0.000352927965041697,0.00189127883026759,"Benjamini-Hochberg",96,20260729
"MOTRPAC-HUMAN-TRAINING","MoTrPAC","week 8 / baseline","MOTRPAC-HUMAN-TRAINING_feature_074",NA,0.38986815777137,0.0272314380442225,0.0363085840589633,"Benjamini-Hochberg",96,20260729
"MOTRPAC-HUMAN-TRAINING","MoTrPAC","week 8 / baseline","MOTRPAC-HUMAN-TRAINING_feature_075",NA,-1.0384556437446,0.000312052213731881,0.00189127883026759,"Benjamini-Hochberg",96,20260729
"MOTRPAC-HUMAN-TRAINING","MoTrPAC","week 8 / baseline","MOTRPAC-HUMAN-TRAINING_feature_076",NA,-0.42572140727601,0.00012947560983376,0.00138107317156011,"Benjamini-Hochberg",96,20260729
"MOTRPAC-HUMAN-TRAINING","MoTrPAC","week 8 / baseline","MOTRPAC-HUMAN-TRAINING_feature_077",NA,0.087682644955884,0.175845633129119,0.18349109543908,"Benjamini-Hochberg",96,20260729
"MOTRPAC-HUMAN-TRAINING","MoTrPAC","week 8 / baseline","MOTRPAC-HUMAN-TRAINING_feature_078",NA,0.431172545574449,0.0131152356861013,0.0211608897611627,"Benjamini-Hochberg",96,20260729
"MOTRPAC-HUMAN-TRAINING","MoTrPAC","week 8 / baseline","MOTRPAC-HUMAN-TRAINING_feature_079",NA,-0.45140980701602,0.0132597716214495,0.0211608897611627,"Benjamini-Hochberg",96,20260729
"MOTRPAC-HUMAN-TRAINING","MoTrPAC","week 8 / baseline","MOTRPAC-HUMAN-TRAINING_feature_080",NA,-0.169558575047604,0.0154136939441437,0.022419918464209,"Benjamini-Hochberg",96,20260729
"MOTRPAC-HUMAN-TRAINING","MoTrPAC","week 8 / baseline","MOTRPAC-HUMAN-TRAINING_feature_081",NA,0.709277358840342,0.00514437478957481,0.0114851158092833,"Benjamini-Hochberg",96,20260729
"MOTRPAC-HUMAN-TRAINING","MoTrPAC","week 8 / baseline","MOTRPAC-HUMAN-TRAINING_feature_082",NA,1.30205260563928,3.29741215549112e-05,0.000527585944878579,"Benjamini-Hochberg",96,20260729
"MOTRPAC-HUMAN-TRAINING","MoTrPAC","week 8 / baseline","MOTRPAC-HUMAN-TRAINING_feature_083",NA,0.479653871892923,0.0148539230263595,0.0220589323891996,"Benjamini-Hochberg",96,20260729
"MOTRPAC-HUMAN-TRAINING","MoTrPAC","week 8 / baseline","MOTRPAC-HUMAN-TRAINING_feature_084",NA,-0.447585955278429,0.013210499938833,0.0211608897611627,"Benjamini-Hochberg",96,20260729
"ST004303","Metabolomics Workbench","post-exercise / pre-exercise","Leucine","Leucine",1.59059316660913,1.95873525151541e-05,0.000470096460363699,"Benjamini-Hochberg",96,20260729
"ST004303","Metabolomics Workbench","post-exercise / pre-exercise","Lactate","Lactate",1.15792895294865,0.000315854835860329,0.00275655129478105,"Benjamini-Hochberg",96,20260729
"ST004303","Metabolomics Workbench","post-exercise / pre-exercise","Citrate","Citrate",-1.3869801401131,1.84949616192888e-05,0.000470096460363699,"Benjamini-Hochberg",96,20260729
"ST004303","Metabolomics Workbench","post-exercise / pre-exercise","Succinate","Succinate",0.638854186012539,0.00524605457327867,0.0148123893833751,"Benjamini-Hochberg",96,20260729
"ST004303","Metabolomics Workbench","post-exercise / pre-exercise","Pyruvate","Pyruvate",0.647454373172899,0.00138587218182759,0.00700230155028679,"Benjamini-Hochberg",96,20260729
"ST004303","Metabolomics Workbench","post-exercise / pre-exercise","Kynurenine","Kynurenine",-0.854287305658658,0.000199705850933582,0.00191717616896239,"Benjamini-Hochberg",96,20260729
"ST004303","Metabolomics Workbench","post-exercise / pre-exercise","Tryptophan","Tryptophan",-0.379777361355171,0.000735033711091397,0.00489556817260826,"Benjamini-Hochberg",96,20260729
"ST004303","Metabolomics Workbench","post-exercise / pre-exercise","CAR 2:0","CAR 2:0",1.2390349194652,4.40623342567078e-05,0.000845996817728789,"Benjamini-Hochberg",96,20260729
"ST004303","Metabolomics Workbench","post-exercise / pre-exercise","CAR 4:0;OH","CAR 4:0;OH",0.624089716421163,0.00630973391806787,0.0163413105259399,"Benjamini-Hochberg",96,20260729
"ST004303","Metabolomics Workbench","post-exercise / pre-exercise","Alanine","Alanine",0.696692243961551,0.00520842846179948,0.0148123893833751,"Benjamini-Hochberg",96,20260729
"ST004303","Metabolomics Workbench","post-exercise / pre-exercise","Glutamine","Glutamine",-0.152078065669533,0.0609297082032676,0.0729373477979517,"Benjamini-Hochberg",96,20260729
"ST004303","Metabolomics Workbench","post-exercise / pre-exercise","Malate","Malate",0.386698108641823,0.0064684354165179,0.0163413105259399,"Benjamini-Hochberg",96,20260729
"ST004303","Metabolomics Workbench","post-exercise / pre-exercise","ST004303_feature_001",NA,0.125809036114104,0.0482823559506225,0.0662158024465679,"Benjamini-Hochberg",96,20260729
"ST004303","Metabolomics Workbench","post-exercise / pre-exercise","ST004303_feature_002",NA,0.748255725086919,0.0021875776097892,0.00807720963614475,"Benjamini-Hochberg",96,20260729
"ST004303","Metabolomics Workbench","post-exercise / pre-exercise","ST004303_feature_003",NA,0.303709035155267,0.0046844099949989,0.0145065599845127,"Benjamini-Hochberg",96,20260729
"ST004303","Metabolomics Workbench","post-exercise / pre-exercise","ST004303_feature_004",NA,-0.146139195242592,0.055319869751362,0.0713430300540654,"Benjamini-Hochberg",96,20260729
"ST004303","Metabolomics Workbench","post-exercise / pre-exercise","ST004303_feature_005",NA,-0.241888260881026,0.0582164171453678,0.0725815070903287,"Benjamini-Hochberg",96,20260729
"ST004303","Metabolomics Workbench","post-exercise / pre-exercise","ST004303_feature_006",NA,0.0950475015539537,0.119277660706637,0.127229504753746,"Benjamini-Hochberg",96,20260729
"ST004303","Metabolomics Workbench","post-exercise / pre-exercise","ST004303_feature_007",NA,-0.182337541634803,0.0611427423637718,0.0729373477979517,"Benjamini-Hochberg",96,20260729
"ST004303","Metabolomics Workbench","post-exercise / pre-exercise","ST004303_feature_008",NA,0.30341903861435,0.0382723655952537,0.0556688954112781,"Benjamini-Hochberg",96,20260729
"ST004303","Metabolomics Workbench","post-exercise / pre-exercise","ST004303_feature_009",NA,0.169328626187731,0.107498903449788,0.115953873384041,"Benjamini-Hochberg",96,20260729
"ST004303","Metabolomics Workbench","post-exercise / pre-exercise","ST004303_feature_010",NA,0.405723790111259,0.02601882793802,0.0404477570549441,"Benjamini-Hochberg",96,20260729
"ST004303","Metabolomics Workbench","post-exercise / pre-exercise","ST004303_feature_011",NA,-1.09405515714192,0.000118267902655296,0.00126152429498983,"Benjamini-Hochberg",96,20260729
"ST004303","Metabolomics Workbench","post-exercise / pre-exercise","ST004303_feature_012",NA,0.0300547084812683,0.00183896621742807,0.00757033235861199,"Benjamini-Hochberg",96,20260729
"ST004303","Metabolomics Workbench","post-exercise / pre-exercise","ST004303_feature_013",NA,0.378476753988817,0.0229692710231001,0.0380181037623726,"Benjamini-Hochberg",96,20260729
"ST004303","Metabolomics Workbench","post-exercise / pre-exercise","ST004303_feature_014",NA,0.352031753711178,0.0154365894157265,0.0284983189213412,"Benjamini-Hochberg",96,20260729
"ST004303","Metabolomics Workbench","post-exercise / pre-exercise","ST004303_feature_015",NA,-0.0736516833087029,0.158703335699477,0.163822798141396,"Benjamini-Hochberg",96,20260729
"ST004303","Metabolomics Workbench","post-exercise / pre-exercise","ST004303_feature_016",NA,-0.226191358953049,0.0475314511982917,0.0661307147106668,"Benjamini-Hochberg",96,20260729
"ST004303","Metabolomics Workbench","post-exercise / pre-exercise","ST004303_feature_017",NA,-0.695910607219075,0.000525044129429016,0.0038772489557835,"Benjamini-Hochberg",96,20260729
"ST004303","Metabolomics Workbench","post-exercise / pre-exercise","ST004303_feature_018",NA,-0.0919675322380229,0.00738167243104507,0.0177160138345082,"Benjamini-Hochberg",96,20260729
"ST004303","Metabolomics Workbench","post-exercise / pre-exercise","ST004303_feature_019",NA,-0.955215377746201,0.000389387622126317,0.00311510097701054,"Benjamini-Hochberg",96,20260729
"ST004303","Metabolomics Workbench","post-exercise / pre-exercise","ST004303_feature_020",NA,-0.705414396352139,0.00337835022527279,0.0115829150580781,"Benjamini-Hochberg",96,20260729
"ST004303","Metabolomics Workbench","post-exercise / pre-exercise","ST004303_feature_021",NA,-0.0489496628530034,0.0557367422297386,0.0713430300540654,"Benjamini-Hochberg",96,20260729
"ST004303","Metabolomics Workbench","post-exercise / pre-exercise","ST004303_feature_022",NA,-0.543973932507368,0.00077136719358592,0.00489556817260826,"Benjamini-Hochberg",96,20260729
"ST004303","Metabolomics Workbench","post-exercise / pre-exercise","ST004303_feature_023",NA,-0.859330080430196,0.00187640722555511,0.00757033235861199,"Benjamini-Hochberg",96,20260729
"ST004303","Metabolomics Workbench","post-exercise / pre-exercise","ST004303_feature_024",NA,0.369114095733503,0.0357752295767526,0.0536628443651289,"Benjamini-Hochberg",96,20260729
"ST004303","Metabolomics Workbench","post-exercise / pre-exercise","ST004303_feature_025",NA,-0.134707251798203,0.0663673371646554,0.0767622212988785,"Benjamini-Hochberg",96,20260729
"ST004303","Metabolomics Workbench","post-exercise / pre-exercise","ST004303_feature_026",NA,-0.103077068940204,0.0495961925594347,0.0670596406437427,"Benjamini-Hochberg",96,20260729
"ST004303","Metabolomics Workbench","post-exercise / pre-exercise","ST004303_feature_027",NA,0.218269473946804,0.0869655346386326,0.097077806108241,"Benjamini-Hochberg",96,20260729
"ST004303","Metabolomics Workbench","post-exercise / pre-exercise","ST004303_feature_028",NA,0.265962054013757,0.00993097222340597,0.0207472700396401,"Benjamini-Hochberg",96,20260729
"ST004303","Metabolomics Workbench","post-exercise / pre-exercise","ST004303_feature_029",NA,-0.520786857845267,0.0143204329068362,0.0269561090011034,"Benjamini-Hochberg",96,20260729
"ST004303","Metabolomics Workbench","post-exercise / pre-exercise","ST004303_feature_030",NA,0.69135804256623,0.00547270731253504,0.0150108543429532,"Benjamini-Hochberg",96,20260729
"ST004303","Metabolomics Workbench","post-exercise / pre-exercise","ST004303_feature_031",NA,-0.306297604384644,0.0261225097646514,0.0404477570549441,"Benjamini-Hochberg",96,20260729
"ST004303","Metabolomics Workbench","post-exercise / pre-exercise","ST004303_feature_032",NA,-0.375246960173875,0.00673660050455372,0.0165824012419784,"Benjamini-Hochberg",96,20260729
"ST004303","Metabolomics Workbench","post-exercise / pre-exercise","ST004303_feature_033",NA,-0.0555887218344355,0.208853866496424,0.211052328249018,"Benjamini-Hochberg",96,20260729
"ST004303","Metabolomics Workbench","post-exercise / pre-exercise","ST004303_feature_034",NA,-0.0789094561560599,0.0973123183827586,0.106158892781191,"Benjamini-Hochberg",96,20260729
"ST004303","Metabolomics Workbench","post-exercise / pre-exercise","ST004303_feature_035",NA,-0.855904526768805,0.001892583089653,0.00757033235861199,"Benjamini-Hochberg",96,20260729
"ST004303","Metabolomics Workbench","post-exercise / pre-exercise","ST004303_feature_036",NA,0.0466206744529592,0.0812739183315437,0.0917917195273905,"Benjamini-Hochberg",96,20260729
"ST004303","Metabolomics Workbench","post-exercise / pre-exercise","ST004303_feature_037",NA,0.00918386159158235,0.326440876408602,0.326440876408602,"Benjamini-Hochberg",96,20260729
"ST004303","Metabolomics Workbench","post-exercise / pre-exercise","ST004303_feature_038",NA,-0.36891391576631,0.0223900013613477,0.0380181037623726,"Benjamini-Hochberg",96,20260729
"ST004303","Metabolomics Workbench","post-exercise / pre-exercise","ST004303_feature_039",NA,1.18050928014503,0.000115496830868085,0.00126152429498983,"Benjamini-Hochberg",96,20260729
"ST004303","Metabolomics Workbench","post-exercise / pre-exercise","ST004303_feature_040",NA,-0.283182553645123,0.0634880104565844,0.0743274268760012,"Benjamini-Hochberg",96,20260729
"ST004303","Metabolomics Workbench","post-exercise / pre-exercise","ST004303_feature_041",NA,-0.253932027578489,0.0400823282040444,0.0574313956356456,"Benjamini-Hochberg",96,20260729
"ST004303","Metabolomics Workbench","post-exercise / pre-exercise","ST004303_feature_042",NA,-0.0293150026636161,0.186004486595458,0.189962028863446,"Benjamini-Hochberg",96,20260729
"ST004303","Metabolomics Workbench","post-exercise / pre-exercise","ST004303_feature_043",NA,0.648988963274873,0.00117164295494216,0.00624876242635817,"Benjamini-Hochberg",96,20260729
"ST004303","Metabolomics Workbench","post-exercise / pre-exercise","ST004303_feature_044",NA,0.326156920161039,0.0100539656278142,0.0207472700396401,"Benjamini-Hochberg",96,20260729
"ST004303","Metabolomics Workbench","post-exercise / pre-exercise","ST004303_feature_045",NA,0.104380087022673,0.124263193263528,0.131090841245041,"Benjamini-Hochberg",96,20260729
"ST004303","Metabolomics Workbench","post-exercise / pre-exercise","ST004303_feature_046",NA,-0.343657843279434,0.00513438466857492,0.0148123893833751,"Benjamini-Hochberg",96,20260729
"ST004303","Metabolomics Workbench","post-exercise / pre-exercise","ST004303_feature_047",NA,0.447385617672425,0.00272388919169038,0.00968493934823247,"Benjamini-Hochberg",96,20260729
"ST004303","Metabolomics Workbench","post-exercise / pre-exercise","ST004303_feature_048",NA,0.381290853690536,0.0130767580530004,0.0259272958844615,"Benjamini-Hochberg",96,20260729
"ST004303","Metabolomics Workbench","post-exercise / pre-exercise","ST004303_feature_049",NA,-0.445024715058495,0.0248443383772863,0.0397509414036581,"Benjamini-Hochberg",96,20260729
"ST004303","Metabolomics Workbench","post-exercise / pre-exercise","ST004303_feature_050",NA,0.207352658111831,0.0916574718952543,0.101139279332694,"Benjamini-Hochberg",96,20260729
"ST004303","Metabolomics Workbench","post-exercise / pre-exercise","ST004303_feature_051",NA,0.301033293803827,0.0547083445792222,0.0713430300540654,"Benjamini-Hochberg",96,20260729
"ST004303","Metabolomics Workbench","post-exercise / pre-exercise","ST004303_feature_052",NA,-0.417415656076269,0.0182383835135774,0.0318342694055169,"Benjamini-Hochberg",96,20260729
"ST004303","Metabolomics Workbench","post-exercise / pre-exercise","ST004303_feature_053",NA,1.06786238515902,8.17607217110003e-05,0.00112128989775086,"Benjamini-Hochberg",96,20260729
"ST004303","Metabolomics Workbench","post-exercise / pre-exercise","ST004303_feature_054",NA,0.244167578200945,0.0696565653007939,0.0796075032009073,"Benjamini-Hochberg",96,20260729
"ST004303","Metabolomics Workbench","post-exercise / pre-exercise","ST004303_feature_055",NA,-0.2461483127456,0.054809640784459,0.0713430300540654,"Benjamini-Hochberg",96,20260729
"ST004303","Metabolomics Workbench","post-exercise / pre-exercise","ST004303_feature_056",NA,-1.01224575068295,1.5218085180195e-05,0.000470096460363699,"Benjamini-Hochberg",96,20260729
"ST004303","Metabolomics Workbench","post-exercise / pre-exercise","ST004303_feature_057",NA,-0.577699443483334,0.0084072386980621,0.0187696491863712,"Benjamini-Hochberg",96,20260729
"ST004303","Metabolomics Workbench","post-exercise / pre-exercise","ST004303_feature_058",NA,-0.0883411586849916,0.144826717199342,0.151123530990618,"Benjamini-Hochberg",96,20260729
"ST004303","Metabolomics Workbench","post-exercise / pre-exercise","ST004303_feature_059",NA,0.189807689332947,0.0591126739611846,0.0727540602599195,"Benjamini-Hochberg",96,20260729
"ST004303","Metabolomics Workbench","post-exercise / pre-exercise","ST004303_feature_060",NA,-0.206049914237674,0.0569323628951292,0.0719145636570052,"Benjamini-Hochberg",96,20260729
"ST004303","Metabolomics Workbench","post-exercise / pre-exercise","ST004303_feature_061",NA,0.394987730159043,0.022576764826863,0.0380181037623726,"Benjamini-Hochberg",96,20260729
"ST004303","Metabolomics Workbench","post-exercise / pre-exercise","ST004303_feature_062",NA,-0.336802784608,0.0285186408684956,0.043456976561517,"Benjamini-Hochberg",96,20260729
"ST004303","Metabolomics Workbench","post-exercise / pre-exercise","ST004303_feature_063",NA,2.15948433016188,8.34852515876168e-07,8.01458415241121e-05,"Benjamini-Hochberg",96,20260729
"ST004303","Metabolomics Workbench","post-exercise / pre-exercise","ST004303_feature_064",NA,0.304771224883578,0.024185886125129,0.0393533062374981,"Benjamini-Hochberg",96,20260729
"ST004303","Metabolomics Workbench","post-exercise / pre-exercise","ST004303_feature_065",NA,-0.395465711098588,0.00890099762151784,0.019420358446948,"Benjamini-Hochberg",96,20260729
"ST004303","Metabolomics Workbench","post-exercise / pre-exercise","ST004303_feature_066",NA,-0.374278458102369,0.0377215105579401,0.0556688954112781,"Benjamini-Hochberg",96,20260729
"ST004303","Metabolomics Workbench","post-exercise / pre-exercise","ST004303_feature_067",NA,0.302383185864669,0.00350584298317156,0.0116055491856714,"Benjamini-Hochberg",96,20260729
"ST004303","Metabolomics Workbench","post-exercise / pre-exercise","ST004303_feature_068",NA,-0.759805583951644,0.00381664812240719,0.012213273991703,"Benjamini-Hochberg",96,20260729
"ST004303","Metabolomics Workbench","post-exercise / pre-exercise","ST004303_feature_069",NA,-0.831230679269485,0.00168513452678351,0.00757033235861199,"Benjamini-Hochberg",96,20260729
"ST004303","Metabolomics Workbench","post-exercise / pre-exercise","ST004303_feature_070",NA,0.154486117243661,0.0615408872045218,0.0729373477979517,"Benjamini-Hochberg",96,20260729
"ST004303","Metabolomics Workbench","post-exercise / pre-exercise","ST004303_feature_071",NA,0.753093699932117,0.00148118282914882,0.00710967757991435,"Benjamini-Hochberg",96,20260729
"ST004303","Metabolomics Workbench","post-exercise / pre-exercise","ST004303_feature_072",NA,0.470596644436954,0.0141322654754821,0.0269561090011034,"Benjamini-Hochberg",96,20260729
"ST004303","Metabolomics Workbench","post-exercise / pre-exercise","ST004303_feature_073",NA,0.836084036534383,0.000866923530566046,0.00489556817260826,"Benjamini-Hochberg",96,20260729
"ST004303","Metabolomics Workbench","post-exercise / pre-exercise","ST004303_feature_074",NA,-0.240820256274882,0.0447516285312554,0.0631787696911841,"Benjamini-Hochberg",96,20260729
"ST004303","Metabolomics Workbench","post-exercise / pre-exercise","ST004303_feature_075",NA,0.32698365864884,0.0172566173867507,0.0312572692288315,"Benjamini-Hochberg",96,20260729
"ST004303","Metabolomics Workbench","post-exercise / pre-exercise","ST004303_feature_076",NA,0.22310830130334,0.00573938282529624,0.0153050208674566,"Benjamini-Hochberg",96,20260729
"ST004303","Metabolomics Workbench","post-exercise / pre-exercise","ST004303_feature_077",NA,0.439600811080024,0.0180971281772711,0.0318342694055169,"Benjamini-Hochberg",96,20260729
"ST004303","Metabolomics Workbench","post-exercise / pre-exercise","ST004303_feature_078",NA,-0.37319113389529,0.0132337239410272,0.0259272958844615,"Benjamini-Hochberg",96,20260729
"ST004303","Metabolomics Workbench","post-exercise / pre-exercise","ST004303_feature_079",NA,0.785166484376871,0.00209671375711461,0.00805138082732012,"Benjamini-Hochberg",96,20260729
"ST004303","Metabolomics Workbench","post-exercise / pre-exercise","ST004303_feature_080",NA,0.524536765833041,0.0101575176235738,0.0207472700396401,"Benjamini-Hochberg",96,20260729
"ST004303","Metabolomics Workbench","post-exercise / pre-exercise","ST004303_feature_081",NA,0.756660992056789,0.000815983514900014,0.00489556817260826,"Benjamini-Hochberg",96,20260729
"ST004303","Metabolomics Workbench","post-exercise / pre-exercise","ST004303_feature_082",NA,0.591194821574199,0.00834371202318222,0.0187696491863712,"Benjamini-Hochberg",96,20260729
"ST004303","Metabolomics Workbench","post-exercise / pre-exercise","ST004303_feature_083",NA,-1.11698787875655,5.70309800614492e-05,0.000912495680983188,"Benjamini-Hochberg",96,20260729
"ST004303","Metabolomics Workbench","post-exercise / pre-exercise","ST004303_feature_084",NA,-0.458860038729332,0.00778357060805419,0.0182249458139805,"Benjamini-Hochberg",96,20260729
"ST003807","Metabolomics Workbench","trained / baseline","Leucine","Leucine",0.672151354094238,0.00113686793446981,0.00629946704825068,"Benjamini-Hochberg",96,20260729
"ST003807","Metabolomics Workbench","trained / baseline","Lactate","Lactate",0.715647599079774,0.00117496111746029,0.00629946704825068,"Benjamini-Hochberg",96,20260729
"ST003807","Metabolomics Workbench","trained / baseline","Citrate","Citrate",0.469508694895292,0.00257503127215086,0.00749100006443887,"Benjamini-Hochberg",96,20260729
"ST003807","Metabolomics Workbench","trained / baseline","Succinate","Succinate",0.733474536737567,0.00381202646047638,0.00938344974886493,"Benjamini-Hochberg",96,20260729
"ST003807","Metabolomics Workbench","trained / baseline","Pyruvate","Pyruvate",0.244383654437757,0.0431223790338713,0.057757044014629,"Benjamini-Hochberg",96,20260729
"ST003807","Metabolomics Workbench","trained / baseline","Kynurenine","Kynurenine",-0.465046441036012,0.0182018404333386,0.0290144691867278,"Benjamini-Hochberg",96,20260729
"ST003807","Metabolomics Workbench","trained / baseline","Tryptophan","Tryptophan",0.494614094703768,0.0148571587783278,0.0254178591502104,"Benjamini-Hochberg",96,20260729
"ST003807","Metabolomics Workbench","trained / baseline","CAR 2:0","CAR 2:0",0.40540381013887,0.0226817710501751,0.0340226565752626,"Benjamini-Hochberg",96,20260729
"ST003807","Metabolomics Workbench","trained / baseline","CAR 4:0;OH","CAR 4:0;OH",1.25353317255391,2.31141359052676e-05,0.00160725300339767,"Benjamini-Hochberg",96,20260729
"ST003807","Metabolomics Workbench","trained / baseline","Alanine","Alanine",0.418965465559351,0.0178174462337642,0.0289910989566333,"Benjamini-Hochberg",96,20260729
"ST003807","Metabolomics Workbench","trained / baseline","Glutamine","Glutamine",0.498667997956736,0.00248641928250912,0.00749100006443887,"Benjamini-Hochberg",96,20260729
"ST003807","Metabolomics Workbench","trained / baseline","Malate","Malate",0.958707250286907,0.000239882839249684,0.00419235918309871,"Benjamini-Hochberg",96,20260729
"ST003807","Metabolomics Workbench","trained / baseline","ST003807_feature_001",NA,-0.0212631814394421,0.0933798290128204,0.103039811324492,"Benjamini-Hochberg",96,20260729
"ST003807","Metabolomics Workbench","trained / baseline","ST003807_feature_002",NA,0.271589327699234,0.00941649390427403,0.0184486411185777,"Benjamini-Hochberg",96,20260729
"ST003807","Metabolomics Workbench","trained / baseline","ST003807_feature_003",NA,0.0219135735227366,0.22065770883145,0.22065770883145,"Benjamini-Hochberg",96,20260729
"ST003807","Metabolomics Workbench","trained / baseline","ST003807_feature_004",NA,-0.779439487093534,0.00357962134153125,0.00907956192413412,"Benjamini-Hochberg",96,20260729
"ST003807","Metabolomics Workbench","trained / baseline","ST003807_feature_005",NA,-0.953520547033956,0.00100787834639122,0.00629946704825068,"Benjamini-Hochberg",96,20260729
"ST003807","Metabolomics Workbench","trained / baseline","ST003807_feature_006",NA,-0.215961756935025,0.0991823779412009,0.108198957754037,"Benjamini-Hochberg",96,20260729
"ST003807","Metabolomics Workbench","trained / baseline","ST003807_feature_007",NA,0.675501750173441,0.000470886448940067,0.00419235918309871,"Benjamini-Hochberg",96,20260729
"ST003807","Metabolomics Workbench","trained / baseline","ST003807_feature_008",NA,0.455721617674188,0.0150918538704374,0.0254178591502104,"Benjamini-Hochberg",96,20260729
"ST003807","Metabolomics Workbench","trained / baseline","ST003807_feature_009",NA,-0.836356030189931,0.00231520388067232,0.00749100006443887,"Benjamini-Hochberg",96,20260729
"ST003807","Metabolomics Workbench","trained / baseline","ST003807_feature_010",NA,0.655283434967916,0.000397517716078583,0.00419235918309871,"Benjamini-Hochberg",96,20260729
"ST003807","Metabolomics Workbench","trained / baseline","ST003807_feature_011",NA,-0.685029697690135,0.00305484912833281,0.00845947872251967,"Benjamini-Hochberg",96,20260729
"ST003807","Metabolomics Workbench","trained / baseline","ST003807_feature_012",NA,0.563615233822349,0.00124676951996628,0.00629946704825068,"Benjamini-Hochberg",96,20260729
"ST003807","Metabolomics Workbench","trained / baseline","ST003807_feature_013",NA,0.504186601793194,0.00840645435638893,0.018341354959394,"Benjamini-Hochberg",96,20260729
"ST003807","Metabolomics Workbench","trained / baseline","ST003807_feature_014",NA,0.372850141227924,0.0116844164944804,0.0219941957543161,"Benjamini-Hochberg",96,20260729
"ST003807","Metabolomics Workbench","trained / baseline","ST003807_feature_015",NA,-0.583152116619503,0.00880410188424815,0.0183651550719165,"Benjamini-Hochberg",96,20260729
"ST003807","Metabolomics Workbench","trained / baseline","ST003807_feature_016",NA,0.0712531035295196,0.121917672559543,0.128286065242773,"Benjamini-Hochberg",96,20260729
"ST003807","Metabolomics Workbench","trained / baseline","ST003807_feature_017",NA,0.407353268290878,0.0232817489682058,0.0343853523222731,"Benjamini-Hochberg",96,20260729
"ST003807","Metabolomics Workbench","trained / baseline","ST003807_feature_018",NA,0.00616358011621325,0.152526207082713,0.155771445531281,"Benjamini-Hochberg",96,20260729
"ST003807","Metabolomics Workbench","trained / baseline","ST003807_feature_019",NA,-0.342677904520774,0.0299236649091516,0.0433221767219528,"Benjamini-Hochberg",96,20260729
"ST003807","Metabolomics Workbench","trained / baseline","ST003807_feature_020",NA,0.407285255730953,0.00673286127974248,0.01538939721084,"Benjamini-Hochberg",96,20260729
"ST003807","Metabolomics Workbench","trained / baseline","ST003807_feature_021",NA,-0.26293680844063,0.0138458427921594,0.0246202193422082,"Benjamini-Hochberg",96,20260729
"ST003807","Metabolomics Workbench","trained / baseline","ST003807_feature_022",NA,0.350467477653516,0.00359399326163642,0.00907956192413412,"Benjamini-Hochberg",96,20260729
"ST003807","Metabolomics Workbench","trained / baseline","ST003807_feature_023",NA,0.126723761580449,0.128734412838055,0.132887135832831,"Benjamini-Hochberg",96,20260729
"ST003807","Metabolomics Workbench","trained / baseline","ST003807_feature_024",NA,0.107037078148343,0.0652601208809083,0.0793034380324962,"Benjamini-Hochberg",96,20260729
"ST003807","Metabolomics Workbench","trained / baseline","ST003807_feature_025",NA,-0.0720920154543382,0.0059336965019651,0.0142408716047162,"Benjamini-Hochberg",96,20260729
"ST003807","Metabolomics Workbench","trained / baseline","ST003807_feature_026",NA,-0.148871171818696,0.122940812524324,0.128286065242773,"Benjamini-Hochberg",96,20260729
"ST003807","Metabolomics Workbench","trained / baseline","ST003807_feature_027",NA,-0.0660411613394811,0.0427350171128818,0.057757044014629,"Benjamini-Hochberg",96,20260729
"ST003807","Metabolomics Workbench","trained / baseline","ST003807_feature_028",NA,-0.224096416946665,0.0553841505484716,0.0681651083673497,"Benjamini-Hochberg",96,20260729
"ST003807","Metabolomics Workbench","trained / baseline","ST003807_feature_029",NA,-0.929595989441062,0.00133785197563659,0.00642168948305564,"Benjamini-Hochberg",96,20260729
"ST003807","Metabolomics Workbench","trained / baseline","ST003807_feature_030",NA,0.0952742540440824,0.0695031498986386,0.0834037798783663,"Benjamini-Hochberg",96,20260729
"ST003807","Metabolomics Workbench","trained / baseline","ST003807_feature_031",NA,0.655471823941029,0.00237454987389099,0.00749100006443887,"Benjamini-Hochberg",96,20260729
"ST003807","Metabolomics Workbench","trained / baseline","ST003807_feature_032",NA,-0.217160451483678,0.0433177830109718,0.057757044014629,"Benjamini-Hochberg",96,20260729
"ST003807","Metabolomics Workbench","trained / baseline","ST003807_feature_033",NA,-0.117837154852641,0.0460655796494737,0.0589639419513264,"Benjamini-Hochberg",96,20260729
"ST003807","Metabolomics Workbench","trained / baseline","ST003807_feature_034",NA,0.167635013689751,0.00209585220633175,0.00749100006443887,"Benjamini-Hochberg",96,20260729
"ST003807","Metabolomics Workbench","trained / baseline","ST003807_feature_035",NA,0.579944498807082,0.000435943074315066,0.00419235918309871,"Benjamini-Hochberg",96,20260729
"ST003807","Metabolomics Workbench","trained / baseline","ST003807_feature_036",NA,-0.708892550413232,0.00179057926602826,0.00747372215385707,"Benjamini-Hochberg",96,20260729
"ST003807","Metabolomics Workbench","trained / baseline","ST003807_feature_037",NA,1.41667203124191,3.34844375707847e-05,0.00160725300339767,"Benjamini-Hochberg",96,20260729
"ST003807","Metabolomics Workbench","trained / baseline","ST003807_feature_038",NA,0.065727180227157,0.19029992037891,0.19230307743553,"Benjamini-Hochberg",96,20260729
"ST003807","Metabolomics Workbench","trained / baseline","ST003807_feature_039",NA,0.0344572918709209,0.0332236278482588,0.0462241778758383,"Benjamini-Hochberg",96,20260729
"ST003807","Metabolomics Workbench","trained / baseline","ST003807_feature_040",NA,-0.411575545211436,0.00871486863258745,0.0183651550719165,"Benjamini-Hochberg",96,20260729
"ST003807","Metabolomics Workbench","trained / baseline","ST003807_feature_041",NA,0.589177071726321,0.00250163922621004,0.00749100006443887,"Benjamini-Hochberg",96,20260729
"ST003807","Metabolomics Workbench","trained / baseline","ST003807_feature_042",NA,-0.773588753384797,0.000191653632337381,0.00419235918309871,"Benjamini-Hochberg",96,20260729
"ST003807","Metabolomics Workbench","trained / baseline","ST003807_feature_043",NA,-0.161215609341514,0.0302352691705296,0.0433221767219528,"Benjamini-Hochberg",96,20260729
"ST003807","Metabolomics Workbench","trained / baseline","ST003807_feature_044",NA,0.247755325002412,0.0447598786055519,0.0588623061114107,"Benjamini-Hochberg",96,20260729
"ST003807","Metabolomics Workbench","trained / baseline","ST003807_feature_045",NA,0.8022498373412,0.00240540871042205,0.00749100006443887,"Benjamini-Hochberg",96,20260729
"ST003807","Metabolomics Workbench","trained / baseline","ST003807_feature_046",NA,0.311288799485551,0.0093835232430274,0.0184486411185777,"Benjamini-Hochberg",96,20260729
"ST003807","Metabolomics Workbench","trained / baseline","ST003807_feature_047",NA,0.455986683061909,0.0166200591537598,0.0275090634269127,"Benjamini-Hochberg",96,20260729
"ST003807","Metabolomics Workbench","trained / baseline","ST003807_feature_048",NA,-0.141566369475456,0.0713292032818543,0.0845383150007162,"Benjamini-Hochberg",96,20260729
"ST003807","Metabolomics Workbench","trained / baseline","ST003807_feature_049",NA,-1.15368330118166,0.000330758774636485,0.00419235918309871,"Benjamini-Hochberg",96,20260729
"ST003807","Metabolomics Workbench","trained / baseline","ST003807_feature_050",NA,0.198266304792749,0.0141053339981401,0.0246202193422082,"Benjamini-Hochberg",96,20260729
"ST003807","Metabolomics Workbench","trained / baseline","ST003807_feature_051",NA,-0.916462395752401,0.00141295168588237,0.00645920770689082,"Benjamini-Hochberg",96,20260729
"ST003807","Metabolomics Workbench","trained / baseline","ST003807_feature_052",NA,0.136815609669321,0.110020218481203,0.117354899713284,"Benjamini-Hochberg",96,20260729
"ST003807","Metabolomics Workbench","trained / baseline","ST003807_feature_053",NA,0.855706098284447,0.00118343419495835,0.00629946704825068,"Benjamini-Hochberg",96,20260729
"ST003807","Metabolomics Workbench","trained / baseline","ST003807_feature_054",NA,0.589679598682069,0.00048037448973006,0.00419235918309871,"Benjamini-Hochberg",96,20260729
"ST003807","Metabolomics Workbench","trained / baseline","ST003807_feature_055",NA,-0.743723268168494,0.000703400751850481,0.00519434401366509,"Benjamini-Hochberg",96,20260729
"ST003807","Metabolomics Workbench","trained / baseline","ST003807_feature_056",NA,0.621399679718568,0.00323584977741163,0.00862893273976435,"Benjamini-Hochberg",96,20260729
"ST003807","Metabolomics Workbench","trained / baseline","ST003807_feature_057",NA,-0.852152431869072,0.00197663523482058,0.00749100006443887,"Benjamini-Hochberg",96,20260729
"ST003807","Metabolomics Workbench","trained / baseline","ST003807_feature_058",NA,-0.503711610150455,0.00739911740487016,0.0165189597876171,"Benjamini-Hochberg",96,20260729
"ST003807","Metabolomics Workbench","trained / baseline","ST003807_feature_059",NA,0.277470753725496,0.032915121691519,0.0462241778758383,"Benjamini-Hochberg",96,20260729
"ST003807","Metabolomics Workbench","trained / baseline","ST003807_feature_060",NA,1.03061794008761,0.000133140729679562,0.00419235918309871,"Benjamini-Hochberg",96,20260729
"ST003807","Metabolomics Workbench","trained / baseline","ST003807_feature_061",NA,-0.720417740716262,0.00165708468677893,0.00723091499685351,"Benjamini-Hochberg",96,20260729
"ST003807","Metabolomics Workbench","trained / baseline","ST003807_feature_062",NA,0.105950236295205,0.0520594346235199,0.0649052691410119,"Benjamini-Hochberg",96,20260729
"ST003807","Metabolomics Workbench","trained / baseline","ST003807_feature_063",NA,-0.650239906313348,0.00308418495091863,0.00845947872251967,"Benjamini-Hochberg",96,20260729
"ST003807","Metabolomics Workbench","trained / baseline","ST003807_feature_064",NA,-0.168541907435195,0.0783955840193787,0.0906744104320524,"Benjamini-Hochberg",96,20260729
"ST003807","Metabolomics Workbench","trained / baseline","ST003807_feature_065",NA,0.153482455294207,0.049888246770836,0.0630167327631612,"Benjamini-Hochberg",96,20260729
"ST003807","Metabolomics Workbench","trained / baseline","ST003807_feature_066",NA,0.590923068172977,0.0108646903847514,0.0208602055387226,"Benjamini-Hochberg",96,20260729
"ST003807","Metabolomics Workbench","trained / baseline","ST003807_feature_067",NA,0.148493950158584,0.0769184108869452,0.0900508225017895,"Benjamini-Hochberg",96,20260729
"ST003807","Metabolomics Workbench","trained / baseline","ST003807_feature_068",NA,-0.182809312001808,0.0848374693210527,0.0969571077954888,"Benjamini-Hochberg",96,20260729
"ST003807","Metabolomics Workbench","trained / baseline","ST003807_feature_069",NA,-1.06110235437834,0.000531153542544376,0.00424922834035501,"Benjamini-Hochberg",96,20260729
"ST003807","Metabolomics Workbench","trained / baseline","ST003807_feature_070",NA,0.174810547111886,0.0910239423506538,0.101608121693753,"Benjamini-Hochberg",96,20260729
"ST003807","Metabolomics Workbench","trained / baseline","ST003807_feature_071",NA,0.473601327769828,0.0136018756080486,0.0246202193422082,"Benjamini-Hochberg",96,20260729
"ST003807","Metabolomics Workbench","trained / baseline","ST003807_feature_072",NA,-0.338148374401058,0.0187385113497617,0.0290144691867278,"Benjamini-Hochberg",96,20260729
"ST003807","Metabolomics Workbench","trained / baseline","ST003807_feature_073",NA,0.774700767707302,0.00114373166298163,0.00629946704825068,"Benjamini-Hochberg",96,20260729
"ST003807","Metabolomics Workbench","trained / baseline","ST003807_feature_074",NA,0.13712497389223,0.0883644281118913,0.0997998246910772,"Benjamini-Hochberg",96,20260729
"ST003807","Metabolomics Workbench","trained / baseline","ST003807_feature_075",NA,-0.465289168332146,0.0184681021137384,0.0290144691867278,"Benjamini-Hochberg",96,20260729
"ST003807","Metabolomics Workbench","trained / baseline","ST003807_feature_076",NA,1.02307021111243,0.000380526056558771,0.00419235918309871,"Benjamini-Hochberg",96,20260729
"ST003807","Metabolomics Workbench","trained / baseline","ST003807_feature_077",NA,-0.538192604474012,0.00621488508961674,0.0145519260634929,"Benjamini-Hochberg",96,20260729
"ST003807","Metabolomics Workbench","trained / baseline","ST003807_feature_078",NA,0.386577701690286,0.00210865448473609,0.00749100006443887,"Benjamini-Hochberg",96,20260729
"ST003807","Metabolomics Workbench","trained / baseline","ST003807_feature_079",NA,-0.141185244046452,0.104247062546197,0.112446269712751,"Benjamini-Hochberg",96,20260729
"ST003807","Metabolomics Workbench","trained / baseline","ST003807_feature_080",NA,-0.527662701626972,0.0140169964938604,0.0246202193422082,"Benjamini-Hochberg",96,20260729
"ST003807","Metabolomics Workbench","trained / baseline","ST003807_feature_081",NA,0.188561041117566,0.0191231323890516,0.0291400112595072,"Benjamini-Hochberg",96,20260729
"ST003807","Metabolomics Workbench","trained / baseline","ST003807_feature_082",NA,-0.612816301977768,0.00899127383729245,0.0183651550719165,"Benjamini-Hochberg",96,20260729
"ST003807","Metabolomics Workbench","trained / baseline","ST003807_feature_083",NA,-0.101222744080033,0.0460612414044402,0.0589639419513264,"Benjamini-Hochberg",96,20260729
"ST003807","Metabolomics Workbench","trained / baseline","ST003807_feature_084",NA,-0.765694192345422,0.00209009153335854,0.00749100006443887,"Benjamini-Hochberg",96,20260729
