metabolite,refmet_name,log2fc,p_value,fdr,neg_log10_p
Leucine,Leucine,4.043711472988204,1.0283322407256276e-11,2.7353637603301697e-09,10.987866547790029
Acetyl-L-carnitine,CAR 2:0,1.122375446090025,5.19886803134602e-10,6.914494481690208e-08,9.28409120660674
Arachidonic acid,Arachidonic acid,1.5620881298656142,1.2756587453149521e-09,9.841100264688696e-08,8.894265489289012
4-Hydroxybutyric acid (GHB),4-Hydroxybutyric acid,1.2752251666961687,1.4798647014569469e-09,9.841100264688696e-08,8.829777988724404
Propionylcarnitine,CAR 3:0,-0.5007438193573491,5.2636280101493164e-09,2.8002501013994366e-07,8.27871481066461
trans-10-Heptadecenoic acid,10E-Heptadecenoic acid,2.5514606851038875,6.619433282033334e-09,2.934615421701445e-07,8.179179190774985
Docosahexaenoic Acid,Docosahexaenoic acid,1.749090783165115,1.2643899902509006e-08,4.804681962953422e-07,7.898118950981783
Abietic acid,Abietic acid,1.4876525251099626,1.4714542194012489e-08,4.892585279509152e-07,7.832253245335153
Myristic Acid,Myristic acid,1.8589244640384834,2.2621032656498813e-08,6.295186180207723e-07,7.645487573292861
"11(Z),14(Z)-Eicosadienoic Acid","11Z,14Z-Eicosadienoic acid",2.025723823730885,2.366611345942753e-08,6.295186180207723e-07,7.625873057732671
Oleic Acid,Oleic acid,2.349158824966794,4.5867234919606556e-08,1.1091531353286677e-06,7.338497440276841
2-Oxobutyric acid,3-Methyl pyruvic acid,1.0279005940915618,5.1315001662982035e-08,1.1374825368627684e-06,7.289755652684932
11(Z)-Eicosenoic acid,cis-Gondoic acid,2.378570151113125,6.299323476115291e-08,1.288938495882052e-06,7.200706089652216
FA 17:0,Margaric acid,1.7202562775874974,7.64501557832912e-08,1.4525529598825327e-06,7.116621625284299
Ethyl myristate,Ethyl tetradecanoate,0.8304329096385515,1.1746817613025483e-07,1.9614626258365992e-06,6.9300797742688545
3-Hydroxylidocaine,3-Hydroxylidocaine,5.208308813499586,1.1798271433603604e-07,1.9614626258365992e-06,6.928181616578447
Norlidocaine,Monoethylglycinexylidide,5.012188355441214,1.4617355611896242e-07,2.2871862310378827e-06,6.835131187366952
S-Methyl-methionine; AIF; CE10; MS2Dec,S-Methyl-methionine; AIF; CE10; MS2Dec,-1.0061235122828538,1.909802539843304e-07,2.8222637533239937e-06,6.719011533427441
Glycocholic acid,Glycocholic acid,-1.7085211545287404,2.2049171613472248e-07,3.0868840258861146e-06,6.656607722316594
Taurochenodeoxycholic Acid (sodium salt),Taurochenodeoxycholic acid,-1.9970951709627929,3.6250027562441836e-07,4.821253665804764e-06,6.4406916588802465
Glycochenodeoxycholic acid,Glycochenodeoxycholic acid,-1.7561840551583414,6.183478846957924e-07,7.832406539480037e-06,6.208767120549631
3-Hydroxybutyric acid,3-Hydroxybutyric acid,2.4972139335014214,6.756205923787015e-07,8.168867162397028e-06,6.170297121948649
L-Kynurenine,Kynurenine,-0.30321680847439636,7.372809129231747e-07,8.526814036415847e-06,6.13236700917223
NP-015114,NP-015114,0.30689905156661296,7.772552897881963e-07,8.614579461819176e-06,6.109436313584537
16-Hydroxyhexadecanoic acid,Juniperic acid,0.5614275123671169,9.486990303730414e-07,9.749945309262618e-06,6.022871543293939
D-(+)-Tryptophan,D-Tryptophan,-0.4197964586098009,9.530021730858198e-07,9.749945309262618e-06,6.020906109059361
2-Hydroxypyridine sulfate,2-Hydroxypyridine sulfate,-1.1465157046456314,1.0675283504565502e-06,1.0517131156349717e-05,5.971620582548048
LPC 16:0-SN1,LPC 16:0/0:0,-0.16245687668230602,2.267214527368112e-06,2.1538538009997067e-05,5.644507384309215
Theophylline,Theophylline,-0.31147460642320357,2.7462004273837475e-06,2.518928667876127e-05,5.561267769600976
Asparagine,Asparagine,-0.4695081870109881,3.3117992329439297e-06,2.9364619865436177e-05,5.479935998779492
"1,3,7-trimethyl-2,3,6,7-tetrahydro-1H-purine-2,6-dione",Caffeine,-0.4892958009828747,3.5400733232541426e-06,3.037611303179361e-05,5.450987742619724
Testosterone sulfate,Testosterone sulfate,0.2588572983621445,7.392249262246401e-06,6.144807199242321e-05,5.131223397389543
DL-Lysine,Lysine,-0.3431121483541936,7.864286229863783e-06,6.33909132467808e-05,5.10434068823439
12-Hydroxyoctadecanoic acid,12-Hydroxy stearic acid,0.47990505974145775,8.984147112952551e-06,7.028773917780525e-05,5.046523145234977
Acetohydroxamic acid,Acetohydroxamic acid,-0.19472277702687854,1.2093763782477527e-05,9.19126047468292e-05,4.9174385183634834
L-Tyrosine,Tyrosine,-0.42878617502134786,1.4991981675321118e-05,0.00011077408682320605,4.824140957293529
3-Aminobenzamide,3-Aminobenzamide,0.7957358706402795,2.099945876789166e-05,0.00015096908195295087,4.677791898463564
DL-Serine,Serine,-0.3221004349648565,3.1675367481318986e-05,0.0002217275723692329,4.499278337954126
D-(+)-Xylose,Xylose,-0.25839909916388604,3.516238214985898e-05,0.00023982547825288433,4.453921710404466
Xanthine,Xanthine,1.1673072459488418,3.935160985535297e-05,0.0002616882055380972,4.405037496163994
LPC 17:0-SN1,LPC 17:0/0:0,-0.1542314031455075,4.345944132251296e-05,0.00027970614125695807,4.3619158608988196
L-Methionine sulfoxide,Methionine sulfoxide,-0.6741400601659036,4.5128010304753936e-05,0.00027970614125695807,4.345553814113694
Valeryl-carnitine; AIF; CE30; MS2Dec,Valeryl-carnitine; AIF; CE30; MS2Dec,-0.4508238876433959,4.5215654413718785e-05,0.00027970614125695807,4.344711179160722
epiandrosterone sulfate,Epiandrosterone,0.2230919022935007,4.66064214541467e-05,0.0002817570024273414,4.331554241894299
L-Histidine,Histidine,-0.3110398629400382,5.181188304690766e-05,0.0003062657975661653,4.285570623462347
D-Carnitine,D-Carnitine,-0.20417804393342145,5.784695838073753e-05,0.00033450632454948227,4.237719471512395
N-Benzylformamide,N-benzylformamide,-0.3878838487511968,6.160515450013169e-05,0.0003486589595113836,4.2103829489181885
NP-018661,NP-018661,0.9717062124157451,6.97417281220099e-05,0.0003864854100094715,4.156507295495253
2-Oxindole,Indolin-2-one,-0.48590524253635436,8.095533436042182e-05,0.0004325564028885193,4.0917545291593065
Hexanoylcarnitine,CAR 6:0,0.7065751098979642,8.1547977251321e-05,0.0004325564028885193,4.088586806904324
L-(-)-Methionine,Methionine,-0.4124131274254078,8.469028306553178e-05,0.0004325564028885193,4.072166415561886
"2,5-dihydroxybenzenesulfonate","2,5-Dihydroxybenzenesulfonic acid",-0.38452191317245754,8.561438141208166e-05,0.0004325564028885193,4.067453276873069
PC(16:0/0:0),LPC 16:0/0:0,-0.14003555288881356,8.61860501995922e-05,0.0004325564028885193,4.064563022012928
Arachidic Acid,Arachidic acid,0.4732547326976267,0.00010074047134202539,0.0004962400995736806,3.996796021507275
HYDROXYPHENYLLACTIC ACID,Hydroxyphenyllactic acid,0.4505206187266942,0.0001141856603334887,0.0005522433754310544,3.9423884322465765
BETAINE,Betaine,-0.16211525129320212,0.0001187380013859137,0.0005640055065830901,3.925410265451851
Glycine,Glycine,-0.28120574876180343,0.00013995734433868486,0.0006531342735805293,3.8540043067578442
LPC 18:2-SN1,LPC 18:2/0:0,-0.2767790542036983,0.00017061095366912435,0.0007824571323446048,3.767993089432597
DL-Homoserine,Homoserine,-0.27782480276304683,0.0001761808313372593,0.0007943067989103556,3.7540413450574177
2-HYDROXYOCTANOIC ACID,2-Hydroxyoctanoic acid,-0.3986204155152031,0.0001824297159488942,0.0008087717407067644,3.7389044180827837
LPE 16:0,LPE 16:0,-0.3226073292550301,0.00018627548721281633,0.0008122832721083466,3.729844292010039
methyl {[(2-oxo-2H-pyran-6-yl)carbonyl]amino}methanethioate,methyl {[(2-oxo-2H-pyran-6-yl)carbonyl]amino}methanethioate,-0.37849025095262523,0.00019201243559845407,0.0008237952882127223,3.716670643500114
"6-Methyl[1,2,4]triazolo[4,3-b]pyridazin-8-ol","6-Methyl[1,2,4]triazolo[4,3-b]pyridazin-8-ol",0.1636593304829279,0.0002739578048891332,0.0011567107317541178,3.56231632227071
N6-Me-Adenosine,N6-Methyladenosine,0.14104074183071671,0.00028457019089509167,0.0011827448559077248,3.5458105947921426
OCTANOYLCARNITINE,CAR 8:0,0.9270228253743664,0.0003290647169551503,0.001346634072462615,3.4827186812217277
1-pentadecanoyl-2-hydroxy-sn-glycero-3-phosphocholine,1-pentadecanoyl-2-hydroxy-sn-glycero-3-phosphocholine,-0.15620575691085653,0.00034094258796512716,0.0013741019454352095,3.467318746606164
DL-Arginine,Arginine,-0.18960727130064806,0.00036498117525376897,0.0014490297405597395,3.4377295347058334
3-Hydroxy-2-methyl-4-pyrone sulfate,3-Hydroxy-2-methyl-4-pyrone sulfate,-1.0527049194848632,0.00039164487347509615,0.0015320225932996408,3.40710755388085
LPC 18:0-SN1,LPC 18:0/0:0,-0.1115047307315698,0.00041299509394179855,0.0015826983535461709,3.384055107391202
Isoleucine,Isoleucine,-0.2747125423851216,0.00041649956672267657,0.0015826983535461709,3.380385446046026
2-(1H-indol-3-yl)acetic acid,Indoleacetic acid,-0.3040374209862253,0.0004973993734425883,0.00186349624416519,3.3032947661320216
D-(+)-Proline,D-Proline,-0.15167404815471816,0.0005550329176096416,0.0020505382789467314,3.255681259197525
L-Phenylalanine,Phenylalanine,-0.28008332237209643,0.0005678269013047154,0.0020690678869459494,3.245784036235239
Decanoic acid,Capric acid,1.290527118025196,0.000582500024810693,0.002093851440535734,3.2347040518038375
Decanoylcarnitine,CAR 10:0,1.0254736498761636,0.0006003879007258081,0.0021293757545741993,3.221568068429039
L-Isoleucine,Isoleucine,-0.2680625729308472,0.0006201715615892038,0.0021706004655622133,3.207488152526381
5-Acetylamino-6-amino-3-methyluracil; AIF; CE0; MS2Dec,5-Acetylamino-6-amino-3-methyluracil; AIF; CE0; MS2Dec,-0.2536948046787471,0.0006291305978780519,0.0021733602472150883,3.201259192312297
N4-Acetylcytidine,N4-Acetylcytidine,0.12842500883292543,0.0006425889462022233,0.0021913930729460435,3.192066749442248
L(+)-Ornithine,Ornithine,-0.417159818995454,0.0008186709513755221,0.002739814681684769,3.0868906192612697
Salicylic acid,Salicylic acid,-0.4532421845438022,0.0008240044155442915,0.002739814681684769,3.084070461068197
6-Hydroxycaproic acid,6-Hydroxycaproic acid,0.5206513401225082,0.0009804045204133912,0.003219600029999532,3.008594694986192
Hippuric acid,Hippuric acid,-0.5369469232946193,0.001054103762553717,0.0034194097663327893,2.9771166364797508
Pyruvic acid,Pyruvic acid,-0.29871467508688715,0.0011349162897656435,0.003637201603345315,2.9450361703947143
D-Pantothenic Acid,Pantothenic acid,0.34433148222193605,0.0012523337373535489,0.003965723501619571,2.902279919546838
Lactamide,Lactamide,-0.20046282834810225,0.0013967363111543844,0.004370963044318426,2.854885576290867
PC 32:1,PC 32:1,0.1775110250081653,0.001645239383574911,0.005088763674778213,2.783770902940797
D-(-)-Quinic acid,Quinic acid,-0.31447795690650027,0.0016901276521555666,0.005167516729579089,2.7720804927040037
L-Valine,Valine,-0.18049373936984492,0.0018211726526456958,0.0055049082454972165,2.739648879830047
LPA 16:0,LPA 16:0,-0.11088031195383134,0.001922884643509511,0.005688960504300551,2.716046768902438
Myriocin,Myriocin,0.7025428399647157,0.0019248362608535697,0.005688960504300551,2.7156062085099033
DL-Malic acid,Malic acid,-0.3887473079601602,0.0022270505870434706,0.0064222277131207985,2.652269917934837
1-AMINOCYCLOPROPANECARBOXYLATE,1-Aminocyclopropanecarboxylic acid,-0.1585040435508504,0.0022283505529199915,0.0064222277131207985,2.6520164870965712
7-Methylguanosine,7-Methylguanosine,0.20543190672920386,0.0022453653282715575,0.0064222277131207985,2.648712987781163
cis-4-Hydroxy-D-proline,cis-4-Hydroxy-D-proline,-0.20773086245274391,0.002993504711648676,0.008470981418069658,2.523820053956776
Oleoyl-L-α-lysophosphatidic acid,LPA 18:1(9Z)/0:0,-0.09750299125811256,0.0036163859640508562,0.010125880699342399,2.4417252250129553
Butyryl-carnitine; AIF; CE10; CorrDec,Butyryl-carnitine; AIF; CE10; CorrDec,-0.24696221559750112,0.004018087202066597,0.011133449955726196,2.3959806422603975
Choline,Choline,-0.13721120109970136,0.0043605744031898,0.011957863827303988,2.360456298872528
Uracil,Uracil,0.317194855964012,0.005065622561035688,0.013749546951382582,2.2953671725727354
Allopurinol,Allopurinol,1.2423488496562127,0.00532791830842774,0.014315416869108876,2.273442442709947
D-α-Tocopherol,alpha-Tocopherol,-0.19838106259214613,0.006631727230185944,0.01764039443229461,2.178373345072572
1-Methylhistidine,1-Methylhistidine,-0.15294804940036033,0.006988658753474465,0.018273586760340403,2.155606165006385
1-Stearoyl-sn-glycero-3-phosphocholine,LPC 18:0/0:0,-0.07359809735280365,0.00700716484795008,0.018273586760340403,2.154457665336033
Creatine,Creatine,-0.23095772312766608,0.008292798407737563,0.02141635316949701,2.0812988918914406
Glutaric acid,Glutaric acid,0.12923998710186319,0.008865005637459103,0.02267395672657809,2.0523209838852177
Valeric acid,Valeric acid,-0.4525386058955149,0.00901618694841248,0.02284100693597828,2.0449770918796295
DG 18:1_18:1,DG 18:1_18:1,-0.1511078475255262,0.010328934156057094,0.02591977816519988,1.985944491067504
3-Methylhistidine,3-Methylhistidine,-0.27154001020746843,0.01111351599902637,0.027627993044308543,1.9541485209507807
LPE 20:4,LPE 20:4,0.17009833902865953,0.01193169872355944,0.029387332041359366,1.9232977211453373
"δ-Ribono-1,4-lactone",Ribonolactone,0.34545290483366403,0.012669920086911651,0.030919254524022926,1.897226124336981
LPC O-18:1,LPC O-18:1,-0.09867069646318745,0.012892856865241423,0.03117727205594744,1.8896508387880164
3-Indoxyl sulphate,Indoxyl sulfate,-0.2943246156759701,0.013687953388196618,0.03280176217351622,1.8636614823742814
Pyrrolidine,Pyrrolidine,-0.39483974537137945,0.014296788575264742,0.03395487286625376,1.844761505239341
URIC ACID,Uric acid,0.09184186697974146,0.016792189722112872,0.039528517398955965,1.7748926676366343
N-Phenylacetylglutamine,alpha-N-Phenylacetylglutamine,-0.3673830663140119,0.017482338417857207,0.04079212297500015,1.7574004770764138
DL-Dipalmitoylphosphatidylcholine,PC 16:0/16:0,0.2792599092996981,0.019638190016963892,0.04542398734358605,1.706898542102443
4-METHYL-2-OXO-PENTANOIC ACID,Ketoleucine,-0.1566545896419263,0.02134544423047168,0.04894731176987472,1.6706948024512744
Valdecoxib,Valdecoxib,-0.10613622036216752,0.023534433746792115,0.053135765672710285,1.628296246628766
5-Methyl-uridine,Ribothymidine,0.10588409166842631,0.023571505072856443,0.053135765672710285,1.6276126862933296
Prolinamide,Prolinamide,-0.08285496132858003,0.024233039145793167,0.054167969855302374,1.6155921161357631
Nipecotic acid,Nipecotic acid,-0.1718044415967317,0.026364431512042128,0.05844115651836005,1.5789815887870944
4-Indolecarbaldehyde,Indole-4-carboxaldehyde,-0.2713012210876716,0.03250028371203995,0.0714469046892779,1.4881128478200303
Glu-Gln,Glu-Gln,0.11556246989391153,0.043858268137858425,0.09437490638624621,1.3579485216101925
FA 2:0,Acetic acid,0.11162271793317227,0.0439074729187502,0.09437490638624621,1.3574615578631497
PC O-36:5,PC O-36:5,0.05511914527104379,0.043994317262761394,0.09437490638624621,1.3566034176231831
ST 27:1;O;S,ST 27:1;O;S,-0.17226260919242845,0.046044155844717945,0.09798196363755979,1.3368254848038699
Adipic acid,Adipic acid,0.27583400256363955,0.04865379972584087,0.1027135771989974,1.3128832368853363
Guanidineacetic acid,Guanidoacetic acid,-0.10206917328925176,0.051410112516200056,0.10767787345912767,1.288951445634788
"N,N-Dimethyl-lysine; AIF; CE0; MS2Dec","N,N-Dimethyl-lysine; AIF; CE0; MS2Dec",-0.1326604498281796,0.0523940183725974,0.10888131943055397,1.2807182919486764
3-Hydroxypyridine,3-Hydroxypyridine,-0.16523366876633902,0.054327363142605105,0.11202386508475161,1.2649813735675497
Stearic Acid,Stearic acid,0.12377880153547013,0.05516893880948688,0.11212035206990205,1.2583053697420343
β-Alanine,beta-Alanine,-0.11338201064285944,0.05521716586901191,0.11212035206990205,1.2579258881537716
Acrylic acid,Acrylic acid,0.08612169648269791,0.056021900271141595,0.11289261721305806,1.2516421639295519
Methylmalonic acid; LC-tDDA; CE20,Methylmalonic acid; LC-tDDA; CE20,0.24949715173114595,0.056978432064014504,0.11395686412802901,1.2442895058742807
LPE 18:1,LPE 18:1,-0.16815699531043612,0.05757712062615466,0.11429488124296372,1.2397500575447704
"N6,N6,N6-Trimethyl-L-lysine",N-6-Trimethyllysine,-0.14232337191758965,0.05961499593628389,0.1174636216226038,1.224644481313567
N6-Acetyl-L-lysine,N6-Acetyllysine,-0.13165641614211596,0.06007090417386003,0.1174916213988733,1.2213358310997093
3-Hydroxyphenylacetic acid,3-Hydroxyphenylacetic acid,-0.2128394687751193,0.061124031947797516,0.11867877735849737,1.2137880059551767
L-(+)-Lactic acid,Lactic acid,-0.2048082828742793,0.06371859746167771,0.12281990525221936,1.1957337922142477
SM d32:1,SM 32:1;O2,0.050338094481063154,0.06646267619372376,0.12661674007841406,1.1774221753539276
Lidocaine,Lidocaine,1.552486643774471,0.06664038951495477,0.12661674007841406,1.1762624731303641
LPC O-16:0,LPC O-16:0,-0.10482020023647222,0.06919623083603788,0.1305404071091211,1.159917561203525
Xylenesulfonate,"2,5-Dimethylbenzenesulfonic acid",0.18095941258068504,0.07826445332355667,0.14660806045116953,1.1064354439535986
INDOLEPROPIONIC ACID,Indolepropionic acid,-0.14434163358255697,0.08065951419957368,0.15003797746214403,1.093344398012504
N6-Methyl-lysine; AIF; CE10; MS2Dec,N6-Methyl-lysine; AIF; CE10; MS2Dec,-0.19461937721113473,0.09005212787251003,0.1663462917644977,1.0455060206304445
Succinic semialdehyde,Succinic acid semialdehyde,0.0928105185944811,0.09716031253295104,0.17823891816389642,1.0125110968813396
SM d34:2,SM 34:2;O2,0.04033921151448183,0.10252621488088448,0.18679433670078954,0.989165075852345
4-Acetamidobutanoic acid,4-Acetamidobutanoic acid,0.1644790975255797,0.10334181072833826,0.18699946703223114,0.9857239331286962
LPC 14:0-SN1,LPC 14:0/0:0,-0.07938767487044984,0.10415705065882752,0.18720118564356839,0.9823113262099387
Creatinine,Creatinine,0.03675008640933722,0.10809812359183212,0.19298054278810298,0.9661818446293525
"1,5-ANHYDRO-GLUCITOL","1,5-Anhydrosorbitol",0.04240417405116235,0.11051353480830518,0.1959773350600612,0.9565845298286884
DL-β-Leucine,beta-Leucine,-0.15071864157046172,0.11336171476932494,0.19969679555391018,0.9455335933426086
2-Methoxyphenol sulfate,Guaiacol sulfate,-0.2409638605721057,0.1182580774539644,0.2069516355444377,0.9271691856947807
Glycylproline,Gly-Pro,-0.2922106376890484,0.12215727034176178,0.211791994967863,0.9130806803455058
(S)-(+)-2-Amino-1-propanol,(S)-(+)-2-Amino-1-propanol,-0.1798322393871913,0.12261641813928911,0.211791994967863,0.9114513745981356
Pentacosanoic acid,Hyenic acid,0.11644049566025409,0.1248714568486007,0.21429553239824375,0.9035368214320826
Gabapentin,Gabapentin,0.0973235950716126,0.1289438973812217,0.21986587630387802,0.8895992072009308
Betonicine; AIF; CE10; CorrDec,Betonicine; AIF; CE10; CorrDec,0.21034291688735232,0.1349293523635609,0.228606418654186,0.86989356416887
Deoxycholic Acid,Deoxycholic acid,-0.30199352584732797,0.13967378370663794,0.23514700294914997,0.8548851018313773
Prolylleucine,Pro-Leu,0.09439428701762939,0.15304588151205759,0.25603902190067496,0.8151783528399442
CMPF,3-Carboxy-4-methyl-5-propyl-2-furanpropanoic acid,0.12117965641587088,0.1577332575009579,0.2622315405953425,0.8020767275566064
Mesaconic acid,Mesaconic acid,-0.09498884766810328,0.16041649991177157,0.2644892255441559,0.7947509636572461
DG 16:0_24:6,DG 16:0_24:6,-0.1920584525318975,0.1610799042787716,0.2644892255441559,0.7929586371426645
N-Acetyl-L-carnosine,N-Acetylcarnosine,0.06304779813156133,0.1755562338038595,0.2864905410541511,0.7555837446175979
trans-Aconitic acid,trans-Aconitic acid,-0.09987082578029989,0.18419740216882372,0.29773865437973224,0.7347164991755472
SM d36:2,SM 36:2;O2,0.03935973644751294,0.1846875111753978,0.29773865437973224,0.7335624711595929
LPE 18:2,LPE 18:2,-0.11956367987223597,0.19332710173011625,0.3097892112060899,0.7137072597490062
HOMOCITRULLINE,Homocitrulline,-0.113265844467961,0.21317506284578694,0.339328959706156,0.671263600311007
Ethylenediaminetetraacetic acid (EDTA),Ethylenediaminetetraacetic acid (EDTA),-0.09100195863100369,0.21431302718283538,0.339328959706156,0.6689514292303839
Piperidine,Piperidine,0.16457736215317864,0.21755161369474235,0.34241851622959446,0.6624376909687227
10-HYDROXYDECANOIC ACID,10-Hydroxydecanoic acid,-0.26361670154023287,0.22131008173947156,0.3462851867217614,0.6549988014180228
"5,5-Dimethylhydantoin","5,5-Dimethylhydantoin",0.03618408484692618,0.23920609970254078,0.37209837731506346,0.6212277501293663
FAHFA 27:2,FAHFA 27:2;O,-0.17455145369073688,0.24320811081186305,0.37511047959793964,0.6140219457558028
SN-GLYCERO-3-PHOSPHOCHOLINE,sn-Glycero-3-phosphocholine,-0.16862857779570256,0.2439628307159532,0.37511047959793964,0.612676336139119
Linoleic Acid,Linoleic acid,-0.04354703819147332,0.2456365377099935,0.37551332776355323,0.6097070327034897
DL-threo-beta-Methylaspartic acid,DL-threo-beta-Methylaspartic acid,-0.15903488325340306,0.2496176407791859,0.3755535203575447,0.6027247257911595
3-Methylpyrazole,3-Methylpyrazole,0.04494545654716868,0.25063221188771473,0.3755535203575447,0.6009631131261138
1-Stearoylglycerol,MG 18:0/0:0/0:0,0.09245453501716988,0.2509875874752687,0.3755535203575447,0.6003477559065821
"(2R)-2,3-Dihydroxypropanoic acid",Glyceric acid,-0.1559770067486259,0.25131025046482314,0.3755535203575447,0.5997897970042413
4-Methoxyphenol sulfate,4-Methoxyphenol sulfate,-0.15723359055893407,0.25389070711070855,0.3772901010695446,0.5953531948505758
Citric acid,Citric acid,0.17403343287112685,0.25751041302864014,0.38054316592010157,0.5892052045667054
D-Alanyl-D-alanine,D-Alanyl-D-Alanine,-0.23285619685289174,0.2592993360796254,0.38106974252585835,0.5861985952141588
Azelaic acid,Azelaic acid,0.27761420234453454,0.2619176817200245,0.38112498853261645,0.581835181932808
DL-Glutamine,Glutamine,0.03692912802464071,0.26220252970477,0.38112498853261645,0.5813631225943607
Urea,Urea,0.032026380630891686,0.28044733112968906,0.4054292939157461,0.5521486885878362
Oleamide,Oleamide,-0.055519831622202906,0.29255244975232253,0.42064298180604215,0.5337962608776136
Pseudouridine,Pseudouridine,0.05892909857473271,0.2999100204054847,0.428903577569134,0.5230090236232414
S-Methyl-L-cysteine-S-oxide,S-Methylcysteine S-oxide,-0.11721921805082795,0.31164636015740615,0.44330444813834247,0.5063379410414665
FA 23:0,Tricosylic acid,-0.045169227721984465,0.3218548851959706,0.4553904226708946,0.4923398946519864
P-TOLUENESULFONIC ACID,Toluene-4-sulfonic acid,-0.3369909515909987,0.3332443498596623,0.4672265253258223,0.47723720529166586
MGH3_methylglyoxal-derived hydroimidazolone 3,MGH3_methylglyoxal-derived hydroimidazolone 3,-0.14157750967945779,0.33408383806906006,0.4672265253258223,0.476144533662081
Trifluoroacetic acid,Trifluoroacetic acid,0.044169227587275935,0.3366477268573591,0.4672265253258223,0.4728243136678566
CHOLIC ACID,Cholic acid,-0.27567321148189805,0.3375600566558584,0.4672265253258223,0.4716489488954672
β-Muricholic acid,beta-Muricholic acid,-0.3502659407002317,0.3390027044657282,0.4672265253258223,0.4697968371070736
lenticin,Lenticin,0.06703394231938581,0.3446155790987001,0.472514144537393,0.46266509321514593
Acetyl-β-methylcholine,Methacholine,0.02557218557440272,0.347672348298162,0.4742607417810826,0.45882984903221685
Ornithine,Ornithine,-0.1292855098438032,0.35621651819333755,0.4834367032623867,0.44828594564232344
L-Carnitine,Carnitine,0.061550016981305224,0.38163927201137926,0.5153098799747557,0.41834694125236627
Laurolactam,Azacyclotridecan-2-one,0.2652845338972304,0.38565174976001104,0.5180978052331462,0.4138046938375828
Biliverdin,Biliverdin,-0.08439846570108238,0.4189247450577349,0.5599697597254145,0.3778639859633665
"2,2'-Methylenebis(4-methyl-6-tert-butylphenol)","2,2'-Methylenebis(6-tert-butyl-p-cresol)",-0.09988742871943064,0.4211657440771092,0.5601504396225553,0.3755469598115549
N-α-L-Acetyl-arginine,N-α-L-Acetyl-arginine,-0.03399794869356978,0.4244820803104343,0.561752404788933,0.3721406389572785
5-Aminolevulinic acid,5-Amino-levulinic acid,0.14127467356923126,0.42739376403230944,0.5628056496663085,0.3691718187796116
HOMOARGININE,Homoarginine,0.03371882678331959,0.44777487062862936,0.5867394856513074,0.348940282917666
FA 16:2,Hexadecadienoic acid,-0.04830477514495351,0.45078579649683986,0.5877893228831343,0.3460297762998989
P-CRESOL SULFATE,p-Cresol sulfate,-0.10346127441658949,0.4616133798916535,0.5989715075667309,0.33572161161814085
Bilirubin,Bilirubin,-0.12622754898780922,0.46601146829545487,0.5991019056309095,0.33160339542127193
Vanillic acid,Vanillic acid,-0.08544481221754552,0.46621840024661,0.5991019056309095,0.331410590172213
Acetylcholine,Acetylcholine,-0.020126150075723808,0.47575615883686795,0.6044273328650822,0.32261558090420245
trans-3-Indoleacrylic acid,trans-3-Indoleacrylic acid,0.05753669592095973,0.47594955177929904,0.6044273328650822,0.322439077836172
L-Ergothioneine,Ergothioneine,-0.1601233398853207,0.47717947331453864,0.6044273328650822,0.32131824651461227
Homostachydrine,(S)-Homostachydrine,-0.025740912288358647,0.48771836100057886,0.6148487394604455,0.3118308943343457
Nonanoic acid,Pelargonic acid,0.10519462441959754,0.49917781296360575,0.6263268785298072,0.30174472605322167
Citraconic acid,Citraconic acid,0.09080267180071588,0.5202997510874684,0.6453215714729896,0.2837463818713376
LPC 20:3-SN1,LPC 20:3/0:0,-0.0422969091077424,0.5210632504876211,0.6453215714729896,0.2831095556439131
"1-(4-fluorobenzyl)-4,5-dihydro-1H-1,2,3,4-tetraazole-5-thione","1-(4-fluorobenzyl)-4,5-dihydro-1H-1,2,3,4-tetraazole-5-thione",-0.28614468157730705,0.5215945032582435,0.6453215714729896,0.2826669939962126
D(+)-Phenyllactic acid,L-3-Phenyllactic acid,-0.08940644282302096,0.5378512219066774,0.6623538195702602,0.2693378403943714
7-Methylguanine,7-Methylguanine,0.03378040066442062,0.5625481589167688,0.689575162543136,0.24984029231611288
PHOSPHOCHOLINE,Choline phosphate,-0.10877761102144583,0.5666862799190082,0.6907851589454911,0.24665730196516872
PE O-18:1_20:4,PE O-18:1/20:4,-0.0778253293235053,0.5687291346205359,0.6907851589454911,0.24509452332013051
Phenol sulfate,Phenyl hydrogen sulfate,-0.04836751207656788,0.5721557732312397,0.6917883439977716,0.24248571553452908
Gentisic acid,Gentisic acid,0.05007722899343448,0.5958810990653298,0.7120172386525796,0.22484038987612578
1-Methyluric acid,1-Methyluric acid,-0.0609513989749942,0.5968227325501619,0.7120172386525796,0.224154643254771
"4,4'-dimethoxy[1,1'-biphenyl]-2-carbonitrile","4,4'-dimethoxy[1,1'-biphenyl]-2-carbonitrile",-0.023270818900038803,0.5994661354809441,0.7120172386525796,0.2222353456579814
10-Propoxydecanoic acid,10-Propoxydecanoic acid,-0.17925548727447263,0.599593464128488,0.7120172386525796,0.22214310982709792
"1-(phenylsulfonyl)-1,2,3,4,6,10b-hexahydropyrimido[2,1-a]isoindol-6-one","1-(phenylsulfonyl)-1,2,3,4,6,10b-hexahydropyrimido[2,1-a]isoindol-6-one",-0.22810307357040385,0.6038341375105892,0.7138661359014077,0.21908233796183854
L-Pyroglutamic acid,Pyroglutamic acid,0.032705386381605715,0.6387184016176212,0.7517659063287045,0.19469057154223696
DL-α-Aminocaprylic acid,2-Aminocaprylic acid,-0.07849155215435866,0.6445129624980699,0.755244264425051,0.19076834365616055
PC 38:3,PC 38:3,0.027460056595287118,0.6759556681620953,0.7886149461891112,0.17008178586887746
Ortophosphate,Ortophosphate,0.04860687991153306,0.6905910096108777,0.8021712164039017,0.1607790797684946
L-Glutamic acid,Glutamic acid,-0.04143982756402533,0.7013414824670412,0.8082981684447852,0.15407047298809354
L-Cystine,Cystine,-0.15225507310760752,0.7050344450360089,0.8082981684447852,0.1517896646772006
Isocitric acid,Isocitric acid,0.08527000668649097,0.7051370741480398,0.8082981684447852,0.15172645072555
4-QUINOLINECARBOXYLIC ACID,4-Quinolinecarboxylic acid,0.03927156139321921,0.7080205761189283,0.8082981684447852,0.14995412089065432
NP-016582,NP-016582,-0.017520294037377898,0.7121374167935349,0.8095237302011978,0.14743619513167885
Imidazolelactic acid,Imidazolelactic acid,-0.01505798147514806,0.7179993423213773,0.812714149180793,0.14387595356595526
D-(+)-Pipecolinic acid,Pipecolic acid,0.007701820248889727,0.7451140152835417,0.839831898582297,0.12777726762770045
1-Aminocyclohexanecarboxylic acid,1-Azaniumylcyclohexane-1-carboxylate,0.028114059010534327,0.7502217963556665,0.8420210878928578,0.12481032235074413
Nicotinamide,Niacinamide,0.06758740103846793,0.7680983579366277,0.8573543668001758,0.11458316333565133
2-Oxoglutaric acid,2-Oxoglutaric acid,0.016431931389491103,0.7703296754332407,0.8573543668001758,0.11332337147715715
Methyl isonicotinate,Methyl isonicotinate,0.027819463778978815,0.7781697073421572,0.8624714256375576,0.10892567945647015
FA 26:1,Hexacosenoic acid,0.028935409134824584,0.7869934277182032,0.8686317500956102,0.10402889447401822
Palmitoyl sphingomyelin,SM 18:1;O2/16:0,-0.0119185184312177,0.806391480388353,0.8827442963722653,0.09345406924164486
Palmitoleic acid,Palmitoleic acid,0.009855897607828948,0.8064167820242873,0.8827442963722653,0.09344044287188173
γ-Linolenic acid,gamma-Linolenic acid,-0.008488249920665792,0.8206858398090435,0.8946821040541213,0.08582305987009896
N-Methyl-2-pyrrolidone,N-Methylpyrrolidin-2-one,0.028699167367226563,0.8398972024673186,0.9118883912502316,0.07577386528712585
ST 28:1;O;S,ST 28:1;O;S,0.012628750627443596,0.8461132486436447,0.9149029436553231,0.07257150460945594
Oleoyl ethanolamide,Oleoyl-EA,-0.009293978719201328,0.8583591235461406,0.9243867484343052,0.06633097235739385
Succinic acid,Succinic acid,0.013493628990519039,0.8624168277215418,0.9250115974755247,0.06428277799765603
2-Aminoadipic acid,alpha-Aminoadipic acid,-0.016699936357440867,0.8724999076515505,0.9296926032756336,0.05923461033603081
ST 29:1;O;S,ST 29:1;O;S,-0.008362899373673901,0.8737712436801067,0.9296926032756336,0.05860225227528602
L-(+)-Citrulline,Citrulline,-0.010920361976354686,0.884074116797775,0.9369072313474428,0.05351132416454896
Ecgonine,Ecgonine,-0.003382844673453178,0.8929252866266825,0.9425322469948315,0.049184878136320276
3-Hydroxyvaleric acid,3-Hydroxyvaleric acid,-0.005456166916409967,0.9069596254754572,0.9535622939781486,0.04241204571112529
FA 9:0+1O,Pelargonic acid,-0.011171689034491214,0.9126320815983263,0.9557485578943102,0.039704268615920794
Kynurenic acid,Kynurenic acid,-0.0100722012891653,0.9318841519006144,0.9691918094017079,0.030638074038161784
Taurine,Taurine,0.005718188447253574,0.9346620399657919,0.9691918094017079,0.02934539523491935
5-Nitro-o-toluidine,5-Nitro-o-toluidine,0.006295699670221734,0.9454138929257119,0.9691918094017079,0.024378019997308747
4-Pyridoxic acid,4-Pyridoxic acid,0.005787129124119909,0.9486801654212295,0.9691918094017079,0.022880179358349743
Proline,Proline,-0.004647006945461198,0.9494413223261936,0.9691918094017079,0.022531870502945847
Erucamide,13Z-Docosenamide,-0.0200180818906671,0.9501703813898178,0.9691918094017079,0.02219851148726884
Methylimidazoleacetic acid,Methylimidazoleacetic acid,0.002788854236761258,0.9541617176832742,0.9691918094017079,0.020378011935999963
5-[4-(phenylsulfonyl)phenyl]-1H-pyrazole,5-[4-(phenylsulfonyl)phenyl]-1H-pyrazole,-0.01922036010044493,0.9555960109358634,0.9691918094017079,0.019725671848235916
LPC 20:4-SN1,LPC 20:4/0:0,-0.003347941543948258,0.9582610747092074,0.9691918094017079,0.018516152864317924
2-Ethylhexanoic acid,alpha-Ethylcaproic acid,0.007641598517654184,0.9693048503144381,0.9730132716378898,0.013539614086663735
4-Oxoproline,4-Oxo-proline,-0.0014894752043356394,0.969355327007672,0.9730132716378898,0.013516998726222968
L-Cysteine-S-sulfate,Cysteine-S-sulfate,0.007741747017081161,0.9771633510073424,0.9771633510073424,0.010032829821556281
