sample_id,cohort_id,observed_statin_exposure,decision_status,predicted_statin_exposure,statin_probability,log_odds,feature_count_used,feature_count_expected,feature_coverage,features_used,abstention_reason
STG_001,SYN_TEST_GAMMA,0,scored,0,1.8851341418352109e-46,-105.28491529658078,6,6,1.000000,ldl_particle_signal;cholesteryl_ester_signal;mevalonate_pathway_proxy;apo_b_proxy;triglyceride_proxy;neutral_reference_signal,
STG_002,SYN_TEST_GAMMA,1,scored,1,1,82.655892257766808,6,6,1.000000,ldl_particle_signal;cholesteryl_ester_signal;mevalonate_pathway_proxy;apo_b_proxy;triglyceride_proxy;neutral_reference_signal,
STG_003,SYN_TEST_GAMMA,0,scored,0,1.1035711688243418e-70,-161.08240507122426,6,6,1.000000,ldl_particle_signal;cholesteryl_ester_signal;mevalonate_pathway_proxy;apo_b_proxy;triglyceride_proxy;neutral_reference_signal,
STG_004,SYN_TEST_GAMMA,1,scored,1,1,76.273409731346888,6,6,1.000000,ldl_particle_signal;cholesteryl_ester_signal;mevalonate_pathway_proxy;apo_b_proxy;triglyceride_proxy;neutral_reference_signal,
STG_005,SYN_TEST_GAMMA,0,scored,0,2.9421497514448631e-64,-146.2863054294962,6,6,1.000000,ldl_particle_signal;cholesteryl_ester_signal;mevalonate_pathway_proxy;apo_b_proxy;triglyceride_proxy;neutral_reference_signal,
STG_006,SYN_TEST_GAMMA,1,scored,1,1,82.588845304307895,6,6,1.000000,ldl_particle_signal;cholesteryl_ester_signal;mevalonate_pathway_proxy;apo_b_proxy;triglyceride_proxy;neutral_reference_signal,
STG_007,SYN_TEST_GAMMA,0,scored,0,1.7202386060417182e-62,-142.21781275998396,6,6,1.000000,ldl_particle_signal;cholesteryl_ester_signal;mevalonate_pathway_proxy;apo_b_proxy;triglyceride_proxy;neutral_reference_signal,
STG_008,SYN_TEST_GAMMA,1,scored,1,1,45.722994794363586,6,6,1.000000,ldl_particle_signal;cholesteryl_ester_signal;mevalonate_pathway_proxy;apo_b_proxy;triglyceride_proxy;neutral_reference_signal,
STG_009,SYN_TEST_GAMMA,0,scored,0,4.5862013526348293e-56,-127.42171311825599,6,6,1.000000,ldl_particle_signal;cholesteryl_ester_signal;mevalonate_pathway_proxy;apo_b_proxy;triglyceride_proxy;neutral_reference_signal,
STG_010,SYN_TEST_GAMMA,1,scored,1,1,70.970069632023765,6,6,1.000000,ldl_particle_signal;cholesteryl_ester_signal;mevalonate_pathway_proxy;apo_b_proxy;triglyceride_proxy;neutral_reference_signal,
STG_011,SYN_TEST_GAMMA,0,scored,0,1.6086833545033436e-62,-142.2848597134429,6,6,1.000000,ldl_particle_signal;cholesteryl_ester_signal;mevalonate_pathway_proxy;apo_b_proxy;triglyceride_proxy;neutral_reference_signal,
STG_012,SYN_TEST_GAMMA,1,scored,1,1,80.31361734114796,6,6,1.000000,ldl_particle_signal;cholesteryl_ester_signal;mevalonate_pathway_proxy;apo_b_proxy;triglyceride_proxy;neutral_reference_signal,
STG_013,SYN_TEST_GAMMA,0,scored,0,2.4750073392007998e-69,-157.97212805523924,6,6,1.000000,ldl_particle_signal;cholesteryl_ester_signal;mevalonate_pathway_proxy;apo_b_proxy;triglyceride_proxy;neutral_reference_signal,
STG_014,SYN_TEST_GAMMA,1,scored,1,1,79.383686747331808,6,6,1.000000,ldl_particle_signal;cholesteryl_ester_signal;mevalonate_pathway_proxy;apo_b_proxy;triglyceride_proxy;neutral_reference_signal,
STG_015,SYN_TEST_GAMMA,0,scored,0,1.447106209681779e-67,-153.90363538572706,6,6,1.000000,ldl_particle_signal;cholesteryl_ester_signal;mevalonate_pathway_proxy;apo_b_proxy;triglyceride_proxy;neutral_reference_signal,
STG_016,SYN_TEST_GAMMA,1,scored,1,1,85.699122320292872,6,6,1.000000,ldl_particle_signal;cholesteryl_ester_signal;mevalonate_pathway_proxy;apo_b_proxy;triglyceride_proxy;neutral_reference_signal,
STG_017,SYN_TEST_GAMMA,0,scored,0,3.858023202676669e-61,-139.10753574399905,6,6,1.000000,ldl_particle_signal;cholesteryl_ester_signal;mevalonate_pathway_proxy;apo_b_proxy;triglyceride_proxy;neutral_reference_signal,
STG_018,SYN_TEST_GAMMA,1,scored,1,1,79.316639793872909,6,6,1.000000,ldl_particle_signal;cholesteryl_ester_signal;mevalonate_pathway_proxy;apo_b_proxy;triglyceride_proxy;neutral_reference_signal,
STG_019,SYN_TEST_GAMMA,0,scored,0,1.3532632412373495e-67,-153.97068233918594,6,6,1.000000,ldl_particle_signal;cholesteryl_ester_signal;mevalonate_pathway_proxy;apo_b_proxy;triglyceride_proxy;neutral_reference_signal,
STG_020,SYN_TEST_GAMMA,1,scored,1,1,74.080346648008728,6,6,1.000000,ldl_particle_signal;cholesteryl_ester_signal;mevalonate_pathway_proxy;apo_b_proxy;triglyceride_proxy;neutral_reference_signal,
STG_021,SYN_TEST_GAMMA,0,scored,0,3.607835381461786e-61,-139.17458269745796,6,6,1.000000,ldl_particle_signal;cholesteryl_ester_signal;mevalonate_pathway_proxy;apo_b_proxy;triglyceride_proxy;neutral_reference_signal,
STG_022,SYN_TEST_GAMMA,1,scored,1,1,67.697864121588793,6,6,1.000000,ldl_particle_signal;cholesteryl_ester_signal;mevalonate_pathway_proxy;apo_b_proxy;triglyceride_proxy;neutral_reference_signal,
STG_023,SYN_TEST_GAMMA,0,scored,0,4.1219044937835237e-57,-129.83103498833376,6,6,1.000000,ldl_particle_signal;cholesteryl_ester_signal;mevalonate_pathway_proxy;apo_b_proxy;triglyceride_proxy;neutral_reference_signal,
STG_024,SYN_TEST_GAMMA,1,scored,1,1,74.013299694549787,6,6,1.000000,ldl_particle_signal;cholesteryl_ester_signal;mevalonate_pathway_proxy;apo_b_proxy;triglyceride_proxy;neutral_reference_signal,
